Order Date,Ship Date,Order ID,Sales Channel,Order Priority,Product ID,Product Category,Product Name,Unit Cost ($),Unit Price ($),Customer ID,Customer Name,Customer Segment,Country,Region,City,Quantity,Gross Sales ($),Discount %,Discount Amount ($),Net Sales ($),Total Cost ($),Gross Profit ($),Profit Margin %,Shipping Cost ($),Ship Mode,Delivery Status,Customer Rating
11-03-2025,18-03-2025,BE-10001,Distributor,Medium,PROD-COM-30,Computing,Titan Laptop,600.0,1299.0,CUST-202,Customer 202,Education,Australia,APAC,Sydney,8,10392.0,0.0%,0.00,10392.00,4800.00,5592.00,53.8%,19.43,Overnight,Delivered,5
17-02-2025,19-02-2025,BE-10002,In-Store,Medium,PROD-SMA-42,Smart Home,Omni Speaker,25.0,69.0,CUST-591,Customer 591,Consumer,Canada,NA,Toronto,11,759.0,0.0%,0.00,759.00,275.00,484.00,63.8%,23.54,Overnight,Delivered,5
25-05-2026,28-05-2026,BE-10003,Distributor,Low,PROD-AUD-60,Audio,Aero Headphones,80.0,199.0,CUST-662,Customer 662,Education,UK,EMEA,London,12,2388.0,5.0%,119.40,2268.60,960.00,1308.60,57.7%,37.87,Express,Delivered,5
30-03-2025,03-04-2025,BE-10004,In-Store,Medium,PROD-COM-90,Computing,Apex Desktop,750.0,1599.0,CUST-466,Customer 466,Corporate,Germany,EMEA,Berlin,6,9594.0,5.0%,479.70,9114.30,4500.00,4614.30,50.6%,15.33,Overnight,Delivered,4
26-09-2024,30-09-2024,BE-10005,Online,Medium,PROD-SMA-71,Smart Home,Omni Speaker,25.0,69.0,CUST-301,Customer 301,Corporate,India,APAC,Mumbai,8,552.0,0.0%,0.00,552.00,200.00,352.00,63.8%,22.74,Standard,Delivered,5
06-05-2026,13-05-2026,BE-10006,Distributor,High,PROD-AUD-20,Audio,Aero Headphones,80.0,199.0,CUST-164,Customer 164,Education,India,APAC,Mumbai,11,2189.0,0.0%,0.00,2189.00,880.00,1309.00,59.8%,33.83,Standard,Delayed,5
02-02-2024,03-02-2024,BE-10007,In-Store,High,PROD-WEA-53,Wearables,FitTrack Watch,50.0,149.0,CUST-879,Customer 879,Consumer,India,APAC,Mumbai,14,2086.0,10.0%,208.60,1877.40,700.00,1177.40,62.7%,58.31,Overnight,Delivered,4
25-07-2024,28-07-2024,BE-10008,Distributor,Low,PROD-MOB-86,Mobile,Alpha Lite,150.0,349.0,CUST-492,Customer 492,Education,USA,NA,New York,4,1396.0,15.0%,209.40,1186.60,600.00,586.60,49.4%,10.99,Standard,Delivered,3
08-06-2024,11-06-2024,BE-10009,In-Store,Medium,PROD-COM-37,Computing,Apex Desktop,750.0,1599.0,CUST-624,Customer 624,Corporate,USA,NA,New York,6,9594.0,0.0%,0.00,9594.00,4500.00,5094.00,53.1%,15.93,Express,Delayed,4
17-04-2025,20-04-2025,BE-10010,In-Store,Low,PROD-AUD-36,Audio,NeoBuds Pro,45.0,120.0,CUST-447,Customer 447,Consumer,Canada,NA,Toronto,7,840.0,0.0%,0.00,840.00,315.00,525.00,62.5%,25.22,Express,Delivered,3
25-10-2025,31-10-2025,BE-10011,Online,Medium,PROD-AUD-71,Audio,NeoBuds Pro,45.0,120.0,CUST-783,Customer 783,Corporate,Japan,APAC,Tokyo,3,360.0,0.0%,0.00,360.00,135.00,225.00,62.5%,8.56,Standard,Delivered,5
19-07-2025,20-07-2025,BE-10012,In-Store,Low,PROD-AUD-28,Audio,NeoBuds Pro,45.0,120.0,CUST-319,Customer 319,Corporate,Mexico,LATAM,Mexico City,7,840.0,5.0%,42.00,798.00,315.00,483.00,60.5%,29.99,Overnight,Delivered,5
02-06-2026,09-06-2026,BE-10013,Online,Low,PROD-COM-25,Computing,Pro Monitor 27,120.0,279.0,CUST-936,Customer 936,Education,UK,EMEA,London,3,837.0,5.0%,41.85,795.15,360.00,435.15,54.7%,12.10,Overnight,Delivered,5
13-05-2026,14-05-2026,BE-10014,Distributor,Critical,PROD-AUD-49,Audio,NeoBuds Pro,45.0,120.0,CUST-247,Customer 247,Consumer,India,APAC,Mumbai,9,1080.0,0.0%,0.00,1080.00,405.00,675.00,62.5%,32.62,Express,Delivered,5
15-09-2025,18-09-2025,BE-10015,Online,Low,PROD-SMA-11,Smart Home,Omni Speaker,25.0,69.0,CUST-445,Customer 445,Consumer,Canada,NA,Toronto,7,483.0,0.0%,0.00,483.00,175.00,308.00,63.8%,21.33,Overnight,Delayed,4
19-09-2025,20-09-2025,BE-10016,In-Store,Low,PROD-SMA-93,Smart Home,Beacon Camera,35.0,99.0,CUST-772,Customer 772,Corporate,Canada,NA,Toronto,9,891.0,0.0%,0.00,891.00,315.00,576.00,64.7%,22.34,Express,Delivered,4
09-06-2024,10-06-2024,BE-10017,Distributor,High,PROD-WEA-29,Wearables,Aura Smart Ring,70.0,199.0,CUST-780,Customer 780,Consumer,Mexico,LATAM,Mexico City,11,2189.0,0.0%,0.00,2189.00,770.00,1419.00,64.8%,30.75,Express,Delivered,5
13-03-2025,19-03-2025,BE-10018,In-Store,Medium,PROD-COM-30,Computing,Apex Desktop,750.0,1599.0,CUST-662,Customer 662,Education,Brazil,LATAM,Sao Paulo,5,7995.0,0.0%,0.00,7995.00,3750.00,4245.00,53.1%,17.49,Overnight,Delivered,1
07-08-2024,10-08-2024,BE-10019,Online,Medium,PROD-WEA-46,Wearables,Aura Smart Ring,70.0,199.0,CUST-271,Customer 271,Consumer,Australia,APAC,Sydney,12,2388.0,15.0%,358.20,2029.80,840.00,1189.80,58.6%,34.60,Standard,Delivered,4
07-05-2024,10-05-2024,BE-10020,In-Store,Critical,PROD-MOB-63,Mobile,Quantum Phone X,400.0,899.0,CUST-422,Customer 422,Corporate,Mexico,LATAM,Mexico City,6,5394.0,0.0%,0.00,5394.00,2400.00,2994.00,55.5%,16.57,Express,Delayed,5
21-03-2026,25-03-2026,BE-10021,Distributor,Medium,PROD-WEA-35,Wearables,Aura Smart Ring,70.0,199.0,CUST-492,Customer 492,Consumer,Mexico,LATAM,Mexico City,7,1393.0,5.0%,69.65,1323.35,490.00,833.35,63.0%,30.76,Standard,Delivered,4
01-06-2026,04-06-2026,BE-10022,Distributor,Medium,PROD-SMA-75,Smart Home,Beacon Camera,35.0,99.0,CUST-753,Customer 753,Education,USA,NA,Los Angeles,14,1386.0,0.0%,0.00,1386.00,490.00,896.00,64.7%,52.81,Express,Delivered,1
23-02-2024,26-02-2024,BE-10023,Online,Medium,PROD-WEA-17,Wearables,FitTrack Watch,50.0,149.0,CUST-882,Customer 882,Consumer,Japan,APAC,Tokyo,13,1937.0,0.0%,0.00,1937.00,650.00,1287.00,66.4%,42.04,Overnight,Delivered,5
04-01-2025,07-01-2025,BE-10024,Distributor,Medium,PROD-COM-72,Computing,Titan Laptop,600.0,1299.0,CUST-368,Customer 368,Education,UK,EMEA,London,10,12990.0,20.0%,2598.00,10392.00,6000.00,4392.00,42.3%,45.08,Standard,Delivered,2
27-05-2025,30-05-2025,BE-10025,Online,High,PROD-AUD-10,Audio,NeoBuds Pro,45.0,120.0,CUST-733,Customer 733,Education,USA,NA,Los Angeles,13,1560.0,0.0%,0.00,1560.00,585.00,975.00,62.5%,35.66,Overnight,Delivered,1
09-03-2024,10-03-2024,BE-10026,In-Store,High,PROD-SMA-85,Smart Home,Omni Speaker,25.0,69.0,CUST-319,Customer 319,Consumer,India,APAC,Mumbai,14,966.0,0.0%,0.00,966.00,350.00,616.00,63.8%,44.74,Express,Delayed,5
10-08-2024,11-08-2024,BE-10027,Online,Medium,PROD-COM-10,Computing,Apex Desktop,750.0,1599.0,CUST-279,Customer 279,Education,UK,EMEA,London,12,19188.0,5.0%,959.40,18228.60,9000.00,9228.60,50.6%,57.85,Express,Delivered,3
02-03-2025,08-03-2025,BE-10028,In-Store,Medium,PROD-COM-42,Computing,Titan Laptop,600.0,1299.0,CUST-790,Customer 790,Consumer,Canada,NA,Toronto,14,18186.0,0.0%,0.00,18186.00,8400.00,9786.00,53.8%,31.97,Overnight,Delivered,5
24-08-2025,27-08-2025,BE-10029,In-Store,Medium,PROD-COM-16,Computing,Titan Laptop,600.0,1299.0,CUST-704,Customer 704,Consumer,India,APAC,Mumbai,8,10392.0,10.0%,1039.20,9352.80,4800.00,4552.80,48.7%,35.28,Standard,Delivered,4
08-01-2026,15-01-2026,BE-10030,Distributor,Critical,PROD-SMA-33,Smart Home,Beacon Camera,35.0,99.0,CUST-291,Customer 291,Consumer,Brazil,LATAM,Sao Paulo,7,693.0,10.0%,69.30,623.70,245.00,378.70,60.7%,29.85,Standard,Delivered,4
29-05-2026,01-06-2026,BE-10031,Online,Low,PROD-WEA-28,Wearables,FitTrack Watch,50.0,149.0,CUST-695,Customer 695,Consumer,Canada,NA,Toronto,12,1788.0,0.0%,0.00,1788.00,600.00,1188.00,66.4%,58.44,Overnight,Returned,4
23-05-2024,26-05-2024,BE-10032,Distributor,Medium,PROD-COM-61,Computing,Titan Laptop,600.0,1299.0,CUST-466,Customer 466,Consumer,India,APAC,Mumbai,7,9093.0,0.0%,0.00,9093.00,4200.00,4893.00,53.8%,24.38,Overnight,Returned,2
02-08-2024,05-08-2024,BE-10033,Online,High,PROD-COM-85,Computing,Apex Desktop,750.0,1599.0,CUST-262,Customer 262,Consumer,USA,NA,Los Angeles,7,11193.0,0.0%,0.00,11193.00,5250.00,5943.00,53.1%,18.67,Standard,Delivered,5
29-01-2024,30-01-2024,BE-10034,In-Store,High,PROD-COM-74,Computing,Titan Laptop,600.0,1299.0,CUST-616,Customer 616,Education,India,APAC,Mumbai,13,16887.0,10.0%,1688.70,15198.30,7800.00,7398.30,48.7%,40.67,Overnight,Delivered,4
31-03-2024,02-04-2024,BE-10035,Online,Low,PROD-COM-76,Computing,Pro Monitor 27,120.0,279.0,CUST-266,Customer 266,Corporate,UK,EMEA,London,9,2511.0,10.0%,251.10,2259.90,1080.00,1179.90,52.2%,36.39,Express,Delivered,4
03-04-2026,06-04-2026,BE-10036,Online,Critical,PROD-WEA-67,Wearables,Aura Smart Ring,70.0,199.0,CUST-508,Customer 508,Consumer,India,APAC,Mumbai,6,1194.0,15.0%,179.10,1014.90,420.00,594.90,58.6%,28.54,Overnight,Delivered,2
20-08-2024,22-08-2024,BE-10037,In-Store,Medium,PROD-AUD-63,Audio,NeoBuds Pro,45.0,120.0,CUST-146,Customer 146,Education,Canada,NA,Toronto,12,1440.0,20.0%,288.00,1152.00,540.00,612.00,53.1%,26.08,Express,Delivered,5
01-05-2024,03-05-2024,BE-10038,In-Store,Medium,PROD-MOB-67,Mobile,Alpha Lite,150.0,349.0,CUST-107,Customer 107,Consumer,Canada,NA,Toronto,6,2094.0,0.0%,0.00,2094.00,900.00,1194.00,57.0%,17.04,Standard,Delivered,5
30-06-2025,05-07-2025,BE-10039,Distributor,Critical,PROD-MOB-78,Mobile,Quantum Phone X,400.0,899.0,CUST-657,Customer 657,Corporate,Mexico,LATAM,Mexico City,2,1798.0,5.0%,89.90,1708.10,800.00,908.10,53.2%,4.99,Standard,Delivered,4
25-06-2024,28-06-2024,BE-10040,In-Store,High,PROD-MOB-98,Mobile,Quantum Phone X,400.0,899.0,CUST-338,Customer 338,Consumer,USA,NA,New York,2,1798.0,0.0%,0.00,1798.00,800.00,998.00,55.5%,4.80,Standard,Delivered,5
12-05-2026,16-05-2026,BE-10041,Online,High,PROD-COM-32,Computing,Titan Laptop,600.0,1299.0,CUST-808,Customer 808,Corporate,France,EMEA,Paris,1,1299.0,0.0%,0.00,1299.00,600.00,699.00,53.8%,2.62,Standard,Returned,5
24-03-2025,28-03-2025,BE-10042,Distributor,Medium,PROD-MOB-81,Mobile,Alpha Lite,150.0,349.0,CUST-545,Customer 545,Corporate,Germany,EMEA,Berlin,3,1047.0,5.0%,52.35,994.65,450.00,544.65,54.8%,13.67,Express,Returned,2
04-04-2026,07-04-2026,BE-10043,In-Store,High,PROD-WEA-23,Wearables,FitTrack Watch,50.0,149.0,CUST-862,Customer 862,Education,Germany,EMEA,Berlin,6,894.0,5.0%,44.70,849.30,300.00,549.30,64.7%,23.46,Overnight,Delivered,5
05-09-2024,08-09-2024,BE-10044,Online,Critical,PROD-SMA-60,Smart Home,Beacon Camera,35.0,99.0,CUST-407,Customer 407,Corporate,Brazil,LATAM,Sao Paulo,10,990.0,10.0%,99.00,891.00,350.00,541.00,60.7%,21.99,Standard,Returned,4
05-05-2024,09-05-2024,BE-10045,Distributor,Medium,PROD-COM-32,Computing,Pro Monitor 27,120.0,279.0,CUST-304,Customer 304,Education,UK,EMEA,London,3,837.0,15.0%,125.55,711.45,360.00,351.45,49.4%,10.64,Express,Delivered,3
05-01-2024,08-01-2024,BE-10046,Online,Medium,PROD-MOB-31,Mobile,Quantum Phone X,400.0,899.0,CUST-888,Customer 888,Consumer,USA,NA,Los Angeles,14,12586.0,0.0%,0.00,12586.00,5600.00,6986.00,55.5%,49.14,Standard,Delivered,2
30-04-2024,04-05-2024,BE-10047,Online,Low,PROD-COM-57,Computing,Pro Monitor 27,120.0,279.0,CUST-146,Customer 146,Consumer,Brazil,LATAM,Sao Paulo,3,837.0,0.0%,0.00,837.00,360.00,477.00,57.0%,7.88,Overnight,Delayed,3
18-03-2024,21-03-2024,BE-10048,Distributor,Medium,PROD-WEA-23,Wearables,Aura Smart Ring,70.0,199.0,CUST-127,Customer 127,Education,Australia,APAC,Sydney,7,1393.0,5.0%,69.65,1323.35,490.00,833.35,63.0%,25.17,Standard,Delayed,4
15-01-2024,17-01-2024,BE-10049,Distributor,Medium,PROD-WEA-83,Wearables,Aura Smart Ring,70.0,199.0,CUST-982,Customer 982,Education,Germany,EMEA,Berlin,14,2786.0,0.0%,0.00,2786.00,980.00,1806.00,64.8%,65.40,Standard,Delivered,5
25-05-2024,26-05-2024,BE-10050,Online,Medium,PROD-MOB-17,Mobile,Quantum Phone X,400.0,899.0,CUST-208,Customer 208,Corporate,USA,NA,New York,6,5394.0,15.0%,809.10,4584.90,2400.00,2184.90,47.7%,22.94,Overnight,Delivered,5
11-01-2025,13-01-2025,BE-10051,Distributor,Medium,PROD-WEA-79,Wearables,Aura Smart Ring,70.0,199.0,CUST-840,Customer 840,Corporate,Japan,APAC,Tokyo,14,2786.0,10.0%,278.60,2507.40,980.00,1527.40,60.9%,30.34,Standard,Delivered,4
16-08-2024,23-08-2024,BE-10052,Distributor,High,PROD-MOB-84,Mobile,Alpha Lite,150.0,349.0,CUST-139,Customer 139,Consumer,Germany,EMEA,Berlin,3,1047.0,10.0%,104.70,942.30,450.00,492.30,52.2%,12.47,Overnight,Delivered,4
06-10-2025,08-10-2025,BE-10053,Online,High,PROD-SMA-93,Smart Home,Omni Speaker,25.0,69.0,CUST-399,Customer 399,Education,USA,NA,Los Angeles,14,966.0,0.0%,0.00,966.00,350.00,616.00,63.8%,52.41,Overnight,Delayed,4
03-11-2025,06-11-2025,BE-10054,In-Store,Critical,PROD-MOB-32,Mobile,Quantum Phone X,400.0,899.0,CUST-358,Customer 358,Consumer,Mexico,LATAM,Mexico City,4,3596.0,0.0%,0.00,3596.00,1600.00,1996.00,55.5%,16.18,Standard,Delivered,4
22-02-2025,25-02-2025,BE-10055,In-Store,Low,PROD-AUD-71,Audio,NeoBuds Pro,45.0,120.0,CUST-649,Customer 649,Education,USA,NA,Los Angeles,12,1440.0,0.0%,0.00,1440.00,540.00,900.00,62.5%,57.35,Express,Delivered,5
22-05-2026,26-05-2026,BE-10056,Online,Low,PROD-SMA-44,Smart Home,Beacon Camera,35.0,99.0,CUST-878,Customer 878,Education,Japan,APAC,Tokyo,10,990.0,15.0%,148.50,841.50,350.00,491.50,58.4%,29.49,Express,Delivered,5
07-09-2025,10-09-2025,BE-10057,Online,High,PROD-COM-47,Computing,Titan Laptop,600.0,1299.0,CUST-394,Customer 394,Education,USA,NA,New York,1,1299.0,15.0%,194.85,1104.15,600.00,504.15,45.7%,3.15,Express,Delivered,3
16-07-2024,22-07-2024,BE-10058,Distributor,High,PROD-COM-73,Computing,Apex Desktop,750.0,1599.0,CUST-138,Customer 138,Consumer,Mexico,LATAM,Mexico City,7,11193.0,5.0%,559.65,10633.35,5250.00,5383.35,50.6%,34.95,Standard,Delivered,3
10-09-2024,12-09-2024,BE-10059,Distributor,High,PROD-MOB-14,Mobile,Alpha Lite,150.0,349.0,CUST-388,Customer 388,Corporate,UK,EMEA,London,4,1396.0,0.0%,0.00,1396.00,600.00,796.00,57.0%,15.25,Overnight,Delivered,3
19-11-2024,23-11-2024,BE-10060,In-Store,Medium,PROD-MOB-45,Mobile,Quantum Phone X,400.0,899.0,CUST-146,Customer 146,Consumer,Brazil,LATAM,Sao Paulo,14,12586.0,15.0%,1887.90,10698.10,5600.00,5098.10,47.7%,52.50,Overnight,Delivered,5
05-08-2024,08-08-2024,BE-10061,Distributor,Critical,PROD-MOB-69,Mobile,Quantum Phone X,400.0,899.0,CUST-495,Customer 495,Consumer,Brazil,LATAM,Sao Paulo,8,7192.0,5.0%,359.60,6832.40,3200.00,3632.40,53.2%,34.51,Overnight,Delivered,4
06-04-2025,12-04-2025,BE-10062,In-Store,Medium,PROD-COM-10,Computing,Pro Monitor 27,120.0,279.0,CUST-128,Customer 128,Corporate,Germany,EMEA,Berlin,7,1953.0,15.0%,292.95,1660.05,840.00,820.05,49.4%,32.27,Overnight,Delivered,5
04-11-2024,07-11-2024,BE-10063,Online,Low,PROD-SMA-35,Smart Home,Omni Speaker,25.0,69.0,CUST-530,Customer 530,Consumer,France,EMEA,Paris,6,414.0,0.0%,0.00,414.00,150.00,264.00,63.8%,18.25,Express,Delayed,4
01-02-2026,03-02-2026,BE-10064,In-Store,Low,PROD-AUD-61,Audio,Aero Headphones,80.0,199.0,CUST-975,Customer 975,Consumer,USA,NA,New York,11,2189.0,5.0%,109.45,2079.55,880.00,1199.55,57.7%,22.43,Standard,Delivered,5
19-11-2025,22-11-2025,BE-10065,Online,Medium,PROD-SMA-70,Smart Home,Omni Speaker,25.0,69.0,CUST-460,Customer 460,Consumer,France,EMEA,Paris,3,207.0,0.0%,0.00,207.00,75.00,132.00,63.8%,14.08,Express,Delivered,1
23-05-2024,26-05-2024,BE-10066,Distributor,Medium,PROD-MOB-87,Mobile,Quantum Phone X,400.0,899.0,CUST-385,Customer 385,Corporate,UK,EMEA,London,2,1798.0,0.0%,0.00,1798.00,800.00,998.00,55.5%,8.59,Standard,Delivered,2
10-03-2026,12-03-2026,BE-10067,Online,Low,PROD-COM-43,Computing,Apex Desktop,750.0,1599.0,CUST-742,Customer 742,Corporate,India,APAC,Mumbai,8,12792.0,0.0%,0.00,12792.00,6000.00,6792.00,53.1%,21.33,Overnight,Delivered,1
30-01-2026,03-02-2026,BE-10068,In-Store,High,PROD-COM-17,Computing,Pro Monitor 27,120.0,279.0,CUST-153,Customer 153,Corporate,Mexico,LATAM,Mexico City,14,3906.0,10.0%,390.60,3515.40,1680.00,1835.40,52.2%,44.68,Standard,Delivered,4
07-01-2024,11-01-2024,BE-10069,Distributor,Low,PROD-AUD-94,Audio,Aero Headphones,80.0,199.0,CUST-922,Customer 922,Education,Brazil,LATAM,Sao Paulo,12,2388.0,10.0%,238.80,2149.20,960.00,1189.20,55.3%,56.78,Standard,Delivered,4
07-12-2025,10-12-2025,BE-10070,Online,Medium,PROD-SMA-14,Smart Home,Beacon Camera,35.0,99.0,CUST-485,Customer 485,Corporate,USA,NA,Los Angeles,5,495.0,0.0%,0.00,495.00,175.00,320.00,64.7%,24.23,Express,Delivered,3
23-09-2025,30-09-2025,BE-10071,In-Store,High,PROD-AUD-90,Audio,Wave Soundbar,110.0,299.0,CUST-257,Customer 257,Corporate,USA,NA,New York,7,2093.0,0.0%,0.00,2093.00,770.00,1323.00,63.2%,27.55,Express,Returned,4
01-09-2025,03-09-2025,BE-10072,Online,High,PROD-COM-27,Computing,Apex Desktop,750.0,1599.0,CUST-208,Customer 208,Consumer,Germany,EMEA,Berlin,1,1599.0,0.0%,0.00,1599.00,750.00,849.00,53.1%,3.49,Overnight,Delivered,3
04-04-2026,06-04-2026,BE-10073,Online,Medium,PROD-COM-21,Computing,Apex Desktop,750.0,1599.0,CUST-126,Customer 126,Education,UK,EMEA,London,1,1599.0,0.0%,0.00,1599.00,750.00,849.00,53.1%,3.15,Express,Delivered,4
28-12-2024,30-12-2024,BE-10074,Online,Medium,PROD-WEA-35,Wearables,Aura Smart Ring,70.0,199.0,CUST-921,Customer 921,Education,Mexico,LATAM,Mexico City,1,199.0,10.0%,19.90,179.10,70.00,109.10,60.9%,3.83,Express,Delivered,5
09-02-2025,13-02-2025,BE-10075,Distributor,Medium,PROD-AUD-45,Audio,Wave Soundbar,110.0,299.0,CUST-857,Customer 857,Education,Brazil,LATAM,Sao Paulo,1,299.0,0.0%,0.00,299.00,110.00,189.00,63.2%,3.79,Express,Delivered,4
13-12-2025,16-12-2025,BE-10076,Distributor,Medium,PROD-AUD-70,Audio,NeoBuds Pro,45.0,120.0,CUST-172,Customer 172,Consumer,Australia,APAC,Sydney,3,360.0,0.0%,0.00,360.00,135.00,225.00,62.5%,6.02,Overnight,Delivered,4
04-09-2025,05-09-2025,BE-10077,Online,Critical,PROD-COM-70,Computing,Titan Laptop,600.0,1299.0,CUST-374,Customer 374,Education,Canada,NA,Toronto,12,15588.0,5.0%,779.40,14808.60,7200.00,7608.60,51.4%,55.43,Overnight,Delivered,5
10-12-2025,17-12-2025,BE-10078,Distributor,Medium,PROD-MOB-21,Mobile,Quantum Phone X,400.0,899.0,CUST-473,Customer 473,Consumer,USA,NA,Los Angeles,10,8990.0,5.0%,449.50,8540.50,4000.00,4540.50,53.2%,49.98,Express,Delivered,5
30-11-2024,04-12-2024,BE-10079,In-Store,Medium,PROD-AUD-57,Audio,Aero Headphones,80.0,199.0,CUST-881,Customer 881,Consumer,France,EMEA,Paris,14,2786.0,0.0%,0.00,2786.00,1120.00,1666.00,59.8%,47.12,Overnight,Delivered,1
31-05-2024,02-06-2024,BE-10080,Online,Medium,PROD-SMA-12,Smart Home,Omni Speaker,25.0,69.0,CUST-258,Customer 258,Corporate,Australia,APAC,Sydney,12,828.0,5.0%,41.40,786.60,300.00,486.60,61.9%,52.94,Standard,Delivered,5
16-01-2024,19-01-2024,BE-10081,Distributor,Medium,PROD-SMA-75,Smart Home,Beacon Camera,35.0,99.0,CUST-260,Customer 260,Corporate,France,EMEA,Paris,7,693.0,0.0%,0.00,693.00,245.00,448.00,64.7%,22.06,Overnight,Delivered,1
21-04-2025,22-04-2025,BE-10082,Distributor,Medium,PROD-SMA-25,Smart Home,Omni Speaker,25.0,69.0,CUST-128,Customer 128,Corporate,Canada,NA,Toronto,7,483.0,5.0%,24.15,458.85,175.00,283.85,61.9%,29.38,Standard,Delivered,4
19-11-2024,23-11-2024,BE-10083,Online,Critical,PROD-WEA-57,Wearables,FitTrack Watch,50.0,149.0,CUST-769,Customer 769,Education,Canada,NA,Toronto,1,149.0,0.0%,0.00,149.00,50.00,99.00,66.4%,2.37,Overnight,Delayed,5
10-12-2025,17-12-2025,BE-10084,In-Store,Low,PROD-COM-86,Computing,Apex Desktop,750.0,1599.0,CUST-479,Customer 479,Education,Mexico,LATAM,Mexico City,13,20787.0,5.0%,1039.35,19747.65,9750.00,9997.65,50.6%,49.70,Standard,Delivered,1
05-08-2024,06-08-2024,BE-10085,Online,Low,PROD-MOB-15,Mobile,Quantum Phone X,400.0,899.0,CUST-924,Customer 924,Education,India,APAC,Mumbai,9,8091.0,15.0%,1213.65,6877.35,3600.00,3277.35,47.7%,44.86,Standard,Delivered,4
02-03-2024,09-03-2024,BE-10086,Online,Medium,PROD-COM-22,Computing,Pro Monitor 27,120.0,279.0,CUST-949,Customer 949,Consumer,Mexico,LATAM,Mexico City,5,1395.0,0.0%,0.00,1395.00,600.00,795.00,57.0%,23.16,Overnight,Delivered,4
07-01-2026,12-01-2026,BE-10087,Online,Medium,PROD-AUD-49,Audio,Aero Headphones,80.0,199.0,CUST-294,Customer 294,Education,France,EMEA,Paris,6,1194.0,0.0%,0.00,1194.00,480.00,714.00,59.8%,25.02,Express,Delivered,5
06-03-2026,07-03-2026,BE-10088,Online,Medium,PROD-AUD-49,Audio,Wave Soundbar,110.0,299.0,CUST-787,Customer 787,Consumer,Japan,APAC,Tokyo,3,897.0,0.0%,0.00,897.00,330.00,567.00,63.2%,12.10,Overnight,Delayed,5
26-05-2024,31-05-2024,BE-10089,Distributor,Low,PROD-SMA-68,Smart Home,Omni Speaker,25.0,69.0,CUST-315,Customer 315,Consumer,India,APAC,Mumbai,9,621.0,15.0%,93.15,527.85,225.00,302.85,57.4%,20.86,Overnight,Delivered,3
10-07-2025,15-07-2025,BE-10090,In-Store,Low,PROD-COM-32,Computing,Pro Monitor 27,120.0,279.0,CUST-846,Customer 846,Education,USA,NA,Los Angeles,7,1953.0,0.0%,0.00,1953.00,840.00,1113.00,57.0%,31.18,Express,Delivered,4
08-06-2025,12-06-2025,BE-10091,Distributor,Medium,PROD-AUD-26,Audio,NeoBuds Pro,45.0,120.0,CUST-323,Customer 323,Consumer,Japan,APAC,Tokyo,3,360.0,10.0%,36.00,324.00,135.00,189.00,58.3%,10.87,Express,Delivered,5
06-02-2024,08-02-2024,BE-10092,Distributor,Low,PROD-SMA-77,Smart Home,Beacon Camera,35.0,99.0,CUST-321,Customer 321,Corporate,USA,NA,Los Angeles,6,594.0,0.0%,0.00,594.00,210.00,384.00,64.7%,23.18,Overnight,Delayed,5
11-10-2024,14-10-2024,BE-10093,Online,Medium,PROD-COM-61,Computing,Pro Monitor 27,120.0,279.0,CUST-786,Customer 786,Consumer,India,APAC,Mumbai,6,1674.0,0.0%,0.00,1674.00,720.00,954.00,57.0%,26.74,Overnight,Delivered,4
07-01-2026,14-01-2026,BE-10094,Online,Low,PROD-AUD-22,Audio,Aero Headphones,80.0,199.0,CUST-529,Customer 529,Education,USA,NA,New York,11,2189.0,0.0%,0.00,2189.00,880.00,1309.00,59.8%,24.72,Express,Delivered,3
28-04-2026,05-05-2026,BE-10095,Distributor,Medium,PROD-SMA-30,Smart Home,Omni Speaker,25.0,69.0,CUST-806,Customer 806,Education,Mexico,LATAM,Mexico City,3,207.0,0.0%,0.00,207.00,75.00,132.00,63.8%,14.86,Standard,Delivered,5
11-06-2024,12-06-2024,BE-10096,Distributor,Critical,PROD-AUD-24,Audio,Wave Soundbar,110.0,299.0,CUST-261,Customer 261,Corporate,USA,NA,New York,13,3887.0,10.0%,388.70,3498.30,1430.00,2068.30,59.1%,56.07,Express,Delivered,1
23-11-2025,29-11-2025,BE-10097,In-Store,Medium,PROD-MOB-29,Mobile,Quantum Phone X,400.0,899.0,CUST-448,Customer 448,Corporate,France,EMEA,Paris,1,899.0,5.0%,44.95,854.05,400.00,454.05,53.2%,2.74,Standard,Delivered,4
26-12-2025,29-12-2025,BE-10098,Distributor,Critical,PROD-WEA-97,Wearables,Aura Smart Ring,70.0,199.0,CUST-930,Customer 930,Consumer,Brazil,LATAM,Sao Paulo,2,398.0,5.0%,19.90,378.10,140.00,238.10,63.0%,6.37,Overnight,Delivered,4
29-12-2025,03-01-2026,BE-10099,Distributor,Low,PROD-AUD-95,Audio,Aero Headphones,80.0,199.0,CUST-400,Customer 400,Consumer,Brazil,LATAM,Sao Paulo,14,2786.0,0.0%,0.00,2786.00,1120.00,1666.00,59.8%,48.95,Express,Delivered,4
14-05-2026,17-05-2026,BE-10100,In-Store,Low,PROD-AUD-86,Audio,NeoBuds Pro,45.0,120.0,CUST-341,Customer 341,Corporate,France,EMEA,Paris,2,240.0,20.0%,48.00,192.00,90.00,102.00,53.1%,5.21,Express,Delivered,3
03-03-2025,05-03-2025,BE-10101,Distributor,Low,PROD-COM-76,Computing,Titan Laptop,600.0,1299.0,CUST-986,Customer 986,Corporate,Canada,NA,Toronto,9,11691.0,10.0%,1169.10,10521.90,5400.00,5121.90,48.7%,41.52,Express,Delivered,5
07-09-2024,10-09-2024,BE-10102,In-Store,Medium,PROD-COM-67,Computing,Apex Desktop,750.0,1599.0,CUST-210,Customer 210,Education,India,APAC,Mumbai,12,19188.0,10.0%,1918.80,17269.20,9000.00,8269.20,47.9%,26.94,Express,Delivered,5
27-10-2024,31-10-2024,BE-10103,Online,High,PROD-COM-54,Computing,Pro Monitor 27,120.0,279.0,CUST-636,Customer 636,Education,Brazil,LATAM,Sao Paulo,12,3348.0,5.0%,167.40,3180.60,1440.00,1740.60,54.7%,49.89,Express,Delivered,4
04-10-2025,05-10-2025,BE-10104,Online,Medium,PROD-COM-70,Computing,Pro Monitor 27,120.0,279.0,CUST-158,Customer 158,Education,Canada,NA,Toronto,12,3348.0,0.0%,0.00,3348.00,1440.00,1908.00,57.0%,58.59,Express,Delivered,4
01-01-2026,04-01-2026,BE-10105,In-Store,High,PROD-SMA-33,Smart Home,Beacon Camera,35.0,99.0,CUST-615,Customer 615,Consumer,Mexico,LATAM,Mexico City,5,495.0,0.0%,0.00,495.00,175.00,320.00,64.7%,19.09,Overnight,Delayed,4
05-01-2025,07-01-2025,BE-10106,Online,Medium,PROD-WEA-12,Wearables,Aura Smart Ring,70.0,199.0,CUST-854,Customer 854,Consumer,India,APAC,Mumbai,3,597.0,10.0%,59.70,537.30,210.00,327.30,60.9%,9.65,Express,Delivered,3
02-01-2024,04-01-2024,BE-10107,In-Store,Low,PROD-WEA-50,Wearables,Aura Smart Ring,70.0,199.0,CUST-433,Customer 433,Consumer,Japan,APAC,Tokyo,8,1592.0,5.0%,79.60,1512.40,560.00,952.40,63.0%,31.90,Overnight,Delivered,4
06-03-2024,11-03-2024,BE-10108,Online,Medium,PROD-WEA-74,Wearables,FitTrack Watch,50.0,149.0,CUST-127,Customer 127,Education,Japan,APAC,Tokyo,3,447.0,0.0%,0.00,447.00,150.00,297.00,66.4%,8.98,Standard,Delivered,5
12-05-2024,14-05-2024,BE-10109,In-Store,Low,PROD-COM-66,Computing,Titan Laptop,600.0,1299.0,CUST-356,Customer 356,Consumer,India,APAC,Mumbai,5,6495.0,5.0%,324.75,6170.25,3000.00,3170.25,51.4%,21.73,Overnight,Delayed,3
29-11-2024,30-11-2024,BE-10110,Online,Medium,PROD-WEA-35,Wearables,Aura Smart Ring,70.0,199.0,CUST-981,Customer 981,Education,UK,EMEA,London,5,995.0,0.0%,0.00,995.00,350.00,645.00,64.8%,11.55,Overnight,Delivered,3
29-08-2024,05-09-2024,BE-10111,In-Store,Critical,PROD-COM-98,Computing,Apex Desktop,750.0,1599.0,CUST-792,Customer 792,Education,Australia,APAC,Sydney,11,17589.0,0.0%,0.00,17589.00,8250.00,9339.00,53.1%,44.01,Overnight,Delivered,4
15-01-2026,19-01-2026,BE-10112,Distributor,Medium,PROD-MOB-10,Mobile,Quantum Phone X,400.0,899.0,CUST-435,Customer 435,Corporate,Canada,NA,Toronto,6,5394.0,0.0%,0.00,5394.00,2400.00,2994.00,55.5%,23.91,Overnight,Delayed,5
24-05-2024,29-05-2024,BE-10113,Online,Medium,PROD-AUD-81,Audio,Aero Headphones,80.0,199.0,CUST-213,Customer 213,Consumer,Canada,NA,Toronto,14,2786.0,0.0%,0.00,2786.00,1120.00,1666.00,59.8%,55.35,Express,Delivered,3
28-07-2025,04-08-2025,BE-10114,Online,High,PROD-AUD-57,Audio,NeoBuds Pro,45.0,120.0,CUST-803,Customer 803,Consumer,India,APAC,Mumbai,11,1320.0,15.0%,198.00,1122.00,495.00,627.00,55.9%,35.34,Express,Delayed,4
16-08-2025,21-08-2025,BE-10115,Online,Low,PROD-COM-84,Computing,Titan Laptop,600.0,1299.0,CUST-581,Customer 581,Corporate,India,APAC,Mumbai,5,6495.0,0.0%,0.00,6495.00,3000.00,3495.00,53.8%,15.50,Overnight,Delivered,4
17-04-2025,20-04-2025,BE-10116,In-Store,Low,PROD-AUD-53,Audio,Aero Headphones,80.0,199.0,CUST-704,Customer 704,Education,Mexico,LATAM,Mexico City,14,2786.0,5.0%,139.30,2646.70,1120.00,1526.70,57.7%,47.47,Overnight,Delivered,5
29-03-2025,04-04-2025,BE-10117,Online,Medium,PROD-WEA-34,Wearables,Aura Smart Ring,70.0,199.0,CUST-549,Customer 549,Consumer,Australia,APAC,Sydney,11,2189.0,10.0%,218.90,1970.10,770.00,1200.10,60.9%,48.83,Express,Delivered,4
10-02-2025,13-02-2025,BE-10118,Online,Medium,PROD-WEA-24,Wearables,Aura Smart Ring,70.0,199.0,CUST-120,Customer 120,Education,India,APAC,Mumbai,13,2587.0,0.0%,0.00,2587.00,910.00,1677.00,64.8%,29.96,Standard,Delivered,4
22-06-2025,28-06-2025,BE-10119,In-Store,Medium,PROD-SMA-17,Smart Home,Omni Speaker,25.0,69.0,CUST-593,Customer 593,Corporate,UK,EMEA,London,13,897.0,0.0%,0.00,897.00,325.00,572.00,63.8%,30.75,Overnight,Delivered,5
07-06-2024,11-06-2024,BE-10120,In-Store,Critical,PROD-AUD-70,Audio,Wave Soundbar,110.0,299.0,CUST-138,Customer 138,Corporate,Japan,APAC,Tokyo,1,299.0,0.0%,0.00,299.00,110.00,189.00,63.2%,3.58,Overnight,Returned,5
03-10-2024,08-10-2024,BE-10121,Distributor,Medium,PROD-AUD-18,Audio,Wave Soundbar,110.0,299.0,CUST-217,Customer 217,Corporate,USA,NA,New York,10,2990.0,15.0%,448.50,2541.50,1100.00,1441.50,56.7%,30.60,Express,Delivered,4
14-06-2025,19-06-2025,BE-10122,Distributor,Medium,PROD-MOB-27,Mobile,Quantum Phone X,400.0,899.0,CUST-763,Customer 763,Consumer,Japan,APAC,Tokyo,5,4495.0,0.0%,0.00,4495.00,2000.00,2495.00,55.5%,21.05,Express,Delivered,4
07-03-2025,10-03-2025,BE-10123,Distributor,Medium,PROD-COM-41,Computing,Pro Monitor 27,120.0,279.0,CUST-761,Customer 761,Corporate,USA,NA,New York,9,2511.0,0.0%,0.00,2511.00,1080.00,1431.00,57.0%,44.67,Overnight,Delivered,5
08-01-2025,11-01-2025,BE-10124,Distributor,Medium,PROD-AUD-84,Audio,NeoBuds Pro,45.0,120.0,CUST-653,Customer 653,Corporate,Japan,APAC,Tokyo,6,720.0,5.0%,36.00,684.00,270.00,414.00,60.5%,16.93,Express,Delivered,5
17-06-2026,20-06-2026,BE-10125,Online,Medium,PROD-AUD-79,Audio,Aero Headphones,80.0,199.0,CUST-775,Customer 775,Consumer,USA,NA,Los Angeles,12,2388.0,10.0%,238.80,2149.20,960.00,1189.20,55.3%,32.41,Standard,Delivered,4
22-03-2026,25-03-2026,BE-10126,In-Store,Critical,PROD-COM-79,Computing,Apex Desktop,750.0,1599.0,CUST-166,Customer 166,Corporate,UK,EMEA,London,3,4797.0,10.0%,479.70,4317.30,2250.00,2067.30,47.9%,10.19,Express,Delivered,5
21-04-2025,25-04-2025,BE-10127,In-Store,Low,PROD-AUD-89,Audio,Aero Headphones,80.0,199.0,CUST-944,Customer 944,Consumer,India,APAC,Mumbai,12,2388.0,20.0%,477.60,1910.40,960.00,950.40,49.8%,41.10,Express,Delivered,4
21-09-2025,28-09-2025,BE-10128,Online,Low,PROD-SMA-39,Smart Home,Omni Speaker,25.0,69.0,CUST-203,Customer 203,Corporate,France,EMEA,Paris,1,69.0,5.0%,3.45,65.55,25.00,40.55,61.9%,3.52,Express,Delivered,3
23-04-2024,26-04-2024,BE-10129,Distributor,Medium,PROD-AUD-11,Audio,NeoBuds Pro,45.0,120.0,CUST-762,Customer 762,Consumer,Australia,APAC,Sydney,4,480.0,0.0%,0.00,480.00,180.00,300.00,62.5%,19.31,Express,Delivered,5
07-12-2024,10-12-2024,BE-10130,Distributor,Medium,PROD-SMA-21,Smart Home,Beacon Camera,35.0,99.0,CUST-242,Customer 242,Corporate,UK,EMEA,London,3,297.0,5.0%,14.85,282.15,105.00,177.15,62.8%,10.79,Express,Delivered,5
13-03-2024,16-03-2024,BE-10131,Distributor,Medium,PROD-COM-11,Computing,Apex Desktop,750.0,1599.0,CUST-625,Customer 625,Corporate,Mexico,LATAM,Mexico City,9,14391.0,5.0%,719.55,13671.45,6750.00,6921.45,50.6%,30.94,Standard,Delayed,4
01-12-2024,05-12-2024,BE-10132,Distributor,Medium,PROD-WEA-12,Wearables,Aura Smart Ring,70.0,199.0,CUST-209,Customer 209,Consumer,USA,NA,New York,2,398.0,0.0%,0.00,398.00,140.00,258.00,64.8%,4.15,Standard,Delivered,2
10-03-2026,12-03-2026,BE-10133,In-Store,High,PROD-SMA-40,Smart Home,Omni Speaker,25.0,69.0,CUST-111,Customer 111,Consumer,Brazil,LATAM,Sao Paulo,6,414.0,0.0%,0.00,414.00,150.00,264.00,63.8%,12.32,Express,Delivered,3
11-04-2025,13-04-2025,BE-10134,In-Store,Low,PROD-AUD-20,Audio,Wave Soundbar,110.0,299.0,CUST-616,Customer 616,Education,Canada,NA,Toronto,3,897.0,0.0%,0.00,897.00,330.00,567.00,63.2%,6.67,Express,Delivered,3
02-02-2026,06-02-2026,BE-10135,Online,Medium,PROD-SMA-49,Smart Home,Omni Speaker,25.0,69.0,CUST-499,Customer 499,Consumer,Mexico,LATAM,Mexico City,12,828.0,10.0%,82.80,745.20,300.00,445.20,59.7%,50.08,Standard,Delayed,4
02-06-2025,05-06-2025,BE-10136,Online,Low,PROD-WEA-95,Wearables,FitTrack Watch,50.0,149.0,CUST-582,Customer 582,Corporate,France,EMEA,Paris,5,745.0,0.0%,0.00,745.00,250.00,495.00,66.4%,13.90,Express,Delivered,3
13-01-2024,14-01-2024,BE-10137,Online,High,PROD-MOB-94,Mobile,Quantum Phone X,400.0,899.0,CUST-164,Customer 164,Consumer,Mexico,LATAM,Mexico City,1,899.0,0.0%,0.00,899.00,400.00,499.00,55.5%,3.64,Overnight,Delivered,4
04-03-2026,06-03-2026,BE-10138,Distributor,Medium,PROD-MOB-91,Mobile,Alpha Lite,150.0,349.0,CUST-728,Customer 728,Consumer,Germany,EMEA,Berlin,5,1745.0,20.0%,349.00,1396.00,750.00,646.00,46.3%,12.00,Standard,Delivered,5
25-07-2025,26-07-2025,BE-10139,Online,High,PROD-AUD-67,Audio,Wave Soundbar,110.0,299.0,CUST-229,Customer 229,Education,France,EMEA,Paris,6,1794.0,5.0%,89.70,1704.30,660.00,1044.30,61.3%,23.05,Overnight,Delivered,3
24-03-2025,27-03-2025,BE-10140,Distributor,Medium,PROD-WEA-96,Wearables,Aura Smart Ring,70.0,199.0,CUST-515,Customer 515,Education,Brazil,LATAM,Sao Paulo,8,1592.0,0.0%,0.00,1592.00,560.00,1032.00,64.8%,28.21,Express,Delivered,5
02-02-2025,08-02-2025,BE-10141,Online,Medium,PROD-COM-67,Computing,Pro Monitor 27,120.0,279.0,CUST-535,Customer 535,Corporate,Mexico,LATAM,Mexico City,10,2790.0,0.0%,0.00,2790.00,1200.00,1590.00,57.0%,22.47,Standard,Delivered,5
07-04-2025,09-04-2025,BE-10142,In-Store,Low,PROD-AUD-77,Audio,Wave Soundbar,110.0,299.0,CUST-428,Customer 428,Consumer,France,EMEA,Paris,14,4186.0,15.0%,627.90,3558.10,1540.00,2018.10,56.7%,41.53,Overnight,Returned,5
08-06-2024,12-06-2024,BE-10143,In-Store,Medium,PROD-SMA-20,Smart Home,Beacon Camera,35.0,99.0,CUST-792,Customer 792,Corporate,India,APAC,Mumbai,9,891.0,0.0%,0.00,891.00,315.00,576.00,64.7%,32.85,Express,Delivered,5
25-12-2025,29-12-2025,BE-10144,Distributor,Medium,PROD-COM-30,Computing,Apex Desktop,750.0,1599.0,CUST-513,Customer 513,Corporate,Australia,APAC,Sydney,1,1599.0,0.0%,0.00,1599.00,750.00,849.00,53.1%,3.63,Standard,Delivered,4
25-12-2024,28-12-2024,BE-10145,In-Store,High,PROD-SMA-84,Smart Home,Beacon Camera,35.0,99.0,CUST-401,Customer 401,Consumer,UK,EMEA,London,13,1287.0,0.0%,0.00,1287.00,455.00,832.00,64.7%,31.14,Overnight,Delivered,5
10-02-2025,15-02-2025,BE-10146,Online,Medium,PROD-WEA-52,Wearables,Aura Smart Ring,70.0,199.0,CUST-562,Customer 562,Education,Japan,APAC,Tokyo,3,597.0,0.0%,0.00,597.00,210.00,387.00,64.8%,6.84,Overnight,Delayed,4
27-12-2024,30-12-2024,BE-10147,Online,Medium,PROD-AUD-12,Audio,NeoBuds Pro,45.0,120.0,CUST-235,Customer 235,Education,Mexico,LATAM,Mexico City,10,1200.0,5.0%,60.00,1140.00,450.00,690.00,60.5%,29.33,Standard,Delivered,5
21-04-2024,25-04-2024,BE-10148,In-Store,High,PROD-SMA-95,Smart Home,Beacon Camera,35.0,99.0,CUST-165,Customer 165,Corporate,Brazil,LATAM,Sao Paulo,14,1386.0,0.0%,0.00,1386.00,490.00,896.00,64.7%,68.24,Standard,Delivered,5
10-03-2024,15-03-2024,BE-10149,Distributor,Medium,PROD-WEA-13,Wearables,Aura Smart Ring,70.0,199.0,CUST-834,Customer 834,Corporate,Mexico,LATAM,Mexico City,3,597.0,0.0%,0.00,597.00,210.00,387.00,64.8%,11.97,Express,Delivered,1
10-02-2026,12-02-2026,BE-10150,Distributor,High,PROD-WEA-26,Wearables,Aura Smart Ring,70.0,199.0,CUST-137,Customer 137,Consumer,France,EMEA,Paris,8,1592.0,0.0%,0.00,1592.00,560.00,1032.00,64.8%,21.41,Express,Delivered,4
06-07-2024,11-07-2024,BE-10151,In-Store,Medium,PROD-AUD-92,Audio,Aero Headphones,80.0,199.0,CUST-258,Customer 258,Corporate,Germany,EMEA,Berlin,5,995.0,10.0%,99.50,895.50,400.00,495.50,55.3%,17.76,Standard,Delivered,4
25-04-2025,26-04-2025,BE-10152,Distributor,High,PROD-SMA-56,Smart Home,Omni Speaker,25.0,69.0,CUST-282,Customer 282,Corporate,USA,NA,New York,1,69.0,5.0%,3.45,65.55,25.00,40.55,61.9%,3.49,Overnight,Delivered,4
03-05-2024,06-05-2024,BE-10153,Online,Low,PROD-AUD-25,Audio,Wave Soundbar,110.0,299.0,CUST-177,Customer 177,Consumer,Germany,EMEA,Berlin,3,897.0,0.0%,0.00,897.00,330.00,567.00,63.2%,6.22,Express,Delivered,5
16-07-2025,22-07-2025,BE-10154,In-Store,High,PROD-MOB-55,Mobile,Quantum Phone X,400.0,899.0,CUST-976,Customer 976,Consumer,Brazil,LATAM,Sao Paulo,4,3596.0,10.0%,359.60,3236.40,1600.00,1636.40,50.6%,13.50,Standard,Delivered,5
12-01-2026,18-01-2026,BE-10155,Online,Low,PROD-COM-33,Computing,Titan Laptop,600.0,1299.0,CUST-737,Customer 737,Consumer,Germany,EMEA,Berlin,12,15588.0,0.0%,0.00,15588.00,7200.00,8388.00,53.8%,38.36,Standard,Returned,2
09-09-2025,11-09-2025,BE-10156,Distributor,Critical,PROD-SMA-44,Smart Home,Omni Speaker,25.0,69.0,CUST-975,Customer 975,Corporate,Mexico,LATAM,Mexico City,6,414.0,0.0%,0.00,414.00,150.00,264.00,63.8%,27.21,Express,Delivered,4
10-09-2025,11-09-2025,BE-10157,Online,Medium,PROD-MOB-66,Mobile,Quantum Phone X,400.0,899.0,CUST-795,Customer 795,Consumer,Australia,APAC,Sydney,6,5394.0,15.0%,809.10,4584.90,2400.00,2184.90,47.7%,12.39,Overnight,Returned,4
01-03-2025,06-03-2025,BE-10158,Online,Medium,PROD-AUD-67,Audio,NeoBuds Pro,45.0,120.0,CUST-298,Customer 298,Education,Japan,APAC,Tokyo,5,600.0,5.0%,30.00,570.00,225.00,345.00,60.5%,16.96,Standard,Delayed,5
28-02-2025,01-03-2025,BE-10159,In-Store,Medium,PROD-WEA-80,Wearables,Aura Smart Ring,70.0,199.0,CUST-544,Customer 544,Consumer,Brazil,LATAM,Sao Paulo,13,2587.0,15.0%,388.05,2198.95,910.00,1288.95,58.6%,54.19,Standard,Delivered,4
08-05-2025,11-05-2025,BE-10160,Online,Critical,PROD-AUD-94,Audio,Wave Soundbar,110.0,299.0,CUST-709,Customer 709,Consumer,Germany,EMEA,Berlin,2,598.0,15.0%,89.70,508.30,220.00,288.30,56.7%,6.76,Overnight,Delivered,2
24-07-2025,27-07-2025,BE-10161,Distributor,High,PROD-COM-58,Computing,Pro Monitor 27,120.0,279.0,CUST-393,Customer 393,Corporate,Japan,APAC,Tokyo,4,1116.0,5.0%,55.80,1060.20,480.00,580.20,54.7%,10.46,Standard,Delivered,3
15-01-2025,18-01-2025,BE-10162,Online,Low,PROD-MOB-35,Mobile,Alpha Lite,150.0,349.0,CUST-881,Customer 881,Consumer,Mexico,LATAM,Mexico City,3,1047.0,15.0%,157.05,889.95,450.00,439.95,49.4%,10.85,Overnight,Delivered,5
13-01-2025,16-01-2025,BE-10163,Distributor,Medium,PROD-COM-60,Computing,Titan Laptop,600.0,1299.0,CUST-700,Customer 700,Corporate,Mexico,LATAM,Mexico City,12,15588.0,10.0%,1558.80,14029.20,7200.00,6829.20,48.7%,44.79,Standard,Delivered,5
13-04-2024,16-04-2024,BE-10164,In-Store,Medium,PROD-SMA-79,Smart Home,Beacon Camera,35.0,99.0,CUST-337,Customer 337,Education,Canada,NA,Toronto,11,1089.0,0.0%,0.00,1089.00,385.00,704.00,64.7%,54.46,Standard,Delivered,1
04-09-2025,08-09-2025,BE-10165,In-Store,Medium,PROD-COM-13,Computing,Titan Laptop,600.0,1299.0,CUST-619,Customer 619,Corporate,India,APAC,Mumbai,12,15588.0,10.0%,1558.80,14029.20,7200.00,6829.20,48.7%,35.51,Standard,Delivered,5
31-10-2025,04-11-2025,BE-10166,Distributor,Low,PROD-SMA-68,Smart Home,Beacon Camera,35.0,99.0,CUST-632,Customer 632,Consumer,Canada,NA,Toronto,1,99.0,0.0%,0.00,99.00,35.00,64.00,64.7%,4.47,Express,Delivered,5
20-04-2025,25-04-2025,BE-10167,In-Store,High,PROD-SMA-59,Smart Home,Beacon Camera,35.0,99.0,CUST-800,Customer 800,Consumer,Japan,APAC,Tokyo,12,1188.0,0.0%,0.00,1188.00,420.00,768.00,64.7%,36.88,Express,Delivered,5
03-10-2024,05-10-2024,BE-10168,Online,Medium,PROD-MOB-42,Mobile,Alpha Lite,150.0,349.0,CUST-897,Customer 897,Corporate,Canada,NA,Toronto,2,698.0,10.0%,69.80,628.20,300.00,328.20,52.2%,7.91,Express,Delivered,5
21-02-2026,23-02-2026,BE-10169,In-Store,Medium,PROD-AUD-25,Audio,NeoBuds Pro,45.0,120.0,CUST-961,Customer 961,Education,Japan,APAC,Tokyo,9,1080.0,5.0%,54.00,1026.00,405.00,621.00,60.5%,44.78,Overnight,Delivered,5
17-03-2025,20-03-2025,BE-10170,Online,Medium,PROD-WEA-66,Wearables,FitTrack Watch,50.0,149.0,CUST-615,Customer 615,Corporate,Mexico,LATAM,Mexico City,1,149.0,10.0%,14.90,134.10,50.00,84.10,62.7%,4.37,Standard,Delayed,5
07-09-2024,08-09-2024,BE-10171,In-Store,Medium,PROD-COM-55,Computing,Pro Monitor 27,120.0,279.0,CUST-745,Customer 745,Consumer,Mexico,LATAM,Mexico City,3,837.0,0.0%,0.00,837.00,360.00,477.00,57.0%,13.22,Overnight,Delivered,1
26-09-2024,02-10-2024,BE-10172,Distributor,High,PROD-AUD-60,Audio,Aero Headphones,80.0,199.0,CUST-955,Customer 955,Consumer,Mexico,LATAM,Mexico City,13,2587.0,20.0%,517.40,2069.60,1040.00,1029.60,49.8%,54.34,Overnight,Delivered,4
01-02-2025,03-02-2025,BE-10173,Online,Medium,PROD-WEA-45,Wearables,FitTrack Watch,50.0,149.0,CUST-886,Customer 886,Consumer,Mexico,LATAM,Mexico City,9,1341.0,10.0%,134.10,1206.90,450.00,756.90,62.7%,20.00,Standard,Delivered,5
08-03-2024,13-03-2024,BE-10174,Online,Critical,PROD-MOB-95,Mobile,Quantum Phone X,400.0,899.0,CUST-807,Customer 807,Education,India,APAC,Mumbai,14,12586.0,10.0%,1258.60,11327.40,5600.00,5727.40,50.6%,29.46,Overnight,Delivered,5
05-02-2026,09-02-2026,BE-10175,Online,High,PROD-SMA-76,Smart Home,Omni Speaker,25.0,69.0,CUST-568,Customer 568,Consumer,USA,NA,New York,4,276.0,15.0%,41.40,234.60,100.00,134.60,57.4%,8.78,Standard,Delivered,5
27-11-2024,03-12-2024,BE-10176,Online,Low,PROD-AUD-35,Audio,Aero Headphones,80.0,199.0,CUST-523,Customer 523,Consumer,Japan,APAC,Tokyo,4,796.0,10.0%,79.60,716.40,320.00,396.40,55.3%,15.68,Overnight,Delivered,3
16-03-2024,19-03-2024,BE-10177,In-Store,Medium,PROD-SMA-97,Smart Home,Beacon Camera,35.0,99.0,CUST-505,Customer 505,Consumer,Canada,NA,Toronto,6,594.0,0.0%,0.00,594.00,210.00,384.00,64.7%,16.58,Standard,Delivered,5
09-10-2025,11-10-2025,BE-10178,Online,Medium,PROD-MOB-66,Mobile,Quantum Phone X,400.0,899.0,CUST-382,Customer 382,Education,Mexico,LATAM,Mexico City,3,2697.0,0.0%,0.00,2697.00,1200.00,1497.00,55.5%,10.27,Standard,Delivered,1
30-05-2026,01-06-2026,BE-10179,Online,Medium,PROD-COM-48,Computing,Titan Laptop,600.0,1299.0,CUST-401,Customer 401,Corporate,France,EMEA,Paris,6,7794.0,15.0%,1169.10,6624.90,3600.00,3024.90,45.7%,19.15,Standard,Delivered,5
29-03-2026,03-04-2026,BE-10180,Distributor,Low,PROD-AUD-22,Audio,Aero Headphones,80.0,199.0,CUST-888,Customer 888,Education,Canada,NA,Toronto,14,2786.0,0.0%,0.00,2786.00,1120.00,1666.00,59.8%,44.37,Overnight,Delivered,5
24-09-2024,28-09-2024,BE-10181,Online,Medium,PROD-AUD-78,Audio,NeoBuds Pro,45.0,120.0,CUST-208,Customer 208,Education,UK,EMEA,London,7,840.0,0.0%,0.00,840.00,315.00,525.00,62.5%,32.30,Express,Delivered,4
23-02-2025,26-02-2025,BE-10182,Online,Low,PROD-COM-37,Computing,Pro Monitor 27,120.0,279.0,CUST-738,Customer 738,Corporate,Australia,APAC,Sydney,9,2511.0,15.0%,376.65,2134.35,1080.00,1054.35,49.4%,36.05,Standard,Delivered,5
28-07-2024,30-07-2024,BE-10183,Distributor,High,PROD-AUD-48,Audio,NeoBuds Pro,45.0,120.0,CUST-365,Customer 365,Education,USA,NA,Los Angeles,13,1560.0,0.0%,0.00,1560.00,585.00,975.00,62.5%,46.82,Express,Delivered,4
22-08-2024,25-08-2024,BE-10184,In-Store,Medium,PROD-WEA-94,Wearables,FitTrack Watch,50.0,149.0,CUST-518,Customer 518,Education,Canada,NA,Toronto,8,1192.0,5.0%,59.60,1132.40,400.00,732.40,64.7%,36.29,Express,Delayed,4
09-01-2025,12-01-2025,BE-10185,In-Store,Medium,PROD-MOB-69,Mobile,Alpha Lite,150.0,349.0,CUST-528,Customer 528,Education,Mexico,LATAM,Mexico City,9,3141.0,0.0%,0.00,3141.00,1350.00,1791.00,57.0%,26.61,Express,Delivered,1
09-11-2025,12-11-2025,BE-10186,Online,High,PROD-SMA-16,Smart Home,Omni Speaker,25.0,69.0,CUST-479,Customer 479,Consumer,Australia,APAC,Sydney,13,897.0,5.0%,44.85,852.15,325.00,527.15,61.9%,40.78,Overnight,Delivered,2
29-01-2025,01-02-2025,BE-10187,In-Store,Medium,PROD-WEA-43,Wearables,Aura Smart Ring,70.0,199.0,CUST-225,Customer 225,Consumer,USA,NA,Los Angeles,5,995.0,0.0%,0.00,995.00,350.00,645.00,64.8%,24.66,Overnight,Returned,4
05-03-2025,06-03-2025,BE-10188,In-Store,Medium,PROD-COM-60,Computing,Apex Desktop,750.0,1599.0,CUST-254,Customer 254,Consumer,India,APAC,Mumbai,14,22386.0,0.0%,0.00,22386.00,10500.00,11886.00,53.1%,63.09,Standard,Returned,4
07-10-2025,11-10-2025,BE-10189,Online,Medium,PROD-SMA-38,Smart Home,Omni Speaker,25.0,69.0,CUST-186,Customer 186,Corporate,Brazil,LATAM,Sao Paulo,13,897.0,20.0%,179.40,717.60,325.00,392.60,54.7%,56.17,Standard,Delivered,4
30-12-2024,03-01-2025,BE-10190,Distributor,Medium,PROD-COM-60,Computing,Pro Monitor 27,120.0,279.0,CUST-773,Customer 773,Consumer,Japan,APAC,Tokyo,1,279.0,5.0%,13.95,265.05,120.00,145.05,54.7%,4.03,Standard,Returned,4
19-01-2025,22-01-2025,BE-10191,Distributor,High,PROD-WEA-22,Wearables,FitTrack Watch,50.0,149.0,CUST-598,Customer 598,Education,USA,NA,New York,3,447.0,15.0%,67.05,379.95,150.00,229.95,60.5%,11.61,Standard,Delivered,4
03-06-2025,04-06-2025,BE-10192,In-Store,Medium,PROD-AUD-45,Audio,NeoBuds Pro,45.0,120.0,CUST-952,Customer 952,Education,USA,NA,Los Angeles,11,1320.0,0.0%,0.00,1320.00,495.00,825.00,62.5%,37.13,Express,Delivered,5
31-05-2025,04-06-2025,BE-10193,In-Store,Critical,PROD-SMA-55,Smart Home,Omni Speaker,25.0,69.0,CUST-575,Customer 575,Consumer,Australia,APAC,Sydney,10,690.0,20.0%,138.00,552.00,250.00,302.00,54.7%,34.50,Express,Delivered,4
09-08-2025,11-08-2025,BE-10194,Online,Medium,PROD-COM-73,Computing,Pro Monitor 27,120.0,279.0,CUST-201,Customer 201,Consumer,India,APAC,Mumbai,14,3906.0,0.0%,0.00,3906.00,1680.00,2226.00,57.0%,46.63,Overnight,Delivered,4
11-06-2024,13-06-2024,BE-10195,Online,High,PROD-AUD-90,Audio,NeoBuds Pro,45.0,120.0,CUST-464,Customer 464,Education,Japan,APAC,Tokyo,3,360.0,0.0%,0.00,360.00,135.00,225.00,62.5%,10.59,Express,Delivered,5
24-04-2025,30-04-2025,BE-10196,In-Store,Low,PROD-COM-63,Computing,Pro Monitor 27,120.0,279.0,CUST-213,Customer 213,Corporate,USA,NA,Los Angeles,9,2511.0,0.0%,0.00,2511.00,1080.00,1431.00,57.0%,23.69,Standard,Delivered,5
20-09-2024,27-09-2024,BE-10197,Online,Medium,PROD-COM-45,Computing,Titan Laptop,600.0,1299.0,CUST-469,Customer 469,Education,USA,NA,New York,8,10392.0,15.0%,1558.80,8833.20,4800.00,4033.20,45.7%,35.73,Standard,Delivered,5
03-12-2025,04-12-2025,BE-10198,In-Store,Medium,PROD-AUD-55,Audio,Wave Soundbar,110.0,299.0,CUST-293,Customer 293,Corporate,Japan,APAC,Tokyo,11,3289.0,0.0%,0.00,3289.00,1210.00,2079.00,63.2%,25.66,Standard,Delayed,2
23-03-2024,26-03-2024,BE-10199,Distributor,High,PROD-MOB-26,Mobile,Alpha Lite,150.0,349.0,CUST-672,Customer 672,Corporate,Mexico,LATAM,Mexico City,2,698.0,10.0%,69.80,628.20,300.00,328.20,52.2%,8.00,Overnight,Delivered,4
23-09-2025,26-09-2025,BE-10200,Distributor,Medium,PROD-COM-62,Computing,Apex Desktop,750.0,1599.0,CUST-314,Customer 314,Consumer,UK,EMEA,London,13,20787.0,5.0%,1039.35,19747.65,9750.00,9997.65,50.6%,39.95,Standard,Delivered,3
23-01-2024,28-01-2024,BE-10201,In-Store,Low,PROD-MOB-81,Mobile,Alpha Lite,150.0,349.0,CUST-282,Customer 282,Corporate,Germany,EMEA,Berlin,12,4188.0,0.0%,0.00,4188.00,1800.00,2388.00,57.0%,34.91,Overnight,Delivered,4
28-02-2024,03-03-2024,BE-10202,In-Store,High,PROD-MOB-40,Mobile,Alpha Lite,150.0,349.0,CUST-304,Customer 304,Corporate,Australia,APAC,Sydney,9,3141.0,10.0%,314.10,2826.90,1350.00,1476.90,52.2%,26.57,Overnight,Delivered,5
05-04-2024,08-04-2024,BE-10203,In-Store,Medium,PROD-AUD-97,Audio,Aero Headphones,80.0,199.0,CUST-885,Customer 885,Corporate,USA,NA,New York,13,2587.0,15.0%,388.05,2198.95,1040.00,1158.95,52.7%,58.24,Overnight,Delivered,5
27-03-2025,31-03-2025,BE-10204,Online,Medium,PROD-COM-92,Computing,Titan Laptop,600.0,1299.0,CUST-527,Customer 527,Education,USA,NA,New York,10,12990.0,0.0%,0.00,12990.00,6000.00,6990.00,53.8%,36.94,Overnight,Delivered,5
23-01-2024,25-01-2024,BE-10205,Distributor,Critical,PROD-COM-42,Computing,Titan Laptop,600.0,1299.0,CUST-274,Customer 274,Education,USA,NA,Los Angeles,9,11691.0,0.0%,0.00,11691.00,5400.00,6291.00,53.8%,39.11,Standard,Delivered,4
20-05-2026,23-05-2026,BE-10206,In-Store,Medium,PROD-AUD-56,Audio,Aero Headphones,80.0,199.0,CUST-403,Customer 403,Education,Brazil,LATAM,Sao Paulo,12,2388.0,15.0%,358.20,2029.80,960.00,1069.80,52.7%,30.70,Standard,Delivered,5
10-10-2025,14-10-2025,BE-10207,In-Store,Medium,PROD-COM-65,Computing,Apex Desktop,750.0,1599.0,CUST-627,Customer 627,Consumer,India,APAC,Mumbai,13,20787.0,0.0%,0.00,20787.00,9750.00,11037.00,53.1%,31.33,Overnight,Delivered,5
28-05-2024,01-06-2024,BE-10208,Online,High,PROD-AUD-22,Audio,NeoBuds Pro,45.0,120.0,CUST-425,Customer 425,Corporate,UK,EMEA,London,12,1440.0,0.0%,0.00,1440.00,540.00,900.00,62.5%,48.77,Standard,Delivered,4
17-05-2026,23-05-2026,BE-10209,Distributor,Medium,PROD-COM-12,Computing,Titan Laptop,600.0,1299.0,CUST-948,Customer 948,Corporate,Mexico,LATAM,Mexico City,13,16887.0,0.0%,0.00,16887.00,7800.00,9087.00,53.8%,63.58,Express,Delivered,4
22-02-2026,26-02-2026,BE-10210,Distributor,Medium,PROD-SMA-85,Smart Home,Beacon Camera,35.0,99.0,CUST-255,Customer 255,Corporate,Australia,APAC,Sydney,14,1386.0,0.0%,0.00,1386.00,490.00,896.00,64.7%,35.63,Overnight,Delivered,4
24-02-2024,27-02-2024,BE-10211,Distributor,Medium,PROD-SMA-21,Smart Home,Omni Speaker,25.0,69.0,CUST-132,Customer 132,Consumer,Australia,APAC,Sydney,3,207.0,0.0%,0.00,207.00,75.00,132.00,63.8%,14.09,Standard,Delivered,4
01-08-2024,03-08-2024,BE-10212,In-Store,Medium,PROD-COM-38,Computing,Titan Laptop,600.0,1299.0,CUST-144,Customer 144,Consumer,Australia,APAC,Sydney,12,15588.0,0.0%,0.00,15588.00,7200.00,8388.00,53.8%,58.48,Standard,Delivered,4
26-11-2024,03-12-2024,BE-10213,Distributor,High,PROD-SMA-26,Smart Home,Beacon Camera,35.0,99.0,CUST-533,Customer 533,Education,UK,EMEA,London,10,990.0,10.0%,99.00,891.00,350.00,541.00,60.7%,29.45,Overnight,Delivered,5
08-03-2024,11-03-2024,BE-10214,Online,Critical,PROD-SMA-74,Smart Home,Omni Speaker,25.0,69.0,CUST-459,Customer 459,Corporate,Mexico,LATAM,Mexico City,12,828.0,5.0%,41.40,786.60,300.00,486.60,61.9%,26.18,Express,Delivered,3
18-08-2025,22-08-2025,BE-10215,In-Store,Medium,PROD-COM-42,Computing,Apex Desktop,750.0,1599.0,CUST-104,Customer 104,Corporate,India,APAC,Mumbai,10,15990.0,5.0%,799.50,15190.50,7500.00,7690.50,50.6%,22.29,Express,Delayed,5
14-12-2025,16-12-2025,BE-10216,Online,Medium,PROD-COM-15,Computing,Apex Desktop,750.0,1599.0,CUST-689,Customer 689,Consumer,India,APAC,Mumbai,1,1599.0,20.0%,319.80,1279.20,750.00,529.20,41.4%,4.38,Overnight,Delivered,5
28-09-2024,02-10-2024,BE-10217,Distributor,Critical,PROD-SMA-65,Smart Home,Beacon Camera,35.0,99.0,CUST-780,Customer 780,Consumer,Brazil,LATAM,Sao Paulo,5,495.0,0.0%,0.00,495.00,175.00,320.00,64.7%,18.90,Overnight,Delivered,1
16-09-2024,21-09-2024,BE-10218,Distributor,Medium,PROD-WEA-26,Wearables,FitTrack Watch,50.0,149.0,CUST-489,Customer 489,Corporate,France,EMEA,Paris,8,1192.0,0.0%,0.00,1192.00,400.00,792.00,66.4%,27.45,Overnight,Delivered,4
05-07-2024,12-07-2024,BE-10219,Online,High,PROD-MOB-95,Mobile,Alpha Lite,150.0,349.0,CUST-692,Customer 692,Consumer,Mexico,LATAM,Mexico City,12,4188.0,0.0%,0.00,4188.00,1800.00,2388.00,57.0%,46.84,Express,Delivered,5
25-08-2025,27-08-2025,BE-10220,Online,Low,PROD-COM-76,Computing,Titan Laptop,600.0,1299.0,CUST-555,Customer 555,Consumer,France,EMEA,Paris,11,14289.0,20.0%,2857.80,11431.20,6600.00,4831.20,42.3%,38.32,Standard,Delivered,4
20-09-2025,21-09-2025,BE-10221,Online,High,PROD-COM-87,Computing,Titan Laptop,600.0,1299.0,CUST-503,Customer 503,Consumer,Brazil,LATAM,Sao Paulo,11,14289.0,0.0%,0.00,14289.00,6600.00,7689.00,53.8%,49.96,Standard,Delivered,5
04-05-2026,07-05-2026,BE-10222,In-Store,Critical,PROD-COM-14,Computing,Titan Laptop,600.0,1299.0,CUST-727,Customer 727,Corporate,UK,EMEA,London,9,11691.0,20.0%,2338.20,9352.80,5400.00,3952.80,42.3%,33.70,Overnight,Delivered,4
08-10-2024,13-10-2024,BE-10223,Distributor,Critical,PROD-WEA-80,Wearables,Aura Smart Ring,70.0,199.0,CUST-687,Customer 687,Corporate,Brazil,LATAM,Sao Paulo,5,995.0,10.0%,99.50,895.50,350.00,545.50,60.9%,22.35,Overnight,Delivered,3
02-01-2025,05-01-2025,BE-10224,In-Store,Critical,PROD-SMA-77,Smart Home,Beacon Camera,35.0,99.0,CUST-652,Customer 652,Consumer,Canada,NA,Toronto,8,792.0,10.0%,79.20,712.80,280.00,432.80,60.7%,17.14,Express,Delivered,4
14-04-2026,17-04-2026,BE-10225,Distributor,Critical,PROD-AUD-62,Audio,Aero Headphones,80.0,199.0,CUST-103,Customer 103,Education,UK,EMEA,London,14,2786.0,5.0%,139.30,2646.70,1120.00,1526.70,57.7%,52.80,Express,Delivered,5
25-01-2025,27-01-2025,BE-10226,Distributor,High,PROD-WEA-93,Wearables,FitTrack Watch,50.0,149.0,CUST-779,Customer 779,Corporate,Japan,APAC,Tokyo,3,447.0,5.0%,22.35,424.65,150.00,274.65,64.7%,12.68,Standard,Delivered,5
02-12-2025,07-12-2025,BE-10227,Online,Medium,PROD-COM-87,Computing,Pro Monitor 27,120.0,279.0,CUST-641,Customer 641,Education,Japan,APAC,Tokyo,4,1116.0,20.0%,223.20,892.80,480.00,412.80,46.2%,17.05,Standard,Delivered,3
24-07-2025,27-07-2025,BE-10228,Distributor,Medium,PROD-MOB-41,Mobile,Alpha Lite,150.0,349.0,CUST-371,Customer 371,Corporate,USA,NA,New York,11,3839.0,5.0%,191.95,3647.05,1650.00,1997.05,54.8%,37.90,Standard,Delivered,4
26-09-2025,30-09-2025,BE-10229,Online,Low,PROD-AUD-72,Audio,NeoBuds Pro,45.0,120.0,CUST-252,Customer 252,Consumer,Canada,NA,Toronto,8,960.0,0.0%,0.00,960.00,360.00,600.00,62.5%,20.32,Overnight,Delivered,5
12-01-2025,16-01-2025,BE-10230,Distributor,Low,PROD-AUD-43,Audio,NeoBuds Pro,45.0,120.0,CUST-506,Customer 506,Consumer,USA,NA,Los Angeles,6,720.0,5.0%,36.00,684.00,270.00,414.00,60.5%,14.83,Standard,Delivered,5
18-04-2024,24-04-2024,BE-10231,In-Store,Low,PROD-AUD-76,Audio,NeoBuds Pro,45.0,120.0,CUST-274,Customer 274,Corporate,Canada,NA,Toronto,11,1320.0,10.0%,132.00,1188.00,495.00,693.00,58.3%,22.38,Express,Delivered,5
18-06-2026,21-06-2026,BE-10232,Online,Medium,PROD-WEA-15,Wearables,FitTrack Watch,50.0,149.0,CUST-858,Customer 858,Education,USA,NA,New York,5,745.0,10.0%,74.50,670.50,250.00,420.50,62.7%,22.94,Standard,Returned,5
16-12-2025,18-12-2025,BE-10233,Distributor,Medium,PROD-COM-98,Computing,Apex Desktop,750.0,1599.0,CUST-758,Customer 758,Education,Germany,EMEA,Berlin,3,4797.0,5.0%,239.85,4557.15,2250.00,2307.15,50.6%,6.64,Express,Delivered,4
17-08-2025,21-08-2025,BE-10234,Online,Medium,PROD-SMA-81,Smart Home,Beacon Camera,35.0,99.0,CUST-883,Customer 883,Corporate,Canada,NA,Toronto,5,495.0,0.0%,0.00,495.00,175.00,320.00,64.7%,19.32,Standard,Delivered,5
27-04-2024,29-04-2024,BE-10235,Online,Medium,PROD-AUD-59,Audio,Wave Soundbar,110.0,299.0,CUST-168,Customer 168,Consumer,Japan,APAC,Tokyo,14,4186.0,0.0%,0.00,4186.00,1540.00,2646.00,63.2%,67.67,Standard,Delivered,5
09-06-2025,13-06-2025,BE-10236,Online,Medium,PROD-WEA-29,Wearables,Aura Smart Ring,70.0,199.0,CUST-314,Customer 314,Education,UK,EMEA,London,9,1791.0,0.0%,0.00,1791.00,630.00,1161.00,64.8%,30.15,Express,Delivered,5
15-02-2025,18-02-2025,BE-10237,Online,Medium,PROD-WEA-93,Wearables,Aura Smart Ring,70.0,199.0,CUST-424,Customer 424,Consumer,Brazil,LATAM,Sao Paulo,11,2189.0,5.0%,109.45,2079.55,770.00,1309.55,63.0%,39.05,Overnight,Delivered,4
14-06-2024,21-06-2024,BE-10238,Distributor,Low,PROD-COM-48,Computing,Pro Monitor 27,120.0,279.0,CUST-685,Customer 685,Corporate,Brazil,LATAM,Sao Paulo,9,2511.0,0.0%,0.00,2511.00,1080.00,1431.00,57.0%,34.17,Overnight,Delivered,4
14-04-2026,17-04-2026,BE-10239,Online,Medium,PROD-COM-82,Computing,Apex Desktop,750.0,1599.0,CUST-901,Customer 901,Corporate,Canada,NA,Toronto,4,6396.0,0.0%,0.00,6396.00,3000.00,3396.00,53.1%,8.02,Standard,Delivered,4
19-03-2024,21-03-2024,BE-10240,In-Store,Medium,PROD-COM-31,Computing,Titan Laptop,600.0,1299.0,CUST-920,Customer 920,Consumer,Brazil,LATAM,Sao Paulo,1,1299.0,0.0%,0.00,1299.00,600.00,699.00,53.8%,4.81,Standard,Delivered,5
13-03-2024,18-03-2024,BE-10241,In-Store,Critical,PROD-MOB-41,Mobile,Alpha Lite,150.0,349.0,CUST-519,Customer 519,Consumer,Germany,EMEA,Berlin,11,3839.0,0.0%,0.00,3839.00,1650.00,2189.00,57.0%,25.06,Overnight,Delivered,5
27-09-2024,02-10-2024,BE-10242,In-Store,Critical,PROD-COM-36,Computing,Titan Laptop,600.0,1299.0,CUST-466,Customer 466,Consumer,India,APAC,Mumbai,9,11691.0,0.0%,0.00,11691.00,5400.00,6291.00,53.8%,37.28,Overnight,Delivered,5
11-03-2025,12-03-2025,BE-10243,Distributor,Medium,PROD-AUD-78,Audio,NeoBuds Pro,45.0,120.0,CUST-579,Customer 579,Education,USA,NA,Los Angeles,3,360.0,0.0%,0.00,360.00,135.00,225.00,62.5%,11.37,Express,Delivered,4
03-07-2025,06-07-2025,BE-10244,Online,High,PROD-SMA-72,Smart Home,Omni Speaker,25.0,69.0,CUST-437,Customer 437,Education,Germany,EMEA,Berlin,1,69.0,0.0%,0.00,69.00,25.00,44.00,63.8%,4.96,Overnight,Delivered,4
24-01-2025,28-01-2025,BE-10245,Online,Medium,PROD-AUD-63,Audio,NeoBuds Pro,45.0,120.0,CUST-608,Customer 608,Education,USA,NA,Los Angeles,13,1560.0,15.0%,234.00,1326.00,585.00,741.00,55.9%,50.88,Express,Delivered,4
10-09-2025,16-09-2025,BE-10246,In-Store,High,PROD-SMA-72,Smart Home,Beacon Camera,35.0,99.0,CUST-351,Customer 351,Corporate,USA,NA,New York,4,396.0,5.0%,19.80,376.20,140.00,236.20,62.8%,12.89,Overnight,Delivered,5
08-05-2024,12-05-2024,BE-10247,In-Store,Low,PROD-MOB-10,Mobile,Quantum Phone X,400.0,899.0,CUST-306,Customer 306,Consumer,USA,NA,New York,10,8990.0,15.0%,1348.50,7641.50,4000.00,3641.50,47.7%,42.40,Overnight,Delivered,5
09-03-2024,10-03-2024,BE-10248,In-Store,Medium,PROD-SMA-36,Smart Home,Beacon Camera,35.0,99.0,CUST-902,Customer 902,Consumer,Canada,NA,Toronto,10,990.0,10.0%,99.00,891.00,350.00,541.00,60.7%,43.68,Overnight,Delivered,5
01-07-2025,05-07-2025,BE-10249,Distributor,Medium,PROD-AUD-67,Audio,Wave Soundbar,110.0,299.0,CUST-488,Customer 488,Consumer,USA,NA,New York,9,2691.0,0.0%,0.00,2691.00,990.00,1701.00,63.2%,40.38,Overnight,Delivered,5
27-03-2024,01-04-2024,BE-10250,Distributor,Medium,PROD-COM-66,Computing,Apex Desktop,750.0,1599.0,CUST-525,Customer 525,Consumer,India,APAC,Mumbai,7,11193.0,0.0%,0.00,11193.00,5250.00,5943.00,53.1%,28.57,Overnight,Delivered,4
07-09-2025,12-09-2025,BE-10251,In-Store,Low,PROD-WEA-27,Wearables,Aura Smart Ring,70.0,199.0,CUST-346,Customer 346,Consumer,UK,EMEA,London,14,2786.0,0.0%,0.00,2786.00,980.00,1806.00,64.8%,65.42,Express,Delivered,5
04-11-2025,07-11-2025,BE-10252,Distributor,Low,PROD-SMA-87,Smart Home,Omni Speaker,25.0,69.0,CUST-214,Customer 214,Corporate,Australia,APAC,Sydney,6,414.0,0.0%,0.00,414.00,150.00,264.00,63.8%,29.28,Overnight,Delivered,4
19-01-2024,23-01-2024,BE-10253,In-Store,Medium,PROD-MOB-38,Mobile,Quantum Phone X,400.0,899.0,CUST-580,Customer 580,Consumer,UK,EMEA,London,2,1798.0,0.0%,0.00,1798.00,800.00,998.00,55.5%,9.67,Standard,Delivered,5
01-10-2025,08-10-2025,BE-10254,Online,High,PROD-AUD-22,Audio,Aero Headphones,80.0,199.0,CUST-394,Customer 394,Education,Japan,APAC,Tokyo,1,199.0,20.0%,39.80,159.20,80.00,79.20,49.8%,4.33,Express,Delivered,2
21-01-2025,24-01-2025,BE-10255,In-Store,Medium,PROD-WEA-41,Wearables,FitTrack Watch,50.0,149.0,CUST-864,Customer 864,Consumer,UK,EMEA,London,8,1192.0,10.0%,119.20,1072.80,400.00,672.80,62.7%,27.16,Express,Delivered,4
14-01-2026,17-01-2026,BE-10256,In-Store,Medium,PROD-WEA-28,Wearables,FitTrack Watch,50.0,149.0,CUST-729,Customer 729,Education,Australia,APAC,Sydney,5,745.0,0.0%,0.00,745.00,250.00,495.00,66.4%,19.72,Express,Delayed,3
09-10-2025,14-10-2025,BE-10257,Distributor,Low,PROD-SMA-66,Smart Home,Omni Speaker,25.0,69.0,CUST-835,Customer 835,Consumer,USA,NA,New York,2,138.0,0.0%,0.00,138.00,50.00,88.00,63.8%,8.82,Overnight,Delivered,5
02-01-2026,05-01-2026,BE-10258,Distributor,High,PROD-COM-87,Computing,Apex Desktop,750.0,1599.0,CUST-845,Customer 845,Education,Mexico,LATAM,Mexico City,11,17589.0,5.0%,879.45,16709.55,8250.00,8459.55,50.6%,45.39,Overnight,Delivered,5
14-07-2025,17-07-2025,BE-10259,Distributor,Low,PROD-SMA-70,Smart Home,Beacon Camera,35.0,99.0,CUST-355,Customer 355,Consumer,Germany,EMEA,Berlin,5,495.0,5.0%,24.75,470.25,175.00,295.25,62.8%,15.25,Express,Delivered,1
04-12-2025,08-12-2025,BE-10260,Distributor,High,PROD-COM-18,Computing,Pro Monitor 27,120.0,279.0,CUST-310,Customer 310,Consumer,UK,EMEA,London,7,1953.0,5.0%,97.65,1855.35,840.00,1015.35,54.7%,23.10,Express,Delayed,4
27-07-2025,29-07-2025,BE-10261,Distributor,Medium,PROD-MOB-22,Mobile,Quantum Phone X,400.0,899.0,CUST-569,Customer 569,Education,USA,NA,New York,11,9889.0,15.0%,1483.35,8405.65,4400.00,4005.65,47.7%,50.67,Express,Delivered,3
30-12-2025,03-01-2026,BE-10262,In-Store,Critical,PROD-SMA-32,Smart Home,Omni Speaker,25.0,69.0,CUST-692,Customer 692,Consumer,Mexico,LATAM,Mexico City,6,414.0,5.0%,20.70,393.30,150.00,243.30,61.9%,23.46,Overnight,Delivered,4
04-06-2024,07-06-2024,BE-10263,In-Store,Low,PROD-WEA-16,Wearables,FitTrack Watch,50.0,149.0,CUST-784,Customer 784,Consumer,Australia,APAC,Sydney,4,596.0,0.0%,0.00,596.00,200.00,396.00,66.4%,19.80,Express,Delivered,4
26-01-2025,27-01-2025,BE-10264,Distributor,Medium,PROD-WEA-44,Wearables,FitTrack Watch,50.0,149.0,CUST-639,Customer 639,Corporate,Germany,EMEA,Berlin,9,1341.0,15.0%,201.15,1139.85,450.00,689.85,60.5%,41.98,Overnight,Delayed,5
14-09-2024,18-09-2024,BE-10265,Distributor,Critical,PROD-AUD-47,Audio,Wave Soundbar,110.0,299.0,CUST-329,Customer 329,Education,Canada,NA,Toronto,11,3289.0,10.0%,328.90,2960.10,1210.00,1750.10,59.1%,50.31,Standard,Delivered,4
09-09-2024,12-09-2024,BE-10266,Online,High,PROD-COM-68,Computing,Pro Monitor 27,120.0,279.0,CUST-499,Customer 499,Education,France,EMEA,Paris,12,3348.0,5.0%,167.40,3180.60,1440.00,1740.60,54.7%,32.35,Express,Delivered,5
21-12-2024,22-12-2024,BE-10267,Online,High,PROD-COM-12,Computing,Apex Desktop,750.0,1599.0,CUST-532,Customer 532,Corporate,India,APAC,Mumbai,4,6396.0,20.0%,1279.20,5116.80,3000.00,2116.80,41.4%,17.08,Overnight,Delivered,3
02-10-2024,05-10-2024,BE-10268,Online,Medium,PROD-COM-64,Computing,Apex Desktop,750.0,1599.0,CUST-764,Customer 764,Consumer,India,APAC,Mumbai,12,19188.0,0.0%,0.00,19188.00,9000.00,10188.00,53.1%,55.00,Express,Delivered,4
14-10-2024,17-10-2024,BE-10269,In-Store,Medium,PROD-MOB-64,Mobile,Quantum Phone X,400.0,899.0,CUST-814,Customer 814,Education,India,APAC,Mumbai,12,10788.0,5.0%,539.40,10248.60,4800.00,5448.60,53.2%,48.87,Overnight,Returned,2
12-04-2026,16-04-2026,BE-10270,In-Store,Medium,PROD-SMA-24,Smart Home,Omni Speaker,25.0,69.0,CUST-950,Customer 950,Education,USA,NA,New York,14,966.0,0.0%,0.00,966.00,350.00,616.00,63.8%,28.80,Standard,Delivered,5
22-10-2024,27-10-2024,BE-10271,Online,Medium,PROD-COM-22,Computing,Apex Desktop,750.0,1599.0,CUST-879,Customer 879,Consumer,Germany,EMEA,Berlin,4,6396.0,0.0%,0.00,6396.00,3000.00,3396.00,53.1%,16.89,Overnight,Delivered,1
21-12-2025,25-12-2025,BE-10272,In-Store,Medium,PROD-SMA-25,Smart Home,Omni Speaker,25.0,69.0,CUST-395,Customer 395,Education,Brazil,LATAM,Sao Paulo,11,759.0,15.0%,113.85,645.15,275.00,370.15,57.4%,28.49,Standard,Delivered,5
27-06-2024,28-06-2024,BE-10273,Distributor,High,PROD-MOB-66,Mobile,Quantum Phone X,400.0,899.0,CUST-172,Customer 172,Corporate,France,EMEA,Paris,5,4495.0,20.0%,899.00,3596.00,2000.00,1596.00,44.4%,22.25,Express,Delayed,2
07-04-2024,08-04-2024,BE-10274,Distributor,Medium,PROD-SMA-43,Smart Home,Beacon Camera,35.0,99.0,CUST-622,Customer 622,Corporate,Mexico,LATAM,Mexico City,4,396.0,0.0%,0.00,396.00,140.00,256.00,64.7%,14.36,Standard,Delivered,5
23-08-2024,25-08-2024,BE-10275,Online,Medium,PROD-COM-73,Computing,Apex Desktop,750.0,1599.0,CUST-395,Customer 395,Corporate,India,APAC,Mumbai,4,6396.0,5.0%,319.80,6076.20,3000.00,3076.20,50.6%,8.75,Standard,Delivered,5
14-06-2024,19-06-2024,BE-10276,In-Store,High,PROD-MOB-20,Mobile,Quantum Phone X,400.0,899.0,CUST-437,Customer 437,Consumer,Mexico,LATAM,Mexico City,10,8990.0,5.0%,449.50,8540.50,4000.00,4540.50,53.2%,24.32,Overnight,Delivered,3
24-05-2024,27-05-2024,BE-10277,In-Store,Medium,PROD-MOB-64,Mobile,Quantum Phone X,400.0,899.0,CUST-442,Customer 442,Corporate,USA,NA,Los Angeles,13,11687.0,0.0%,0.00,11687.00,5200.00,6487.00,55.5%,47.34,Standard,Delayed,4
17-05-2025,22-05-2025,BE-10278,In-Store,Low,PROD-AUD-49,Audio,NeoBuds Pro,45.0,120.0,CUST-930,Customer 930,Corporate,USA,NA,New York,12,1440.0,0.0%,0.00,1440.00,540.00,900.00,62.5%,54.18,Overnight,Delivered,5
17-03-2026,20-03-2026,BE-10279,Online,Critical,PROD-AUD-22,Audio,Wave Soundbar,110.0,299.0,CUST-538,Customer 538,Consumer,France,EMEA,Paris,13,3887.0,5.0%,194.35,3692.65,1430.00,2262.65,61.3%,45.10,Overnight,Delivered,5
03-03-2026,07-03-2026,BE-10280,In-Store,High,PROD-COM-72,Computing,Apex Desktop,750.0,1599.0,CUST-171,Customer 171,Consumer,France,EMEA,Paris,12,19188.0,0.0%,0.00,19188.00,9000.00,10188.00,53.1%,38.64,Express,Delivered,4
12-03-2024,15-03-2024,BE-10281,Distributor,Medium,PROD-COM-12,Computing,Apex Desktop,750.0,1599.0,CUST-346,Customer 346,Education,India,APAC,Mumbai,5,7995.0,0.0%,0.00,7995.00,3750.00,4245.00,53.1%,20.09,Standard,Delivered,4
01-05-2025,04-05-2025,BE-10282,Distributor,Medium,PROD-SMA-54,Smart Home,Omni Speaker,25.0,69.0,CUST-695,Customer 695,Consumer,Mexico,LATAM,Mexico City,13,897.0,0.0%,0.00,897.00,325.00,572.00,63.8%,36.35,Standard,Delivered,2
23-11-2024,29-11-2024,BE-10283,Distributor,Medium,PROD-WEA-55,Wearables,FitTrack Watch,50.0,149.0,CUST-157,Customer 157,Education,Canada,NA,Toronto,5,745.0,0.0%,0.00,745.00,250.00,495.00,66.4%,21.41,Overnight,Delivered,4
20-05-2026,26-05-2026,BE-10284,Online,Medium,PROD-MOB-91,Mobile,Quantum Phone X,400.0,899.0,CUST-385,Customer 385,Corporate,Canada,NA,Toronto,1,899.0,5.0%,44.95,854.05,400.00,454.05,53.2%,3.85,Standard,Delivered,5
15-04-2025,19-04-2025,BE-10285,Online,High,PROD-AUD-61,Audio,NeoBuds Pro,45.0,120.0,CUST-664,Customer 664,Consumer,Brazil,LATAM,Sao Paulo,11,1320.0,0.0%,0.00,1320.00,495.00,825.00,62.5%,29.84,Overnight,Delivered,5
28-10-2025,30-10-2025,BE-10286,In-Store,Low,PROD-AUD-51,Audio,Aero Headphones,80.0,199.0,CUST-171,Customer 171,Education,Australia,APAC,Sydney,1,199.0,0.0%,0.00,199.00,80.00,119.00,59.8%,3.67,Standard,Delivered,5
07-12-2024,08-12-2024,BE-10287,Distributor,Medium,PROD-WEA-73,Wearables,FitTrack Watch,50.0,149.0,CUST-489,Customer 489,Consumer,Canada,NA,Toronto,3,447.0,0.0%,0.00,447.00,150.00,297.00,66.4%,6.27,Overnight,Delivered,1
29-10-2025,01-11-2025,BE-10288,In-Store,Medium,PROD-COM-37,Computing,Apex Desktop,750.0,1599.0,CUST-970,Customer 970,Consumer,Japan,APAC,Tokyo,10,15990.0,15.0%,2398.50,13591.50,7500.00,6091.50,44.8%,30.19,Standard,Delivered,5
15-08-2024,19-08-2024,BE-10289,Distributor,High,PROD-COM-65,Computing,Apex Desktop,750.0,1599.0,CUST-204,Customer 204,Corporate,UK,EMEA,London,12,19188.0,0.0%,0.00,19188.00,9000.00,10188.00,53.1%,37.41,Express,Delivered,2
10-08-2025,12-08-2025,BE-10290,Distributor,Medium,PROD-WEA-43,Wearables,FitTrack Watch,50.0,149.0,CUST-283,Customer 283,Corporate,Germany,EMEA,Berlin,9,1341.0,10.0%,134.10,1206.90,450.00,756.90,62.7%,38.35,Express,Delivered,4
09-10-2024,10-10-2024,BE-10291,In-Store,High,PROD-COM-62,Computing,Titan Laptop,600.0,1299.0,CUST-294,Customer 294,Education,Japan,APAC,Tokyo,4,5196.0,10.0%,519.60,4676.40,2400.00,2276.40,48.7%,11.54,Overnight,Delivered,4
31-10-2025,06-11-2025,BE-10292,Online,High,PROD-WEA-93,Wearables,FitTrack Watch,50.0,149.0,CUST-677,Customer 677,Consumer,UK,EMEA,London,1,149.0,0.0%,0.00,149.00,50.00,99.00,66.4%,4.05,Express,Delivered,4
25-01-2024,27-01-2024,BE-10293,In-Store,Critical,PROD-AUD-14,Audio,Wave Soundbar,110.0,299.0,CUST-401,Customer 401,Education,Australia,APAC,Sydney,2,598.0,0.0%,0.00,598.00,220.00,378.00,63.2%,9.24,Overnight,Delivered,4
10-12-2024,16-12-2024,BE-10294,Online,Low,PROD-COM-73,Computing,Titan Laptop,600.0,1299.0,CUST-237,Customer 237,Consumer,India,APAC,Mumbai,8,10392.0,0.0%,0.00,10392.00,4800.00,5592.00,53.8%,30.04,Standard,Delivered,4
25-12-2024,26-12-2024,BE-10295,Distributor,High,PROD-COM-86,Computing,Pro Monitor 27,120.0,279.0,CUST-548,Customer 548,Consumer,USA,NA,Los Angeles,12,3348.0,20.0%,669.60,2678.40,1440.00,1238.40,46.2%,33.35,Overnight,Delivered,3
03-09-2024,05-09-2024,BE-10296,In-Store,Medium,PROD-AUD-64,Audio,NeoBuds Pro,45.0,120.0,CUST-773,Customer 773,Education,USA,NA,New York,9,1080.0,5.0%,54.00,1026.00,405.00,621.00,60.5%,27.70,Standard,Delivered,2
26-07-2024,29-07-2024,BE-10297,Online,High,PROD-AUD-22,Audio,NeoBuds Pro,45.0,120.0,CUST-710,Customer 710,Corporate,USA,NA,Los Angeles,3,360.0,0.0%,0.00,360.00,135.00,225.00,62.5%,9.43,Standard,Delivered,5
22-01-2026,24-01-2026,BE-10298,In-Store,Low,PROD-COM-78,Computing,Apex Desktop,750.0,1599.0,CUST-368,Customer 368,Education,USA,NA,Los Angeles,10,15990.0,15.0%,2398.50,13591.50,7500.00,6091.50,44.8%,29.35,Express,Delivered,5
22-01-2025,25-01-2025,BE-10299,Distributor,Medium,PROD-WEA-53,Wearables,FitTrack Watch,50.0,149.0,CUST-245,Customer 245,Education,Australia,APAC,Sydney,12,1788.0,5.0%,89.40,1698.60,600.00,1098.60,64.7%,47.34,Overnight,Delivered,5
12-11-2024,15-11-2024,BE-10300,Distributor,Medium,PROD-COM-74,Computing,Apex Desktop,750.0,1599.0,CUST-971,Customer 971,Consumer,Germany,EMEA,Berlin,14,22386.0,0.0%,0.00,22386.00,10500.00,11886.00,53.1%,37.11,Express,Delivered,3
08-07-2024,10-07-2024,BE-10301,Distributor,Low,PROD-MOB-75,Mobile,Alpha Lite,150.0,349.0,CUST-831,Customer 831,Education,Australia,APAC,Sydney,9,3141.0,0.0%,0.00,3141.00,1350.00,1791.00,57.0%,40.59,Overnight,Delayed,5
08-11-2024,10-11-2024,BE-10302,In-Store,Medium,PROD-MOB-27,Mobile,Alpha Lite,150.0,349.0,CUST-224,Customer 224,Consumer,Japan,APAC,Tokyo,11,3839.0,15.0%,575.85,3263.15,1650.00,1613.15,49.4%,43.72,Express,Delivered,5
11-09-2025,14-09-2025,BE-10303,In-Store,Medium,PROD-MOB-24,Mobile,Alpha Lite,150.0,349.0,CUST-593,Customer 593,Consumer,Germany,EMEA,Berlin,8,2792.0,0.0%,0.00,2792.00,1200.00,1592.00,57.0%,22.53,Overnight,Delivered,5
28-04-2026,02-05-2026,BE-10304,In-Store,Medium,PROD-WEA-95,Wearables,Aura Smart Ring,70.0,199.0,CUST-551,Customer 551,Consumer,Mexico,LATAM,Mexico City,7,1393.0,0.0%,0.00,1393.00,490.00,903.00,64.8%,34.80,Overnight,Returned,3
12-08-2024,15-08-2024,BE-10305,Distributor,Low,PROD-COM-82,Computing,Titan Laptop,600.0,1299.0,CUST-369,Customer 369,Consumer,India,APAC,Mumbai,4,5196.0,5.0%,259.80,4936.20,2400.00,2536.20,51.4%,13.01,Express,Delivered,4
08-08-2025,13-08-2025,BE-10306,In-Store,Low,PROD-AUD-67,Audio,Wave Soundbar,110.0,299.0,CUST-124,Customer 124,Consumer,USA,NA,Los Angeles,3,897.0,5.0%,44.85,852.15,330.00,522.15,61.3%,7.47,Overnight,Delivered,5
15-11-2025,18-11-2025,BE-10307,In-Store,Critical,PROD-AUD-73,Audio,Wave Soundbar,110.0,299.0,CUST-313,Customer 313,Corporate,Germany,EMEA,Berlin,11,3289.0,0.0%,0.00,3289.00,1210.00,2079.00,63.2%,40.94,Express,Delayed,5
18-09-2024,22-09-2024,BE-10308,In-Store,Medium,PROD-COM-57,Computing,Pro Monitor 27,120.0,279.0,CUST-755,Customer 755,Consumer,Brazil,LATAM,Sao Paulo,6,1674.0,5.0%,83.70,1590.30,720.00,870.30,54.7%,16.95,Overnight,Delivered,5
28-05-2026,31-05-2026,BE-10309,In-Store,Low,PROD-SMA-22,Smart Home,Beacon Camera,35.0,99.0,CUST-802,Customer 802,Education,USA,NA,New York,8,792.0,0.0%,0.00,792.00,280.00,512.00,64.7%,18.10,Express,Delivered,4
23-06-2024,28-06-2024,BE-10310,Online,Medium,PROD-MOB-61,Mobile,Quantum Phone X,400.0,899.0,CUST-960,Customer 960,Education,Australia,APAC,Sydney,14,12586.0,5.0%,629.30,11956.70,5600.00,6356.70,53.2%,37.08,Standard,Delivered,5
21-10-2025,25-10-2025,BE-10311,In-Store,Low,PROD-SMA-31,Smart Home,Beacon Camera,35.0,99.0,CUST-384,Customer 384,Corporate,Canada,NA,Toronto,7,693.0,10.0%,69.30,623.70,245.00,378.70,60.7%,19.18,Express,Delivered,5
20-04-2026,22-04-2026,BE-10312,Distributor,High,PROD-COM-79,Computing,Apex Desktop,750.0,1599.0,CUST-466,Customer 466,Consumer,Mexico,LATAM,Mexico City,2,3198.0,0.0%,0.00,3198.00,1500.00,1698.00,53.1%,4.94,Express,Delivered,2
26-10-2024,27-10-2024,BE-10313,Distributor,Low,PROD-MOB-16,Mobile,Quantum Phone X,400.0,899.0,CUST-935,Customer 935,Education,Brazil,LATAM,Sao Paulo,9,8091.0,5.0%,404.55,7686.45,3600.00,4086.45,53.2%,35.22,Overnight,Delivered,5
17-05-2024,20-05-2024,BE-10314,In-Store,Low,PROD-SMA-26,Smart Home,Beacon Camera,35.0,99.0,CUST-983,Customer 983,Education,India,APAC,Mumbai,11,1089.0,5.0%,54.45,1034.55,385.00,649.55,62.8%,47.72,Express,Delivered,4
12-08-2024,15-08-2024,BE-10315,In-Store,High,PROD-AUD-62,Audio,Aero Headphones,80.0,199.0,CUST-820,Customer 820,Corporate,Mexico,LATAM,Mexico City,12,2388.0,0.0%,0.00,2388.00,960.00,1428.00,59.8%,34.36,Express,Delivered,5
13-07-2024,17-07-2024,BE-10316,Online,Medium,PROD-AUD-75,Audio,Wave Soundbar,110.0,299.0,CUST-111,Customer 111,Corporate,Germany,EMEA,Berlin,12,3588.0,10.0%,358.80,3229.20,1320.00,1909.20,59.1%,32.15,Express,Delivered,5
08-01-2025,10-01-2025,BE-10317,Online,Medium,PROD-WEA-89,Wearables,Aura Smart Ring,70.0,199.0,CUST-460,Customer 460,Corporate,Australia,APAC,Sydney,9,1791.0,20.0%,358.20,1432.80,630.00,802.80,56.0%,22.95,Standard,Delayed,4
07-05-2026,08-05-2026,BE-10318,Distributor,Medium,PROD-AUD-57,Audio,Wave Soundbar,110.0,299.0,CUST-687,Customer 687,Consumer,Japan,APAC,Tokyo,11,3289.0,5.0%,164.45,3124.55,1210.00,1914.55,61.3%,48.58,Express,Delivered,5
05-12-2024,08-12-2024,BE-10319,Online,Medium,PROD-WEA-87,Wearables,Aura Smart Ring,70.0,199.0,CUST-255,Customer 255,Corporate,Germany,EMEA,Berlin,12,2388.0,0.0%,0.00,2388.00,840.00,1548.00,64.8%,54.66,Standard,Delivered,4
21-12-2024,25-12-2024,BE-10320,In-Store,Medium,PROD-AUD-45,Audio,NeoBuds Pro,45.0,120.0,CUST-947,Customer 947,Education,Brazil,LATAM,Sao Paulo,11,1320.0,0.0%,0.00,1320.00,495.00,825.00,62.5%,52.50,Standard,Delivered,4
10-12-2025,14-12-2025,BE-10321,In-Store,Low,PROD-AUD-96,Audio,NeoBuds Pro,45.0,120.0,CUST-817,Customer 817,Corporate,Brazil,LATAM,Sao Paulo,12,1440.0,15.0%,216.00,1224.00,540.00,684.00,55.9%,40.58,Express,Delivered,5
07-09-2025,09-09-2025,BE-10322,Distributor,Medium,PROD-COM-40,Computing,Titan Laptop,600.0,1299.0,CUST-954,Customer 954,Education,Germany,EMEA,Berlin,14,18186.0,5.0%,909.30,17276.70,8400.00,8876.70,51.4%,63.75,Overnight,Delivered,5
21-11-2024,26-11-2024,BE-10323,Distributor,Medium,PROD-MOB-78,Mobile,Quantum Phone X,400.0,899.0,CUST-896,Customer 896,Education,Canada,NA,Toronto,11,9889.0,10.0%,988.90,8900.10,4400.00,4500.10,50.6%,54.23,Overnight,Delivered,5
15-06-2025,18-06-2025,BE-10324,Online,Medium,PROD-AUD-67,Audio,Aero Headphones,80.0,199.0,CUST-710,Customer 710,Consumer,UK,EMEA,London,4,796.0,5.0%,39.80,756.20,320.00,436.20,57.7%,11.78,Overnight,Delivered,5
19-04-2025,21-04-2025,BE-10325,Online,High,PROD-SMA-29,Smart Home,Omni Speaker,25.0,69.0,CUST-808,Customer 808,Education,France,EMEA,Paris,6,414.0,0.0%,0.00,414.00,150.00,264.00,63.8%,26.05,Standard,Delivered,4
20-04-2024,24-04-2024,BE-10326,In-Store,Medium,PROD-COM-81,Computing,Pro Monitor 27,120.0,279.0,CUST-151,Customer 151,Education,France,EMEA,Paris,11,3069.0,0.0%,0.00,3069.00,1320.00,1749.00,57.0%,47.46,Overnight,Delivered,5
14-03-2025,16-03-2025,BE-10327,Distributor,Low,PROD-MOB-36,Mobile,Alpha Lite,150.0,349.0,CUST-306,Customer 306,Education,Japan,APAC,Tokyo,14,4886.0,5.0%,244.30,4641.70,2100.00,2541.70,54.8%,55.42,Standard,Returned,4
04-06-2026,09-06-2026,BE-10328,Online,High,PROD-COM-70,Computing,Pro Monitor 27,120.0,279.0,CUST-151,Customer 151,Corporate,France,EMEA,Paris,3,837.0,15.0%,125.55,711.45,360.00,351.45,49.4%,6.19,Standard,Returned,5
25-04-2024,29-04-2024,BE-10329,In-Store,Medium,PROD-COM-16,Computing,Titan Laptop,600.0,1299.0,CUST-665,Customer 665,Corporate,Canada,NA,Toronto,13,16887.0,0.0%,0.00,16887.00,7800.00,9087.00,53.8%,48.80,Overnight,Delivered,5
11-04-2025,12-04-2025,BE-10330,Distributor,Medium,PROD-COM-26,Computing,Apex Desktop,750.0,1599.0,CUST-640,Customer 640,Corporate,Brazil,LATAM,Sao Paulo,13,20787.0,0.0%,0.00,20787.00,9750.00,11037.00,53.1%,60.45,Overnight,Delivered,5
29-07-2025,01-08-2025,BE-10331,Distributor,Medium,PROD-MOB-73,Mobile,Alpha Lite,150.0,349.0,CUST-280,Customer 280,Education,UK,EMEA,London,2,698.0,0.0%,0.00,698.00,300.00,398.00,57.0%,5.08,Standard,Delivered,4
30-03-2026,01-04-2026,BE-10332,In-Store,Low,PROD-SMA-69,Smart Home,Omni Speaker,25.0,69.0,CUST-841,Customer 841,Education,Germany,EMEA,Berlin,4,276.0,5.0%,13.80,262.20,100.00,162.20,61.9%,15.14,Standard,Delivered,3
25-01-2026,26-01-2026,BE-10333,Online,Low,PROD-COM-27,Computing,Apex Desktop,750.0,1599.0,CUST-391,Customer 391,Education,Australia,APAC,Sydney,4,6396.0,5.0%,319.80,6076.20,3000.00,3076.20,50.6%,14.28,Express,Delivered,4
25-06-2025,26-06-2025,BE-10334,In-Store,Medium,PROD-COM-21,Computing,Apex Desktop,750.0,1599.0,CUST-743,Customer 743,Corporate,Canada,NA,Toronto,7,11193.0,5.0%,559.65,10633.35,5250.00,5383.35,50.6%,20.79,Express,Returned,3
13-02-2024,14-02-2024,BE-10335,Distributor,Critical,PROD-COM-27,Computing,Titan Laptop,600.0,1299.0,CUST-681,Customer 681,Corporate,USA,NA,Los Angeles,1,1299.0,0.0%,0.00,1299.00,600.00,699.00,53.8%,4.36,Express,Delivered,5
23-04-2026,28-04-2026,BE-10336,Online,Medium,PROD-AUD-71,Audio,Aero Headphones,80.0,199.0,CUST-504,Customer 504,Education,USA,NA,Los Angeles,2,398.0,5.0%,19.90,378.10,160.00,218.10,57.7%,9.41,Express,Delivered,4
12-01-2025,15-01-2025,BE-10337,Online,Medium,PROD-COM-77,Computing,Apex Desktop,750.0,1599.0,CUST-706,Customer 706,Corporate,France,EMEA,Paris,6,9594.0,0.0%,0.00,9594.00,4500.00,5094.00,53.1%,20.02,Standard,Delivered,5
15-02-2025,18-02-2025,BE-10338,Online,Low,PROD-COM-58,Computing,Pro Monitor 27,120.0,279.0,CUST-778,Customer 778,Corporate,Brazil,LATAM,Sao Paulo,7,1953.0,10.0%,195.30,1757.70,840.00,917.70,52.2%,19.95,Overnight,Delivered,5
02-05-2024,04-05-2024,BE-10339,Distributor,Medium,PROD-COM-38,Computing,Apex Desktop,750.0,1599.0,CUST-882,Customer 882,Education,UK,EMEA,London,13,20787.0,0.0%,0.00,20787.00,9750.00,11037.00,53.1%,40.93,Overnight,Delivered,4
19-08-2025,20-08-2025,BE-10340,In-Store,Critical,PROD-WEA-18,Wearables,FitTrack Watch,50.0,149.0,CUST-790,Customer 790,Consumer,Australia,APAC,Sydney,7,1043.0,0.0%,0.00,1043.00,350.00,693.00,66.4%,17.89,Standard,Delivered,1
26-07-2024,31-07-2024,BE-10341,Online,Low,PROD-AUD-59,Audio,NeoBuds Pro,45.0,120.0,CUST-590,Customer 590,Corporate,Germany,EMEA,Berlin,9,1080.0,0.0%,0.00,1080.00,405.00,675.00,62.5%,19.60,Express,Delivered,5
08-07-2024,11-07-2024,BE-10342,Distributor,Medium,PROD-SMA-68,Smart Home,Beacon Camera,35.0,99.0,CUST-629,Customer 629,Education,Brazil,LATAM,Sao Paulo,9,891.0,0.0%,0.00,891.00,315.00,576.00,64.7%,18.65,Standard,Delivered,5
01-06-2025,05-06-2025,BE-10343,Online,Low,PROD-WEA-78,Wearables,FitTrack Watch,50.0,149.0,CUST-422,Customer 422,Corporate,Japan,APAC,Tokyo,2,298.0,5.0%,14.90,283.10,100.00,183.10,64.7%,4.67,Overnight,Delayed,2
20-04-2024,23-04-2024,BE-10344,Distributor,Medium,PROD-COM-44,Computing,Pro Monitor 27,120.0,279.0,CUST-213,Customer 213,Corporate,Germany,EMEA,Berlin,13,3627.0,0.0%,0.00,3627.00,1560.00,2067.00,57.0%,41.57,Overnight,Delivered,5
16-05-2025,18-05-2025,BE-10345,Distributor,Medium,PROD-SMA-69,Smart Home,Omni Speaker,25.0,69.0,CUST-539,Customer 539,Education,Brazil,LATAM,Sao Paulo,14,966.0,0.0%,0.00,966.00,350.00,616.00,63.8%,57.07,Express,Delivered,4
24-04-2026,28-04-2026,BE-10346,Distributor,Medium,PROD-SMA-31,Smart Home,Beacon Camera,35.0,99.0,CUST-393,Customer 393,Corporate,Mexico,LATAM,Mexico City,7,693.0,15.0%,103.95,589.05,245.00,344.05,58.4%,32.47,Standard,Returned,3
18-09-2025,22-09-2025,BE-10347,In-Store,Critical,PROD-COM-32,Computing,Pro Monitor 27,120.0,279.0,CUST-762,Customer 762,Corporate,Australia,APAC,Sydney,1,279.0,5.0%,13.95,265.05,120.00,145.05,54.7%,2.60,Overnight,Delivered,3
29-10-2024,30-10-2024,BE-10348,Distributor,Medium,PROD-MOB-59,Mobile,Quantum Phone X,400.0,899.0,CUST-982,Customer 982,Consumer,USA,NA,New York,9,8091.0,10.0%,809.10,7281.90,3600.00,3681.90,50.6%,37.85,Standard,Delivered,3
27-01-2026,30-01-2026,BE-10349,Online,Medium,PROD-AUD-75,Audio,NeoBuds Pro,45.0,120.0,CUST-200,Customer 200,Consumer,France,EMEA,Paris,9,1080.0,0.0%,0.00,1080.00,405.00,675.00,62.5%,20.47,Overnight,Delivered,5
03-06-2026,06-06-2026,BE-10350,Online,Medium,PROD-COM-73,Computing,Apex Desktop,750.0,1599.0,CUST-602,Customer 602,Consumer,Japan,APAC,Tokyo,1,1599.0,0.0%,0.00,1599.00,750.00,849.00,53.1%,2.07,Express,Delivered,5
08-08-2024,13-08-2024,BE-10351,In-Store,Critical,PROD-COM-25,Computing,Titan Laptop,600.0,1299.0,CUST-837,Customer 837,Consumer,France,EMEA,Paris,1,1299.0,0.0%,0.00,1299.00,600.00,699.00,53.8%,2.60,Overnight,Delivered,4
07-10-2025,10-10-2025,BE-10352,Distributor,Low,PROD-AUD-48,Audio,Aero Headphones,80.0,199.0,CUST-144,Customer 144,Corporate,USA,NA,Los Angeles,12,2388.0,0.0%,0.00,2388.00,960.00,1428.00,59.8%,36.97,Overnight,Delivered,5
12-09-2025,16-09-2025,BE-10353,Distributor,Low,PROD-SMA-25,Smart Home,Omni Speaker,25.0,69.0,CUST-620,Customer 620,Consumer,India,APAC,Mumbai,4,276.0,10.0%,27.60,248.40,100.00,148.40,59.7%,18.63,Standard,Delayed,5
07-07-2024,09-07-2024,BE-10354,In-Store,Medium,PROD-COM-18,Computing,Pro Monitor 27,120.0,279.0,CUST-429,Customer 429,Education,USA,NA,New York,10,2790.0,15.0%,418.50,2371.50,1200.00,1171.50,49.4%,35.00,Standard,Delivered,5
17-07-2024,20-07-2024,BE-10355,Distributor,Low,PROD-SMA-49,Smart Home,Omni Speaker,25.0,69.0,CUST-407,Customer 407,Consumer,Germany,EMEA,Berlin,3,207.0,15.0%,31.05,175.95,75.00,100.95,57.4%,7.36,Overnight,Returned,4
07-05-2025,11-05-2025,BE-10356,Distributor,Medium,PROD-WEA-79,Wearables,Aura Smart Ring,70.0,199.0,CUST-308,Customer 308,Corporate,Japan,APAC,Tokyo,4,796.0,10.0%,79.60,716.40,280.00,436.40,60.9%,10.79,Overnight,Delivered,4
23-05-2024,28-05-2024,BE-10357,Distributor,High,PROD-AUD-98,Audio,Aero Headphones,80.0,199.0,CUST-417,Customer 417,Corporate,Canada,NA,Toronto,6,1194.0,5.0%,59.70,1134.30,480.00,654.30,57.7%,12.46,Standard,Delivered,4
21-11-2025,23-11-2025,BE-10358,In-Store,Medium,PROD-SMA-92,Smart Home,Beacon Camera,35.0,99.0,CUST-331,Customer 331,Consumer,Canada,NA,Toronto,11,1089.0,10.0%,108.90,980.10,385.00,595.10,60.7%,31.03,Express,Delivered,5
05-05-2024,08-05-2024,BE-10359,Distributor,Medium,PROD-AUD-33,Audio,Wave Soundbar,110.0,299.0,CUST-384,Customer 384,Education,Germany,EMEA,Berlin,12,3588.0,10.0%,358.80,3229.20,1320.00,1909.20,59.1%,55.01,Express,Delivered,2
02-07-2024,04-07-2024,BE-10360,In-Store,High,PROD-COM-29,Computing,Pro Monitor 27,120.0,279.0,CUST-665,Customer 665,Consumer,USA,NA,New York,13,3627.0,10.0%,362.70,3264.30,1560.00,1704.30,52.2%,52.43,Overnight,Delayed,3
02-06-2025,06-06-2025,BE-10361,Distributor,Low,PROD-COM-80,Computing,Apex Desktop,750.0,1599.0,CUST-715,Customer 715,Education,UK,EMEA,London,1,1599.0,0.0%,0.00,1599.00,750.00,849.00,53.1%,4.16,Standard,Delivered,4
23-01-2025,30-01-2025,BE-10362,Distributor,High,PROD-COM-71,Computing,Pro Monitor 27,120.0,279.0,CUST-531,Customer 531,Education,Brazil,LATAM,Sao Paulo,13,3627.0,0.0%,0.00,3627.00,1560.00,2067.00,57.0%,60.29,Overnight,Delivered,4
30-11-2024,01-12-2024,BE-10363,Distributor,Medium,PROD-COM-59,Computing,Pro Monitor 27,120.0,279.0,CUST-597,Customer 597,Education,France,EMEA,Paris,13,3627.0,0.0%,0.00,3627.00,1560.00,2067.00,57.0%,56.24,Standard,Delivered,1
19-02-2026,26-02-2026,BE-10364,In-Store,Medium,PROD-SMA-91,Smart Home,Beacon Camera,35.0,99.0,CUST-852,Customer 852,Education,India,APAC,Mumbai,9,891.0,0.0%,0.00,891.00,315.00,576.00,64.7%,44.53,Express,Delivered,4
21-07-2025,24-07-2025,BE-10365,Online,High,PROD-SMA-70,Smart Home,Omni Speaker,25.0,69.0,CUST-700,Customer 700,Consumer,Mexico,LATAM,Mexico City,10,690.0,5.0%,34.50,655.50,250.00,405.50,61.9%,24.12,Express,Delivered,5
11-05-2026,14-05-2026,BE-10366,Distributor,Low,PROD-AUD-78,Audio,NeoBuds Pro,45.0,120.0,CUST-581,Customer 581,Consumer,USA,NA,Los Angeles,9,1080.0,0.0%,0.00,1080.00,405.00,675.00,62.5%,32.95,Express,Delivered,5
05-06-2024,07-06-2024,BE-10367,Online,Medium,PROD-AUD-80,Audio,Wave Soundbar,110.0,299.0,CUST-538,Customer 538,Consumer,Mexico,LATAM,Mexico City,4,1196.0,0.0%,0.00,1196.00,440.00,756.00,63.2%,8.88,Overnight,Delivered,5
14-03-2025,15-03-2025,BE-10368,Online,Medium,PROD-MOB-97,Mobile,Quantum Phone X,400.0,899.0,CUST-204,Customer 204,Corporate,UK,EMEA,London,1,899.0,0.0%,0.00,899.00,400.00,499.00,55.5%,4.03,Express,Delayed,5
13-05-2025,14-05-2025,BE-10369,Distributor,High,PROD-MOB-77,Mobile,Alpha Lite,150.0,349.0,CUST-281,Customer 281,Corporate,France,EMEA,Paris,8,2792.0,0.0%,0.00,2792.00,1200.00,1592.00,57.0%,34.78,Express,Delivered,5
18-04-2025,21-04-2025,BE-10370,In-Store,Medium,PROD-COM-85,Computing,Pro Monitor 27,120.0,279.0,CUST-896,Customer 896,Education,France,EMEA,Paris,6,1674.0,20.0%,334.80,1339.20,720.00,619.20,46.2%,29.13,Standard,Delivered,2
10-04-2026,11-04-2026,BE-10371,In-Store,Medium,PROD-SMA-71,Smart Home,Omni Speaker,25.0,69.0,CUST-182,Customer 182,Education,Mexico,LATAM,Mexico City,13,897.0,10.0%,89.70,807.30,325.00,482.30,59.7%,46.94,Standard,Returned,2
01-05-2024,03-05-2024,BE-10372,In-Store,High,PROD-AUD-65,Audio,Aero Headphones,80.0,199.0,CUST-858,Customer 858,Education,India,APAC,Mumbai,12,2388.0,0.0%,0.00,2388.00,960.00,1428.00,59.8%,51.39,Standard,Delivered,4
27-06-2024,30-06-2024,BE-10373,Distributor,High,PROD-WEA-25,Wearables,FitTrack Watch,50.0,149.0,CUST-420,Customer 420,Corporate,Mexico,LATAM,Mexico City,1,149.0,10.0%,14.90,134.10,50.00,84.10,62.7%,3.51,Standard,Delivered,5
22-11-2024,25-11-2024,BE-10374,In-Store,Medium,PROD-MOB-77,Mobile,Alpha Lite,150.0,349.0,CUST-792,Customer 792,Education,Brazil,LATAM,Sao Paulo,2,698.0,0.0%,0.00,698.00,300.00,398.00,57.0%,5.86,Standard,Delivered,5
05-12-2024,09-12-2024,BE-10375,Distributor,Medium,PROD-WEA-79,Wearables,Aura Smart Ring,70.0,199.0,CUST-972,Customer 972,Consumer,Canada,NA,Toronto,7,1393.0,0.0%,0.00,1393.00,490.00,903.00,64.8%,34.07,Overnight,Delivered,1
20-07-2025,23-07-2025,BE-10376,In-Store,High,PROD-AUD-70,Audio,NeoBuds Pro,45.0,120.0,CUST-720,Customer 720,Consumer,Brazil,LATAM,Sao Paulo,6,720.0,0.0%,0.00,720.00,270.00,450.00,62.5%,25.95,Express,Delivered,5
29-06-2025,02-07-2025,BE-10377,Distributor,High,PROD-AUD-80,Audio,Aero Headphones,80.0,199.0,CUST-512,Customer 512,Education,France,EMEA,Paris,7,1393.0,10.0%,139.30,1253.70,560.00,693.70,55.3%,25.80,Express,Delivered,3
31-10-2025,05-11-2025,BE-10378,Distributor,Medium,PROD-SMA-83,Smart Home,Omni Speaker,25.0,69.0,CUST-325,Customer 325,Corporate,India,APAC,Mumbai,14,966.0,10.0%,96.60,869.40,350.00,519.40,59.7%,36.57,Express,Delivered,4
18-10-2024,21-10-2024,BE-10379,Distributor,Medium,PROD-WEA-98,Wearables,FitTrack Watch,50.0,149.0,CUST-738,Customer 738,Education,UK,EMEA,London,11,1639.0,0.0%,0.00,1639.00,550.00,1089.00,66.4%,42.12,Overnight,Delivered,3
27-02-2025,01-03-2025,BE-10380,Online,High,PROD-AUD-97,Audio,NeoBuds Pro,45.0,120.0,CUST-443,Customer 443,Consumer,Mexico,LATAM,Mexico City,8,960.0,0.0%,0.00,960.00,360.00,600.00,62.5%,38.23,Standard,Delivered,4
06-12-2024,09-12-2024,BE-10381,Online,High,PROD-WEA-83,Wearables,Aura Smart Ring,70.0,199.0,CUST-814,Customer 814,Corporate,Mexico,LATAM,Mexico City,5,995.0,5.0%,49.75,945.25,350.00,595.25,63.0%,13.02,Express,Delivered,4
07-02-2025,10-02-2025,BE-10382,Distributor,Medium,PROD-COM-86,Computing,Titan Laptop,600.0,1299.0,CUST-437,Customer 437,Consumer,Australia,APAC,Sydney,10,12990.0,15.0%,1948.50,11041.50,6000.00,5041.50,45.7%,32.71,Express,Delivered,5
23-11-2025,25-11-2025,BE-10383,Online,Medium,PROD-AUD-28,Audio,Wave Soundbar,110.0,299.0,CUST-579,Customer 579,Consumer,Brazil,LATAM,Sao Paulo,3,897.0,0.0%,0.00,897.00,330.00,567.00,63.2%,13.64,Overnight,Returned,5
13-02-2026,16-02-2026,BE-10384,Online,High,PROD-SMA-33,Smart Home,Beacon Camera,35.0,99.0,CUST-729,Customer 729,Consumer,USA,NA,New York,10,990.0,0.0%,0.00,990.00,350.00,640.00,64.7%,31.62,Standard,Delivered,5
01-12-2024,05-12-2024,BE-10385,Distributor,Medium,PROD-COM-87,Computing,Apex Desktop,750.0,1599.0,CUST-247,Customer 247,Consumer,Canada,NA,Toronto,3,4797.0,20.0%,959.40,3837.60,2250.00,1587.60,41.4%,12.44,Overnight,Delivered,5
19-05-2024,26-05-2024,BE-10386,In-Store,Medium,PROD-AUD-87,Audio,NeoBuds Pro,45.0,120.0,CUST-660,Customer 660,Corporate,USA,NA,Los Angeles,10,1200.0,20.0%,240.00,960.00,450.00,510.00,53.1%,27.27,Overnight,Delivered,3
18-08-2025,23-08-2025,BE-10387,In-Store,High,PROD-COM-21,Computing,Pro Monitor 27,120.0,279.0,CUST-229,Customer 229,Corporate,Brazil,LATAM,Sao Paulo,2,558.0,15.0%,83.70,474.30,240.00,234.30,49.4%,7.09,Standard,Delayed,3
28-06-2024,03-07-2024,BE-10388,Distributor,Medium,PROD-WEA-80,Wearables,FitTrack Watch,50.0,149.0,CUST-623,Customer 623,Education,Canada,NA,Toronto,5,745.0,10.0%,74.50,670.50,250.00,420.50,62.7%,22.71,Overnight,Delivered,5
18-06-2025,22-06-2025,BE-10389,Online,Medium,PROD-AUD-12,Audio,Aero Headphones,80.0,199.0,CUST-680,Customer 680,Corporate,USA,NA,New York,9,1791.0,5.0%,89.55,1701.45,720.00,981.45,57.7%,41.16,Standard,Delivered,5
16-02-2026,22-02-2026,BE-10390,Online,High,PROD-SMA-43,Smart Home,Omni Speaker,25.0,69.0,CUST-113,Customer 113,Consumer,Canada,NA,Toronto,14,966.0,10.0%,96.60,869.40,350.00,519.40,59.7%,48.26,Overnight,Delivered,3
25-03-2024,29-03-2024,BE-10391,Distributor,Critical,PROD-SMA-78,Smart Home,Beacon Camera,35.0,99.0,CUST-205,Customer 205,Consumer,Germany,EMEA,Berlin,6,594.0,0.0%,0.00,594.00,210.00,384.00,64.7%,24.00,Overnight,Delivered,3
03-06-2025,05-06-2025,BE-10392,Online,High,PROD-SMA-19,Smart Home,Omni Speaker,25.0,69.0,CUST-101,Customer 101,Consumer,UK,EMEA,London,14,966.0,15.0%,144.90,821.10,350.00,471.10,57.4%,59.50,Express,Delivered,4
20-01-2024,26-01-2024,BE-10393,In-Store,High,PROD-AUD-35,Audio,NeoBuds Pro,45.0,120.0,CUST-778,Customer 778,Consumer,Mexico,LATAM,Mexico City,12,1440.0,15.0%,216.00,1224.00,540.00,684.00,55.9%,25.47,Express,Delivered,5
22-09-2024,26-09-2024,BE-10394,Online,Medium,PROD-WEA-79,Wearables,Aura Smart Ring,70.0,199.0,CUST-662,Customer 662,Education,Brazil,LATAM,Sao Paulo,11,2189.0,10.0%,218.90,1970.10,770.00,1200.10,60.9%,46.76,Express,Delivered,4
27-06-2025,04-07-2025,BE-10395,In-Store,Medium,PROD-AUD-32,Audio,Aero Headphones,80.0,199.0,CUST-279,Customer 279,Corporate,India,APAC,Mumbai,7,1393.0,0.0%,0.00,1393.00,560.00,833.00,59.8%,31.72,Express,Delivered,4
13-03-2026,18-03-2026,BE-10396,In-Store,Medium,PROD-WEA-27,Wearables,Aura Smart Ring,70.0,199.0,CUST-695,Customer 695,Consumer,UK,EMEA,London,10,1990.0,0.0%,0.00,1990.00,700.00,1290.00,64.8%,49.80,Express,Returned,5
18-03-2026,21-03-2026,BE-10397,Online,Medium,PROD-MOB-91,Mobile,Quantum Phone X,400.0,899.0,CUST-624,Customer 624,Corporate,Australia,APAC,Sydney,6,5394.0,0.0%,0.00,5394.00,2400.00,2994.00,55.5%,13.72,Express,Delivered,4
21-04-2024,25-04-2024,BE-10398,Distributor,High,PROD-WEA-38,Wearables,FitTrack Watch,50.0,149.0,CUST-156,Customer 156,Education,Germany,EMEA,Berlin,12,1788.0,15.0%,268.20,1519.80,600.00,919.80,60.5%,50.76,Express,Delivered,5
30-09-2025,04-10-2025,BE-10399,Distributor,Medium,PROD-MOB-97,Mobile,Alpha Lite,150.0,349.0,CUST-357,Customer 357,Consumer,Brazil,LATAM,Sao Paulo,5,1745.0,5.0%,87.25,1657.75,750.00,907.75,54.8%,12.88,Standard,Delivered,4
27-12-2024,30-12-2024,BE-10400,Online,Medium,PROD-SMA-24,Smart Home,Beacon Camera,35.0,99.0,CUST-754,Customer 754,Education,Mexico,LATAM,Mexico City,13,1287.0,0.0%,0.00,1287.00,455.00,832.00,64.7%,38.72,Standard,Delivered,5
24-10-2025,31-10-2025,BE-10401,Distributor,Low,PROD-WEA-77,Wearables,FitTrack Watch,50.0,149.0,CUST-560,Customer 560,Consumer,Mexico,LATAM,Mexico City,10,1490.0,10.0%,149.00,1341.00,500.00,841.00,62.7%,46.56,Standard,Delivered,5
10-10-2024,15-10-2024,BE-10402,Distributor,Critical,PROD-WEA-86,Wearables,Aura Smart Ring,70.0,199.0,CUST-793,Customer 793,Corporate,France,EMEA,Paris,10,1990.0,0.0%,0.00,1990.00,700.00,1290.00,64.8%,38.86,Overnight,Delivered,5
02-11-2024,04-11-2024,BE-10403,Distributor,Low,PROD-AUD-47,Audio,Aero Headphones,80.0,199.0,CUST-867,Customer 867,Education,France,EMEA,Paris,10,1990.0,0.0%,0.00,1990.00,800.00,1190.00,59.8%,49.49,Express,Delivered,4
01-09-2025,06-09-2025,BE-10404,Online,Low,PROD-COM-70,Computing,Titan Laptop,600.0,1299.0,CUST-314,Customer 314,Education,France,EMEA,Paris,9,11691.0,0.0%,0.00,11691.00,5400.00,6291.00,53.8%,38.42,Standard,Delivered,4
28-01-2024,30-01-2024,BE-10405,In-Store,Medium,PROD-SMA-78,Smart Home,Beacon Camera,35.0,99.0,CUST-306,Customer 306,Education,Mexico,LATAM,Mexico City,1,99.0,0.0%,0.00,99.00,35.00,64.00,64.7%,2.17,Overnight,Delivered,5
14-07-2025,17-07-2025,BE-10406,Online,Medium,PROD-SMA-68,Smart Home,Omni Speaker,25.0,69.0,CUST-189,Customer 189,Education,UK,EMEA,London,8,552.0,0.0%,0.00,552.00,200.00,352.00,63.8%,35.14,Overnight,Delivered,5
21-03-2026,24-03-2026,BE-10407,Online,High,PROD-AUD-89,Audio,Wave Soundbar,110.0,299.0,CUST-150,Customer 150,Education,Japan,APAC,Tokyo,12,3588.0,0.0%,0.00,3588.00,1320.00,2268.00,63.2%,51.25,Standard,Delivered,5
27-09-2025,28-09-2025,BE-10408,Distributor,High,PROD-WEA-77,Wearables,Aura Smart Ring,70.0,199.0,CUST-602,Customer 602,Corporate,Japan,APAC,Tokyo,5,995.0,0.0%,0.00,995.00,350.00,645.00,64.8%,22.34,Standard,Delivered,4
28-11-2024,02-12-2024,BE-10409,In-Store,Medium,PROD-WEA-87,Wearables,Aura Smart Ring,70.0,199.0,CUST-136,Customer 136,Education,Canada,NA,Toronto,9,1791.0,0.0%,0.00,1791.00,630.00,1161.00,64.8%,26.98,Express,Delivered,1
23-10-2024,25-10-2024,BE-10410,In-Store,High,PROD-WEA-19,Wearables,Aura Smart Ring,70.0,199.0,CUST-141,Customer 141,Education,USA,NA,New York,12,2388.0,20.0%,477.60,1910.40,840.00,1070.40,56.0%,46.89,Express,Delivered,1
27-02-2024,29-02-2024,BE-10411,In-Store,Medium,PROD-SMA-49,Smart Home,Omni Speaker,25.0,69.0,CUST-168,Customer 168,Education,Mexico,LATAM,Mexico City,1,69.0,0.0%,0.00,69.00,25.00,44.00,63.8%,3.83,Express,Delivered,4
11-09-2025,14-09-2025,BE-10412,In-Store,Medium,PROD-AUD-80,Audio,NeoBuds Pro,45.0,120.0,CUST-477,Customer 477,Education,Mexico,LATAM,Mexico City,14,1680.0,5.0%,84.00,1596.00,630.00,966.00,60.5%,47.02,Express,Delayed,4
13-06-2025,16-06-2025,BE-10413,Online,Critical,PROD-AUD-28,Audio,NeoBuds Pro,45.0,120.0,CUST-888,Customer 888,Education,UK,EMEA,London,3,360.0,0.0%,0.00,360.00,135.00,225.00,62.5%,7.39,Overnight,Delivered,2
14-11-2025,15-11-2025,BE-10414,Distributor,Medium,PROD-WEA-64,Wearables,Aura Smart Ring,70.0,199.0,CUST-535,Customer 535,Consumer,USA,NA,New York,7,1393.0,10.0%,139.30,1253.70,490.00,763.70,60.9%,27.13,Overnight,Delayed,2
07-07-2025,14-07-2025,BE-10415,Distributor,Medium,PROD-SMA-26,Smart Home,Omni Speaker,25.0,69.0,CUST-802,Customer 802,Education,France,EMEA,Paris,1,69.0,0.0%,0.00,69.00,25.00,44.00,63.8%,4.60,Express,Delivered,4
27-02-2025,01-03-2025,BE-10416,Online,Medium,PROD-AUD-39,Audio,NeoBuds Pro,45.0,120.0,CUST-647,Customer 647,Education,Mexico,LATAM,Mexico City,5,600.0,5.0%,30.00,570.00,225.00,345.00,60.5%,24.85,Express,Delivered,5
05-10-2024,08-10-2024,BE-10417,Online,Medium,PROD-SMA-24,Smart Home,Omni Speaker,25.0,69.0,CUST-710,Customer 710,Education,India,APAC,Mumbai,12,828.0,10.0%,82.80,745.20,300.00,445.20,59.7%,30.75,Standard,Delivered,4
05-04-2024,09-04-2024,BE-10418,In-Store,Low,PROD-SMA-27,Smart Home,Beacon Camera,35.0,99.0,CUST-926,Customer 926,Corporate,Australia,APAC,Sydney,1,99.0,5.0%,4.95,94.05,35.00,59.05,62.8%,4.60,Express,Delayed,5
22-05-2025,25-05-2025,BE-10419,In-Store,Low,PROD-AUD-82,Audio,Aero Headphones,80.0,199.0,CUST-501,Customer 501,Education,Japan,APAC,Tokyo,5,995.0,5.0%,49.75,945.25,400.00,545.25,57.7%,20.35,Overnight,Returned,4
12-07-2024,15-07-2024,BE-10420,Distributor,Low,PROD-SMA-47,Smart Home,Omni Speaker,25.0,69.0,CUST-303,Customer 303,Consumer,Canada,NA,Toronto,9,621.0,0.0%,0.00,621.00,225.00,396.00,63.8%,43.61,Express,Delivered,5
19-10-2025,23-10-2025,BE-10421,Distributor,Medium,PROD-SMA-26,Smart Home,Beacon Camera,35.0,99.0,CUST-970,Customer 970,Education,Australia,APAC,Sydney,7,693.0,0.0%,0.00,693.00,245.00,448.00,64.7%,14.16,Express,Delivered,5
21-02-2025,26-02-2025,BE-10422,Distributor,Critical,PROD-MOB-41,Mobile,Quantum Phone X,400.0,899.0,CUST-993,Customer 993,Corporate,France,EMEA,Paris,3,2697.0,0.0%,0.00,2697.00,1200.00,1497.00,55.5%,10.35,Standard,Delivered,4
17-05-2024,19-05-2024,BE-10423,Online,High,PROD-AUD-92,Audio,Wave Soundbar,110.0,299.0,CUST-103,Customer 103,Consumer,India,APAC,Mumbai,3,897.0,0.0%,0.00,897.00,330.00,567.00,63.2%,13.80,Overnight,Delivered,4
16-06-2024,20-06-2024,BE-10424,Online,High,PROD-COM-65,Computing,Pro Monitor 27,120.0,279.0,CUST-968,Customer 968,Corporate,UK,EMEA,London,11,3069.0,5.0%,153.45,2915.55,1320.00,1595.55,54.7%,28.03,Standard,Delivered,5
11-08-2025,14-08-2025,BE-10425,Distributor,High,PROD-SMA-52,Smart Home,Beacon Camera,35.0,99.0,CUST-860,Customer 860,Education,Australia,APAC,Sydney,3,297.0,0.0%,0.00,297.00,105.00,192.00,64.7%,10.02,Standard,Delivered,5
04-04-2026,08-04-2026,BE-10426,Online,Medium,PROD-SMA-83,Smart Home,Omni Speaker,25.0,69.0,CUST-908,Customer 908,Corporate,Mexico,LATAM,Mexico City,13,897.0,0.0%,0.00,897.00,325.00,572.00,63.8%,36.17,Express,Delivered,5
23-05-2026,27-05-2026,BE-10427,Online,Medium,PROD-COM-84,Computing,Pro Monitor 27,120.0,279.0,CUST-283,Customer 283,Corporate,UK,EMEA,London,4,1116.0,0.0%,0.00,1116.00,480.00,636.00,57.0%,11.10,Standard,Delivered,4
29-01-2025,31-01-2025,BE-10428,In-Store,High,PROD-COM-79,Computing,Apex Desktop,750.0,1599.0,CUST-656,Customer 656,Corporate,Brazil,LATAM,Sao Paulo,12,19188.0,0.0%,0.00,19188.00,9000.00,10188.00,53.1%,41.98,Standard,Delivered,4
12-05-2024,13-05-2024,BE-10429,In-Store,Medium,PROD-WEA-73,Wearables,FitTrack Watch,50.0,149.0,CUST-338,Customer 338,Education,Mexico,LATAM,Mexico City,2,298.0,0.0%,0.00,298.00,100.00,198.00,66.4%,4.62,Express,Delivered,5
11-11-2025,13-11-2025,BE-10430,Distributor,High,PROD-WEA-62,Wearables,FitTrack Watch,50.0,149.0,CUST-449,Customer 449,Consumer,Japan,APAC,Tokyo,10,1490.0,5.0%,74.50,1415.50,500.00,915.50,64.7%,26.60,Overnight,Delivered,4
28-03-2025,03-04-2025,BE-10431,In-Store,Medium,PROD-MOB-24,Mobile,Quantum Phone X,400.0,899.0,CUST-649,Customer 649,Education,USA,NA,New York,6,5394.0,5.0%,269.70,5124.30,2400.00,2724.30,53.2%,18.14,Express,Delivered,4
06-06-2025,07-06-2025,BE-10432,Online,High,PROD-MOB-36,Mobile,Quantum Phone X,400.0,899.0,CUST-471,Customer 471,Education,Germany,EMEA,Berlin,2,1798.0,0.0%,0.00,1798.00,800.00,998.00,55.5%,8.93,Express,Delayed,4
01-11-2025,03-11-2025,BE-10433,In-Store,Medium,PROD-AUD-52,Audio,NeoBuds Pro,45.0,120.0,CUST-390,Customer 390,Education,Japan,APAC,Tokyo,2,240.0,0.0%,0.00,240.00,90.00,150.00,62.5%,7.56,Express,Delivered,4
17-08-2024,23-08-2024,BE-10434,In-Store,Critical,PROD-MOB-85,Mobile,Alpha Lite,150.0,349.0,CUST-287,Customer 287,Education,UK,EMEA,London,3,1047.0,0.0%,0.00,1047.00,450.00,597.00,57.0%,9.20,Standard,Delivered,5
23-08-2024,24-08-2024,BE-10435,Distributor,Low,PROD-WEA-24,Wearables,Aura Smart Ring,70.0,199.0,CUST-354,Customer 354,Consumer,Australia,APAC,Sydney,13,2587.0,0.0%,0.00,2587.00,910.00,1677.00,64.8%,43.91,Standard,Delayed,5
28-11-2025,01-12-2025,BE-10436,Online,Medium,PROD-AUD-81,Audio,Aero Headphones,80.0,199.0,CUST-189,Customer 189,Corporate,Canada,NA,Toronto,6,1194.0,10.0%,119.40,1074.60,480.00,594.60,55.3%,25.68,Express,Delivered,5
15-02-2026,16-02-2026,BE-10437,In-Store,Low,PROD-MOB-38,Mobile,Alpha Lite,150.0,349.0,CUST-704,Customer 704,Consumer,UK,EMEA,London,6,2094.0,15.0%,314.10,1779.90,900.00,879.90,49.4%,19.14,Standard,Delivered,1
07-06-2024,12-06-2024,BE-10438,Online,Medium,PROD-AUD-82,Audio,NeoBuds Pro,45.0,120.0,CUST-777,Customer 777,Consumer,UK,EMEA,London,3,360.0,0.0%,0.00,360.00,135.00,225.00,62.5%,13.55,Overnight,Delivered,5
06-11-2025,08-11-2025,BE-10439,Online,High,PROD-MOB-75,Mobile,Alpha Lite,150.0,349.0,CUST-141,Customer 141,Education,Canada,NA,Toronto,10,3490.0,5.0%,174.50,3315.50,1500.00,1815.50,54.8%,30.30,Standard,Delivered,4
18-07-2025,22-07-2025,BE-10440,In-Store,Low,PROD-MOB-96,Mobile,Alpha Lite,150.0,349.0,CUST-425,Customer 425,Consumer,Brazil,LATAM,Sao Paulo,8,2792.0,0.0%,0.00,2792.00,1200.00,1592.00,57.0%,31.37,Standard,Delivered,1
22-04-2025,24-04-2025,BE-10441,Distributor,Medium,PROD-COM-64,Computing,Apex Desktop,750.0,1599.0,CUST-848,Customer 848,Consumer,UK,EMEA,London,1,1599.0,0.0%,0.00,1599.00,750.00,849.00,53.1%,4.76,Overnight,Delivered,3
30-01-2026,02-02-2026,BE-10442,Distributor,Critical,PROD-AUD-77,Audio,Aero Headphones,80.0,199.0,CUST-370,Customer 370,Consumer,France,EMEA,Paris,2,398.0,20.0%,79.60,318.40,160.00,158.40,49.8%,9.44,Express,Delivered,4
16-12-2025,18-12-2025,BE-10443,Distributor,Medium,PROD-MOB-57,Mobile,Quantum Phone X,400.0,899.0,CUST-358,Customer 358,Education,Japan,APAC,Tokyo,5,4495.0,15.0%,674.25,3820.75,2000.00,1820.75,47.7%,20.15,Standard,Delivered,2
05-11-2024,08-11-2024,BE-10444,Online,Low,PROD-AUD-92,Audio,Wave Soundbar,110.0,299.0,CUST-897,Customer 897,Education,France,EMEA,Paris,13,3887.0,0.0%,0.00,3887.00,1430.00,2457.00,63.2%,29.81,Standard,Delivered,3
06-03-2024,10-03-2024,BE-10445,Distributor,Low,PROD-SMA-56,Smart Home,Omni Speaker,25.0,69.0,CUST-633,Customer 633,Corporate,USA,NA,New York,12,828.0,5.0%,41.40,786.60,300.00,486.60,61.9%,53.97,Express,Delivered,3
25-08-2024,28-08-2024,BE-10446,Distributor,Low,PROD-AUD-67,Audio,Aero Headphones,80.0,199.0,CUST-275,Customer 275,Education,Mexico,LATAM,Mexico City,3,597.0,0.0%,0.00,597.00,240.00,357.00,59.8%,13.71,Express,Delivered,5
26-09-2024,29-09-2024,BE-10447,In-Store,Critical,PROD-COM-90,Computing,Titan Laptop,600.0,1299.0,CUST-490,Customer 490,Corporate,India,APAC,Mumbai,5,6495.0,15.0%,974.25,5520.75,3000.00,2520.75,45.7%,21.06,Standard,Delivered,5
27-11-2025,28-11-2025,BE-10448,Distributor,Medium,PROD-MOB-34,Mobile,Alpha Lite,150.0,349.0,CUST-673,Customer 673,Corporate,Canada,NA,Toronto,13,4537.0,0.0%,0.00,4537.00,1950.00,2587.00,57.0%,43.85,Standard,Delivered,3
17-06-2026,20-06-2026,BE-10449,In-Store,Critical,PROD-MOB-54,Mobile,Alpha Lite,150.0,349.0,CUST-369,Customer 369,Education,Mexico,LATAM,Mexico City,9,3141.0,10.0%,314.10,2826.90,1350.00,1476.90,52.2%,20.07,Overnight,Delivered,5
03-06-2025,06-06-2025,BE-10450,Distributor,Medium,PROD-SMA-78,Smart Home,Omni Speaker,25.0,69.0,CUST-904,Customer 904,Corporate,Brazil,LATAM,Sao Paulo,14,966.0,5.0%,48.30,917.70,350.00,567.70,61.9%,36.95,Standard,Delivered,4
20-01-2025,27-01-2025,BE-10451,Online,Critical,PROD-SMA-60,Smart Home,Omni Speaker,25.0,69.0,CUST-897,Customer 897,Education,Australia,APAC,Sydney,9,621.0,0.0%,0.00,621.00,225.00,396.00,63.8%,21.88,Overnight,Delivered,5
13-09-2025,16-09-2025,BE-10452,Distributor,Medium,PROD-MOB-83,Mobile,Alpha Lite,150.0,349.0,CUST-944,Customer 944,Corporate,USA,NA,Los Angeles,7,2443.0,0.0%,0.00,2443.00,1050.00,1393.00,57.0%,26.23,Overnight,Returned,4
11-02-2025,14-02-2025,BE-10453,In-Store,High,PROD-COM-58,Computing,Apex Desktop,750.0,1599.0,CUST-225,Customer 225,Corporate,Australia,APAC,Sydney,2,3198.0,0.0%,0.00,3198.00,1500.00,1698.00,53.1%,4.87,Express,Delivered,4
05-05-2025,09-05-2025,BE-10454,In-Store,Low,PROD-SMA-17,Smart Home,Beacon Camera,35.0,99.0,CUST-725,Customer 725,Consumer,India,APAC,Mumbai,3,297.0,0.0%,0.00,297.00,105.00,192.00,64.7%,12.86,Overnight,Delivered,1
27-01-2024,30-01-2024,BE-10455,Distributor,High,PROD-MOB-38,Mobile,Alpha Lite,150.0,349.0,CUST-125,Customer 125,Consumer,India,APAC,Mumbai,3,1047.0,0.0%,0.00,1047.00,450.00,597.00,57.0%,14.84,Overnight,Delivered,3
15-04-2024,19-04-2024,BE-10456,Online,Medium,PROD-WEA-35,Wearables,FitTrack Watch,50.0,149.0,CUST-744,Customer 744,Consumer,Brazil,LATAM,Sao Paulo,11,1639.0,0.0%,0.00,1639.00,550.00,1089.00,66.4%,38.10,Express,Delivered,5
04-07-2025,07-07-2025,BE-10457,In-Store,Critical,PROD-AUD-47,Audio,NeoBuds Pro,45.0,120.0,CUST-816,Customer 816,Corporate,Germany,EMEA,Berlin,10,1200.0,10.0%,120.00,1080.00,450.00,630.00,58.3%,37.59,Express,Delivered,3
10-03-2024,15-03-2024,BE-10458,Distributor,Medium,PROD-MOB-21,Mobile,Quantum Phone X,400.0,899.0,CUST-285,Customer 285,Education,Australia,APAC,Sydney,8,7192.0,0.0%,0.00,7192.00,3200.00,3992.00,55.5%,30.95,Standard,Delivered,4
19-03-2024,22-03-2024,BE-10459,In-Store,Medium,PROD-AUD-60,Audio,NeoBuds Pro,45.0,120.0,CUST-620,Customer 620,Corporate,Australia,APAC,Sydney,10,1200.0,20.0%,240.00,960.00,450.00,510.00,53.1%,39.99,Standard,Delivered,4
06-01-2025,13-01-2025,BE-10460,Online,Critical,PROD-COM-77,Computing,Pro Monitor 27,120.0,279.0,CUST-428,Customer 428,Education,USA,NA,Los Angeles,12,3348.0,0.0%,0.00,3348.00,1440.00,1908.00,57.0%,35.91,Standard,Delivered,3
21-12-2024,28-12-2024,BE-10461,Distributor,Medium,PROD-MOB-38,Mobile,Alpha Lite,150.0,349.0,CUST-505,Customer 505,Education,Brazil,LATAM,Sao Paulo,10,3490.0,15.0%,523.50,2966.50,1500.00,1466.50,49.4%,30.98,Standard,Returned,4
25-10-2025,26-10-2025,BE-10462,Distributor,Medium,PROD-COM-38,Computing,Apex Desktop,750.0,1599.0,CUST-869,Customer 869,Consumer,Brazil,LATAM,Sao Paulo,5,7995.0,5.0%,399.75,7595.25,3750.00,3845.25,50.6%,14.63,Standard,Delivered,3
08-02-2025,13-02-2025,BE-10463,Online,Medium,PROD-COM-53,Computing,Apex Desktop,750.0,1599.0,CUST-932,Customer 932,Education,Mexico,LATAM,Mexico City,4,6396.0,0.0%,0.00,6396.00,3000.00,3396.00,53.1%,17.76,Express,Delivered,5
09-03-2024,11-03-2024,BE-10464,Distributor,Medium,PROD-COM-75,Computing,Titan Laptop,600.0,1299.0,CUST-257,Customer 257,Corporate,UK,EMEA,London,3,3897.0,20.0%,779.40,3117.60,1800.00,1317.60,42.3%,6.40,Overnight,Delivered,5
08-01-2026,09-01-2026,BE-10465,Online,Critical,PROD-WEA-67,Wearables,FitTrack Watch,50.0,149.0,CUST-638,Customer 638,Consumer,Canada,NA,Toronto,13,1937.0,0.0%,0.00,1937.00,650.00,1287.00,66.4%,52.69,Express,Delivered,3
18-11-2024,22-11-2024,BE-10466,Distributor,Medium,PROD-COM-22,Computing,Titan Laptop,600.0,1299.0,CUST-780,Customer 780,Consumer,Canada,NA,Toronto,3,3897.0,5.0%,194.85,3702.15,1800.00,1902.15,51.4%,6.66,Express,Delivered,1
10-06-2026,17-06-2026,BE-10467,In-Store,Medium,PROD-WEA-42,Wearables,Aura Smart Ring,70.0,199.0,CUST-486,Customer 486,Corporate,Mexico,LATAM,Mexico City,13,2587.0,15.0%,388.05,2198.95,910.00,1288.95,58.6%,59.39,Express,Delayed,5
25-03-2026,28-03-2026,BE-10468,Online,Critical,PROD-MOB-59,Mobile,Quantum Phone X,400.0,899.0,CUST-979,Customer 979,Corporate,India,APAC,Mumbai,5,4495.0,0.0%,0.00,4495.00,2000.00,2495.00,55.5%,20.70,Express,Delivered,5
28-03-2025,30-03-2025,BE-10469,Online,High,PROD-COM-91,Computing,Apex Desktop,750.0,1599.0,CUST-189,Customer 189,Corporate,India,APAC,Mumbai,1,1599.0,10.0%,159.90,1439.10,750.00,689.10,47.9%,4.81,Standard,Delivered,4
26-02-2026,01-03-2026,BE-10470,Online,High,PROD-WEA-65,Wearables,FitTrack Watch,50.0,149.0,CUST-704,Customer 704,Corporate,UK,EMEA,London,7,1043.0,5.0%,52.15,990.85,350.00,640.85,64.7%,26.35,Standard,Delivered,5
23-09-2025,26-09-2025,BE-10471,In-Store,Medium,PROD-SMA-77,Smart Home,Omni Speaker,25.0,69.0,CUST-425,Customer 425,Consumer,Australia,APAC,Sydney,10,690.0,0.0%,0.00,690.00,250.00,440.00,63.8%,33.42,Standard,Delivered,4
27-02-2025,28-02-2025,BE-10472,In-Store,Medium,PROD-COM-30,Computing,Titan Laptop,600.0,1299.0,CUST-115,Customer 115,Consumer,Brazil,LATAM,Sao Paulo,6,7794.0,0.0%,0.00,7794.00,3600.00,4194.00,53.8%,25.67,Express,Delivered,5
12-04-2024,15-04-2024,BE-10473,Online,High,PROD-AUD-79,Audio,NeoBuds Pro,45.0,120.0,CUST-358,Customer 358,Education,USA,NA,Los Angeles,9,1080.0,0.0%,0.00,1080.00,405.00,675.00,62.5%,41.61,Express,Delivered,4
07-03-2026,09-03-2026,BE-10474,In-Store,Low,PROD-AUD-45,Audio,Wave Soundbar,110.0,299.0,CUST-414,Customer 414,Consumer,Japan,APAC,Tokyo,11,3289.0,0.0%,0.00,3289.00,1210.00,2079.00,63.2%,52.47,Express,Delivered,5
22-05-2025,25-05-2025,BE-10475,Distributor,Medium,PROD-SMA-95,Smart Home,Beacon Camera,35.0,99.0,CUST-236,Customer 236,Education,Australia,APAC,Sydney,11,1089.0,10.0%,108.90,980.10,385.00,595.10,60.7%,47.96,Express,Delivered,3
04-09-2025,06-09-2025,BE-10476,In-Store,Medium,PROD-WEA-35,Wearables,Aura Smart Ring,70.0,199.0,CUST-514,Customer 514,Corporate,Germany,EMEA,Berlin,7,1393.0,10.0%,139.30,1253.70,490.00,763.70,60.9%,25.19,Express,Delivered,5
30-09-2024,02-10-2024,BE-10477,Distributor,Critical,PROD-MOB-83,Mobile,Alpha Lite,150.0,349.0,CUST-328,Customer 328,Education,Australia,APAC,Sydney,5,1745.0,10.0%,174.50,1570.50,750.00,820.50,52.2%,17.58,Overnight,Delivered,5
15-01-2024,17-01-2024,BE-10478,Distributor,Medium,PROD-WEA-59,Wearables,Aura Smart Ring,70.0,199.0,CUST-270,Customer 270,Corporate,Brazil,LATAM,Sao Paulo,9,1791.0,20.0%,358.20,1432.80,630.00,802.80,56.0%,19.51,Express,Delivered,4
26-05-2025,29-05-2025,BE-10479,In-Store,Medium,PROD-MOB-95,Mobile,Alpha Lite,150.0,349.0,CUST-852,Customer 852,Consumer,Germany,EMEA,Berlin,7,2443.0,5.0%,122.15,2320.85,1050.00,1270.85,54.8%,24.48,Express,Returned,1
21-11-2024,23-11-2024,BE-10480,Online,Low,PROD-COM-97,Computing,Apex Desktop,750.0,1599.0,CUST-515,Customer 515,Corporate,France,EMEA,Paris,11,17589.0,5.0%,879.45,16709.55,8250.00,8459.55,50.6%,26.66,Express,Delivered,3
14-01-2025,15-01-2025,BE-10481,In-Store,Medium,PROD-WEA-20,Wearables,Aura Smart Ring,70.0,199.0,CUST-767,Customer 767,Consumer,France,EMEA,Paris,2,398.0,0.0%,0.00,398.00,140.00,258.00,64.8%,8.73,Express,Delayed,5
09-04-2024,13-04-2024,BE-10482,Distributor,Medium,PROD-AUD-39,Audio,Wave Soundbar,110.0,299.0,CUST-574,Customer 574,Corporate,USA,NA,New York,2,598.0,0.0%,0.00,598.00,220.00,378.00,63.2%,6.44,Overnight,Delivered,3
22-02-2024,24-02-2024,BE-10483,Online,Medium,PROD-SMA-91,Smart Home,Beacon Camera,35.0,99.0,CUST-561,Customer 561,Consumer,Australia,APAC,Sydney,10,990.0,20.0%,198.00,792.00,350.00,442.00,55.8%,24.77,Overnight,Delivered,4
30-03-2025,31-03-2025,BE-10484,Online,High,PROD-MOB-67,Mobile,Quantum Phone X,400.0,899.0,CUST-800,Customer 800,Corporate,USA,NA,New York,10,8990.0,0.0%,0.00,8990.00,4000.00,4990.00,55.5%,22.74,Standard,Delivered,3
22-06-2025,23-06-2025,BE-10485,Distributor,Critical,PROD-SMA-28,Smart Home,Omni Speaker,25.0,69.0,CUST-435,Customer 435,Education,Japan,APAC,Tokyo,1,69.0,15.0%,10.35,58.65,25.00,33.65,57.4%,3.42,Express,Delivered,5
07-03-2025,10-03-2025,BE-10486,Online,Critical,PROD-COM-49,Computing,Pro Monitor 27,120.0,279.0,CUST-558,Customer 558,Corporate,Canada,NA,Toronto,2,558.0,0.0%,0.00,558.00,240.00,318.00,57.0%,9.01,Overnight,Delivered,5
14-09-2025,19-09-2025,BE-10487,Online,High,PROD-WEA-36,Wearables,FitTrack Watch,50.0,149.0,CUST-964,Customer 964,Consumer,UK,EMEA,London,1,149.0,0.0%,0.00,149.00,50.00,99.00,66.4%,4.90,Express,Delivered,5
17-07-2024,21-07-2024,BE-10488,Distributor,Medium,PROD-SMA-34,Smart Home,Beacon Camera,35.0,99.0,CUST-853,Customer 853,Education,Germany,EMEA,Berlin,14,1386.0,0.0%,0.00,1386.00,490.00,896.00,64.7%,57.53,Overnight,Delivered,5
15-05-2024,18-05-2024,BE-10489,Distributor,Medium,PROD-COM-88,Computing,Apex Desktop,750.0,1599.0,CUST-137,Customer 137,Education,Germany,EMEA,Berlin,13,20787.0,0.0%,0.00,20787.00,9750.00,11037.00,53.1%,62.40,Standard,Delivered,4
16-02-2026,20-02-2026,BE-10490,Online,Low,PROD-COM-22,Computing,Titan Laptop,600.0,1299.0,CUST-296,Customer 296,Education,Germany,EMEA,Berlin,9,11691.0,20.0%,2338.20,9352.80,5400.00,3952.80,42.3%,29.03,Express,Delivered,1
21-03-2025,24-03-2025,BE-10491,Distributor,Low,PROD-WEA-87,Wearables,Aura Smart Ring,70.0,199.0,CUST-110,Customer 110,Consumer,Mexico,LATAM,Mexico City,4,796.0,15.0%,119.40,676.60,280.00,396.60,58.6%,15.98,Overnight,Delivered,5
04-05-2026,07-05-2026,BE-10492,Online,Medium,PROD-WEA-65,Wearables,FitTrack Watch,50.0,149.0,CUST-334,Customer 334,Education,Australia,APAC,Sydney,11,1639.0,5.0%,81.95,1557.05,550.00,1007.05,64.7%,52.39,Express,Delivered,4
14-03-2025,16-03-2025,BE-10493,Online,Medium,PROD-AUD-11,Audio,NeoBuds Pro,45.0,120.0,CUST-432,Customer 432,Corporate,Mexico,LATAM,Mexico City,11,1320.0,5.0%,66.00,1254.00,495.00,759.00,60.5%,38.62,Standard,Delivered,5
23-01-2024,29-01-2024,BE-10494,Distributor,High,PROD-COM-86,Computing,Titan Laptop,600.0,1299.0,CUST-812,Customer 812,Education,USA,NA,Los Angeles,11,14289.0,0.0%,0.00,14289.00,6600.00,7689.00,53.8%,27.73,Overnight,Delivered,3
25-02-2025,28-02-2025,BE-10495,Distributor,Medium,PROD-WEA-46,Wearables,FitTrack Watch,50.0,149.0,CUST-938,Customer 938,Corporate,Brazil,LATAM,Sao Paulo,4,596.0,10.0%,59.60,536.40,200.00,336.40,62.7%,16.32,Express,Delivered,4
21-01-2026,24-01-2026,BE-10496,Distributor,High,PROD-SMA-73,Smart Home,Beacon Camera,35.0,99.0,CUST-766,Customer 766,Corporate,Mexico,LATAM,Mexico City,1,99.0,5.0%,4.95,94.05,35.00,59.05,62.8%,3.57,Express,Delivered,4
24-08-2025,26-08-2025,BE-10497,Distributor,Low,PROD-SMA-26,Smart Home,Beacon Camera,35.0,99.0,CUST-711,Customer 711,Corporate,Mexico,LATAM,Mexico City,9,891.0,10.0%,89.10,801.90,315.00,486.90,60.7%,39.53,Express,Returned,4
13-08-2024,15-08-2024,BE-10498,In-Store,Medium,PROD-AUD-78,Audio,Wave Soundbar,110.0,299.0,CUST-262,Customer 262,Consumer,Mexico,LATAM,Mexico City,10,2990.0,0.0%,0.00,2990.00,1100.00,1890.00,63.2%,42.04,Express,Delayed,4
04-08-2025,07-08-2025,BE-10499,In-Store,Low,PROD-WEA-18,Wearables,FitTrack Watch,50.0,149.0,CUST-703,Customer 703,Corporate,Germany,EMEA,Berlin,8,1192.0,10.0%,119.20,1072.80,400.00,672.80,62.7%,16.78,Overnight,Delivered,5
13-04-2024,16-04-2024,BE-10500,In-Store,Low,PROD-COM-53,Computing,Apex Desktop,750.0,1599.0,CUST-985,Customer 985,Corporate,USA,NA,Los Angeles,14,22386.0,0.0%,0.00,22386.00,10500.00,11886.00,53.1%,53.23,Express,Delivered,4
21-02-2025,28-02-2025,BE-10501,Distributor,Medium,PROD-SMA-26,Smart Home,Beacon Camera,35.0,99.0,CUST-311,Customer 311,Corporate,Canada,NA,Toronto,11,1089.0,0.0%,0.00,1089.00,385.00,704.00,64.7%,53.24,Overnight,Delivered,5
17-04-2026,24-04-2026,BE-10502,In-Store,High,PROD-MOB-26,Mobile,Alpha Lite,150.0,349.0,CUST-969,Customer 969,Education,Japan,APAC,Tokyo,5,1745.0,5.0%,87.25,1657.75,750.00,907.75,54.8%,10.15,Express,Delivered,4
13-11-2025,16-11-2025,BE-10503,Online,Medium,PROD-AUD-21,Audio,NeoBuds Pro,45.0,120.0,CUST-791,Customer 791,Corporate,India,APAC,Mumbai,1,120.0,20.0%,24.00,96.00,45.00,51.00,53.1%,2.39,Overnight,Delivered,3
27-08-2025,29-08-2025,BE-10504,Distributor,Low,PROD-AUD-33,Audio,Aero Headphones,80.0,199.0,CUST-308,Customer 308,Education,India,APAC,Mumbai,13,2587.0,15.0%,388.05,2198.95,1040.00,1158.95,52.7%,52.64,Overnight,Delivered,5
30-03-2025,31-03-2025,BE-10505,Online,High,PROD-WEA-71,Wearables,Aura Smart Ring,70.0,199.0,CUST-389,Customer 389,Education,India,APAC,Mumbai,11,2189.0,10.0%,218.90,1970.10,770.00,1200.10,60.9%,42.70,Standard,Delivered,3
15-03-2026,22-03-2026,BE-10506,Distributor,Medium,PROD-SMA-28,Smart Home,Beacon Camera,35.0,99.0,CUST-688,Customer 688,Consumer,USA,NA,Los Angeles,9,891.0,15.0%,133.65,757.35,315.00,442.35,58.4%,43.01,Standard,Delivered,5
28-12-2024,02-01-2025,BE-10507,In-Store,Critical,PROD-MOB-77,Mobile,Quantum Phone X,400.0,899.0,CUST-425,Customer 425,Consumer,USA,NA,New York,12,10788.0,5.0%,539.40,10248.60,4800.00,5448.60,53.2%,59.25,Standard,Delivered,4
10-01-2024,13-01-2024,BE-10508,Online,Medium,PROD-AUD-86,Audio,NeoBuds Pro,45.0,120.0,CUST-629,Customer 629,Education,UK,EMEA,London,14,1680.0,0.0%,0.00,1680.00,630.00,1050.00,62.5%,51.27,Express,Delivered,5
18-10-2025,21-10-2025,BE-10509,Online,Low,PROD-AUD-95,Audio,Wave Soundbar,110.0,299.0,CUST-920,Customer 920,Corporate,Brazil,LATAM,Sao Paulo,13,3887.0,5.0%,194.35,3692.65,1430.00,2262.65,61.3%,39.30,Express,Delivered,1
25-02-2024,01-03-2024,BE-10510,In-Store,Critical,PROD-WEA-25,Wearables,Aura Smart Ring,70.0,199.0,CUST-369,Customer 369,Consumer,Mexico,LATAM,Mexico City,8,1592.0,5.0%,79.60,1512.40,560.00,952.40,63.0%,31.89,Express,Delivered,2
11-07-2025,14-07-2025,BE-10511,In-Store,Medium,PROD-WEA-14,Wearables,FitTrack Watch,50.0,149.0,CUST-761,Customer 761,Consumer,Mexico,LATAM,Mexico City,8,1192.0,5.0%,59.60,1132.40,400.00,732.40,64.7%,30.79,Standard,Delivered,4
12-01-2024,14-01-2024,BE-10512,Online,Medium,PROD-WEA-26,Wearables,FitTrack Watch,50.0,149.0,CUST-561,Customer 561,Education,Mexico,LATAM,Mexico City,11,1639.0,5.0%,81.95,1557.05,550.00,1007.05,64.7%,37.67,Express,Delivered,4
08-07-2025,10-07-2025,BE-10513,In-Store,Medium,PROD-COM-46,Computing,Apex Desktop,750.0,1599.0,CUST-315,Customer 315,Corporate,UK,EMEA,London,8,12792.0,5.0%,639.60,12152.40,6000.00,6152.40,50.6%,26.14,Overnight,Delivered,4
08-01-2026,11-01-2026,BE-10514,In-Store,High,PROD-SMA-45,Smart Home,Beacon Camera,35.0,99.0,CUST-345,Customer 345,Education,Mexico,LATAM,Mexico City,2,198.0,5.0%,9.90,188.10,70.00,118.10,62.8%,6.47,Overnight,Delivered,4
02-07-2024,05-07-2024,BE-10515,In-Store,High,PROD-WEA-19,Wearables,FitTrack Watch,50.0,149.0,CUST-413,Customer 413,Education,Australia,APAC,Sydney,6,894.0,15.0%,134.10,759.90,300.00,459.90,60.5%,16.82,Overnight,Delivered,5
25-03-2026,30-03-2026,BE-10516,In-Store,Medium,PROD-MOB-24,Mobile,Quantum Phone X,400.0,899.0,CUST-521,Customer 521,Consumer,Mexico,LATAM,Mexico City,8,7192.0,5.0%,359.60,6832.40,3200.00,3632.40,53.2%,28.51,Overnight,Delivered,3
05-03-2024,08-03-2024,BE-10517,Online,High,PROD-AUD-11,Audio,Aero Headphones,80.0,199.0,CUST-494,Customer 494,Education,Canada,NA,Toronto,12,2388.0,10.0%,238.80,2149.20,960.00,1189.20,55.3%,29.47,Express,Delivered,5
28-03-2025,29-03-2025,BE-10518,Online,Medium,PROD-SMA-64,Smart Home,Omni Speaker,25.0,69.0,CUST-391,Customer 391,Consumer,Mexico,LATAM,Mexico City,10,690.0,0.0%,0.00,690.00,250.00,440.00,63.8%,27.83,Standard,Delivered,5
24-06-2025,28-06-2025,BE-10519,In-Store,Medium,PROD-MOB-48,Mobile,Alpha Lite,150.0,349.0,CUST-910,Customer 910,Education,Japan,APAC,Tokyo,11,3839.0,10.0%,383.90,3455.10,1650.00,1805.10,52.2%,35.70,Express,Delivered,4
26-01-2024,30-01-2024,BE-10520,Online,Medium,PROD-WEA-11,Wearables,Aura Smart Ring,70.0,199.0,CUST-515,Customer 515,Education,Australia,APAC,Sydney,9,1791.0,0.0%,0.00,1791.00,630.00,1161.00,64.8%,40.98,Standard,Delayed,4
10-06-2026,16-06-2026,BE-10521,In-Store,High,PROD-SMA-31,Smart Home,Omni Speaker,25.0,69.0,CUST-455,Customer 455,Education,India,APAC,Mumbai,6,414.0,0.0%,0.00,414.00,150.00,264.00,63.8%,19.88,Overnight,Delivered,4
02-07-2025,07-07-2025,BE-10522,In-Store,High,PROD-WEA-90,Wearables,FitTrack Watch,50.0,149.0,CUST-470,Customer 470,Consumer,USA,NA,New York,2,298.0,10.0%,29.80,268.20,100.00,168.20,62.7%,6.76,Express,Delivered,4
05-10-2025,09-10-2025,BE-10523,In-Store,High,PROD-WEA-86,Wearables,FitTrack Watch,50.0,149.0,CUST-603,Customer 603,Corporate,Brazil,LATAM,Sao Paulo,10,1490.0,0.0%,0.00,1490.00,500.00,990.00,66.4%,37.11,Standard,Delayed,5
19-08-2025,22-08-2025,BE-10524,Online,Low,PROD-COM-78,Computing,Titan Laptop,600.0,1299.0,CUST-141,Customer 141,Consumer,Australia,APAC,Sydney,8,10392.0,0.0%,0.00,10392.00,4800.00,5592.00,53.8%,26.79,Standard,Delivered,5
29-02-2024,01-03-2024,BE-10525,In-Store,Low,PROD-AUD-69,Audio,Aero Headphones,80.0,199.0,CUST-108,Customer 108,Corporate,USA,NA,Los Angeles,13,2587.0,5.0%,129.35,2457.65,1040.00,1417.65,57.7%,46.28,Standard,Delayed,4
19-08-2025,24-08-2025,BE-10526,In-Store,High,PROD-SMA-60,Smart Home,Beacon Camera,35.0,99.0,CUST-659,Customer 659,Consumer,Japan,APAC,Tokyo,10,990.0,0.0%,0.00,990.00,350.00,640.00,64.7%,30.65,Overnight,Delivered,4
12-11-2024,15-11-2024,BE-10527,Online,Medium,PROD-AUD-57,Audio,Wave Soundbar,110.0,299.0,CUST-287,Customer 287,Consumer,Germany,EMEA,Berlin,4,1196.0,0.0%,0.00,1196.00,440.00,756.00,63.2%,11.80,Overnight,Delivered,5
12-09-2025,13-09-2025,BE-10528,In-Store,Low,PROD-AUD-22,Audio,Wave Soundbar,110.0,299.0,CUST-595,Customer 595,Corporate,Brazil,LATAM,Sao Paulo,13,3887.0,0.0%,0.00,3887.00,1430.00,2457.00,63.2%,57.19,Overnight,Returned,5
10-11-2024,12-11-2024,BE-10529,Online,Medium,PROD-AUD-29,Audio,Aero Headphones,80.0,199.0,CUST-816,Customer 816,Consumer,Mexico,LATAM,Mexico City,6,1194.0,15.0%,179.10,1014.90,480.00,534.90,52.7%,22.76,Express,Delivered,4
08-08-2025,15-08-2025,BE-10530,In-Store,Low,PROD-MOB-75,Mobile,Alpha Lite,150.0,349.0,CUST-142,Customer 142,Consumer,USA,NA,Los Angeles,13,4537.0,0.0%,0.00,4537.00,1950.00,2587.00,57.0%,38.60,Express,Delayed,3
13-01-2025,17-01-2025,BE-10531,Online,High,PROD-COM-91,Computing,Titan Laptop,600.0,1299.0,CUST-265,Customer 265,Corporate,Germany,EMEA,Berlin,9,11691.0,0.0%,0.00,11691.00,5400.00,6291.00,53.8%,40.61,Overnight,Delivered,4
08-12-2025,10-12-2025,BE-10532,Online,Low,PROD-AUD-60,Audio,Aero Headphones,80.0,199.0,CUST-945,Customer 945,Consumer,Japan,APAC,Tokyo,9,1791.0,15.0%,268.65,1522.35,720.00,802.35,52.7%,35.12,Express,Delivered,5
21-06-2025,23-06-2025,BE-10533,Online,Medium,PROD-SMA-56,Smart Home,Omni Speaker,25.0,69.0,CUST-258,Customer 258,Corporate,Brazil,LATAM,Sao Paulo,12,828.0,0.0%,0.00,828.00,300.00,528.00,63.8%,39.39,Overnight,Delivered,4
06-04-2026,09-04-2026,BE-10534,In-Store,Medium,PROD-MOB-63,Mobile,Alpha Lite,150.0,349.0,CUST-555,Customer 555,Consumer,USA,NA,New York,10,3490.0,0.0%,0.00,3490.00,1500.00,1990.00,57.0%,33.96,Express,Delivered,5
10-07-2025,15-07-2025,BE-10535,Online,Medium,PROD-COM-84,Computing,Apex Desktop,750.0,1599.0,CUST-495,Customer 495,Consumer,France,EMEA,Paris,14,22386.0,0.0%,0.00,22386.00,10500.00,11886.00,53.1%,65.64,Express,Delivered,5
17-02-2025,20-02-2025,BE-10536,Distributor,High,PROD-WEA-81,Wearables,FitTrack Watch,50.0,149.0,CUST-309,Customer 309,Education,UK,EMEA,London,4,596.0,10.0%,59.60,536.40,200.00,336.40,62.7%,18.22,Express,Delayed,2
02-10-2024,04-10-2024,BE-10537,In-Store,Medium,PROD-COM-53,Computing,Pro Monitor 27,120.0,279.0,CUST-238,Customer 238,Education,Canada,NA,Toronto,13,3627.0,5.0%,181.35,3445.65,1560.00,1885.65,54.7%,40.91,Standard,Delivered,5
15-04-2024,16-04-2024,BE-10538,Distributor,Medium,PROD-SMA-28,Smart Home,Beacon Camera,35.0,99.0,CUST-713,Customer 713,Consumer,UK,EMEA,London,2,198.0,0.0%,0.00,198.00,70.00,128.00,64.7%,5.86,Express,Delivered,4
24-03-2024,25-03-2024,BE-10539,In-Store,Low,PROD-AUD-33,Audio,NeoBuds Pro,45.0,120.0,CUST-467,Customer 467,Corporate,Australia,APAC,Sydney,2,240.0,0.0%,0.00,240.00,90.00,150.00,62.5%,9.45,Overnight,Delivered,5
08-04-2025,11-04-2025,BE-10540,Distributor,Medium,PROD-AUD-71,Audio,Aero Headphones,80.0,199.0,CUST-433,Customer 433,Corporate,USA,NA,Los Angeles,11,2189.0,15.0%,328.35,1860.65,880.00,980.65,52.7%,50.73,Express,Delivered,5
09-04-2026,12-04-2026,BE-10541,In-Store,Medium,PROD-SMA-55,Smart Home,Beacon Camera,35.0,99.0,CUST-912,Customer 912,Consumer,France,EMEA,Paris,13,1287.0,10.0%,128.70,1158.30,455.00,703.30,60.7%,58.29,Express,Delivered,5
20-01-2024,24-01-2024,BE-10542,In-Store,Medium,PROD-AUD-82,Audio,Wave Soundbar,110.0,299.0,CUST-761,Customer 761,Consumer,India,APAC,Mumbai,9,2691.0,10.0%,269.10,2421.90,990.00,1431.90,59.1%,27.96,Standard,Delayed,3
10-05-2024,11-05-2024,BE-10543,Distributor,High,PROD-SMA-91,Smart Home,Beacon Camera,35.0,99.0,CUST-761,Customer 761,Education,India,APAC,Mumbai,11,1089.0,5.0%,54.45,1034.55,385.00,649.55,62.8%,34.94,Standard,Delivered,4
27-09-2024,30-09-2024,BE-10544,In-Store,Medium,PROD-WEA-85,Wearables,FitTrack Watch,50.0,149.0,CUST-448,Customer 448,Education,USA,NA,Los Angeles,9,1341.0,0.0%,0.00,1341.00,450.00,891.00,66.4%,23.17,Overnight,Delivered,1
29-03-2026,03-04-2026,BE-10545,In-Store,Critical,PROD-AUD-74,Audio,Wave Soundbar,110.0,299.0,CUST-112,Customer 112,Consumer,Canada,NA,Toronto,13,3887.0,0.0%,0.00,3887.00,1430.00,2457.00,63.2%,54.58,Standard,Delivered,1
05-06-2025,07-06-2025,BE-10546,In-Store,Medium,PROD-AUD-84,Audio,NeoBuds Pro,45.0,120.0,CUST-716,Customer 716,Consumer,India,APAC,Mumbai,12,1440.0,5.0%,72.00,1368.00,540.00,828.00,60.5%,42.21,Standard,Delivered,5
20-12-2024,24-12-2024,BE-10547,Online,Medium,PROD-AUD-10,Audio,Wave Soundbar,110.0,299.0,CUST-188,Customer 188,Consumer,USA,NA,New York,3,897.0,0.0%,0.00,897.00,330.00,567.00,63.2%,8.46,Express,Delivered,5
13-09-2024,16-09-2024,BE-10548,In-Store,Medium,PROD-AUD-56,Audio,Aero Headphones,80.0,199.0,CUST-113,Customer 113,Education,Australia,APAC,Sydney,3,597.0,0.0%,0.00,597.00,240.00,357.00,59.8%,8.18,Express,Delivered,4
02-08-2025,09-08-2025,BE-10549,Distributor,Medium,PROD-WEA-74,Wearables,Aura Smart Ring,70.0,199.0,CUST-634,Customer 634,Consumer,UK,EMEA,London,7,1393.0,0.0%,0.00,1393.00,490.00,903.00,64.8%,30.07,Overnight,Delivered,4
25-10-2025,28-10-2025,BE-10550,Distributor,Low,PROD-COM-95,Computing,Pro Monitor 27,120.0,279.0,CUST-502,Customer 502,Education,Brazil,LATAM,Sao Paulo,4,1116.0,10.0%,111.60,1004.40,480.00,524.40,52.2%,13.43,Overnight,Delivered,4
28-07-2024,01-08-2024,BE-10551,Online,Critical,PROD-AUD-85,Audio,Wave Soundbar,110.0,299.0,CUST-865,Customer 865,Education,Germany,EMEA,Berlin,4,1196.0,0.0%,0.00,1196.00,440.00,756.00,63.2%,13.83,Standard,Delivered,5
29-10-2025,02-11-2025,BE-10552,Distributor,Low,PROD-COM-52,Computing,Apex Desktop,750.0,1599.0,CUST-394,Customer 394,Consumer,Mexico,LATAM,Mexico City,4,6396.0,0.0%,0.00,6396.00,3000.00,3396.00,53.1%,8.13,Standard,Delivered,5
16-06-2024,19-06-2024,BE-10553,In-Store,Medium,PROD-COM-42,Computing,Apex Desktop,750.0,1599.0,CUST-416,Customer 416,Corporate,France,EMEA,Paris,2,3198.0,0.0%,0.00,3198.00,1500.00,1698.00,53.1%,6.77,Express,Delivered,5
21-08-2024,27-08-2024,BE-10554,Distributor,High,PROD-WEA-40,Wearables,FitTrack Watch,50.0,149.0,CUST-185,Customer 185,Corporate,Australia,APAC,Sydney,1,149.0,0.0%,0.00,149.00,50.00,99.00,66.4%,3.71,Express,Delayed,5
05-04-2024,07-04-2024,BE-10555,Distributor,Low,PROD-WEA-41,Wearables,FitTrack Watch,50.0,149.0,CUST-987,Customer 987,Education,USA,NA,Los Angeles,2,298.0,0.0%,0.00,298.00,100.00,198.00,66.4%,8.94,Overnight,Delivered,5
18-05-2026,22-05-2026,BE-10556,Online,Medium,PROD-MOB-60,Mobile,Alpha Lite,150.0,349.0,CUST-684,Customer 684,Consumer,Brazil,LATAM,Sao Paulo,6,2094.0,10.0%,209.40,1884.60,900.00,984.60,52.2%,16.97,Standard,Delivered,5
28-05-2024,01-06-2024,BE-10557,In-Store,High,PROD-COM-54,Computing,Apex Desktop,750.0,1599.0,CUST-886,Customer 886,Corporate,USA,NA,New York,4,6396.0,0.0%,0.00,6396.00,3000.00,3396.00,53.1%,17.36,Standard,Delivered,4
20-04-2024,22-04-2024,BE-10558,In-Store,Critical,PROD-AUD-79,Audio,NeoBuds Pro,45.0,120.0,CUST-422,Customer 422,Education,USA,NA,Los Angeles,6,720.0,10.0%,72.00,648.00,270.00,378.00,58.3%,26.58,Overnight,Delivered,3
27-09-2024,03-10-2024,BE-10559,Distributor,Low,PROD-MOB-65,Mobile,Quantum Phone X,400.0,899.0,CUST-918,Customer 918,Corporate,Germany,EMEA,Berlin,1,899.0,15.0%,134.85,764.15,400.00,364.15,47.7%,2.55,Overnight,Delivered,5
31-01-2026,06-02-2026,BE-10560,Online,Medium,PROD-MOB-32,Mobile,Quantum Phone X,400.0,899.0,CUST-791,Customer 791,Corporate,Canada,NA,Toronto,11,9889.0,0.0%,0.00,9889.00,4400.00,5489.00,55.5%,25.34,Overnight,Delayed,5
13-01-2024,15-01-2024,BE-10561,Online,High,PROD-WEA-95,Wearables,Aura Smart Ring,70.0,199.0,CUST-721,Customer 721,Consumer,Germany,EMEA,Berlin,11,2189.0,0.0%,0.00,2189.00,770.00,1419.00,64.8%,36.60,Express,Delivered,4
30-01-2026,03-02-2026,BE-10562,In-Store,High,PROD-MOB-24,Mobile,Quantum Phone X,400.0,899.0,CUST-159,Customer 159,Education,Mexico,LATAM,Mexico City,8,7192.0,0.0%,0.00,7192.00,3200.00,3992.00,55.5%,17.13,Overnight,Delivered,4
06-06-2026,09-06-2026,BE-10563,In-Store,Critical,PROD-AUD-59,Audio,NeoBuds Pro,45.0,120.0,CUST-164,Customer 164,Corporate,Japan,APAC,Tokyo,1,120.0,0.0%,0.00,120.00,45.00,75.00,62.5%,2.13,Standard,Delivered,4
19-01-2025,23-01-2025,BE-10564,Distributor,Low,PROD-WEA-65,Wearables,Aura Smart Ring,70.0,199.0,CUST-169,Customer 169,Education,Japan,APAC,Tokyo,4,796.0,0.0%,0.00,796.00,280.00,516.00,64.8%,12.26,Standard,Delivered,3
13-07-2025,14-07-2025,BE-10565,Online,High,PROD-AUD-30,Audio,Wave Soundbar,110.0,299.0,CUST-163,Customer 163,Education,USA,NA,Los Angeles,9,2691.0,0.0%,0.00,2691.00,990.00,1701.00,63.2%,21.79,Standard,Delivered,5
08-03-2025,14-03-2025,BE-10566,Online,Medium,PROD-AUD-65,Audio,Aero Headphones,80.0,199.0,CUST-668,Customer 668,Corporate,USA,NA,New York,9,1791.0,5.0%,89.55,1701.45,720.00,981.45,57.7%,33.87,Overnight,Delivered,4
09-03-2025,13-03-2025,BE-10567,Online,High,PROD-AUD-45,Audio,Wave Soundbar,110.0,299.0,CUST-512,Customer 512,Corporate,Australia,APAC,Sydney,9,2691.0,0.0%,0.00,2691.00,990.00,1701.00,63.2%,28.86,Standard,Returned,4
18-05-2024,21-05-2024,BE-10568,In-Store,Low,PROD-WEA-89,Wearables,Aura Smart Ring,70.0,199.0,CUST-947,Customer 947,Consumer,UK,EMEA,London,14,2786.0,0.0%,0.00,2786.00,980.00,1806.00,64.8%,57.52,Express,Delivered,5
28-11-2025,30-11-2025,BE-10569,Online,Low,PROD-SMA-40,Smart Home,Beacon Camera,35.0,99.0,CUST-160,Customer 160,Education,USA,NA,New York,14,1386.0,20.0%,277.20,1108.80,490.00,618.80,55.8%,60.91,Overnight,Delivered,5
21-04-2024,24-04-2024,BE-10570,In-Store,Low,PROD-AUD-84,Audio,NeoBuds Pro,45.0,120.0,CUST-814,Customer 814,Corporate,UK,EMEA,London,11,1320.0,10.0%,132.00,1188.00,495.00,693.00,58.3%,40.37,Express,Delivered,4
07-06-2026,11-06-2026,BE-10571,In-Store,Low,PROD-MOB-54,Mobile,Quantum Phone X,400.0,899.0,CUST-435,Customer 435,Corporate,India,APAC,Mumbai,12,10788.0,5.0%,539.40,10248.60,4800.00,5448.60,53.2%,54.59,Standard,Delivered,3
05-04-2025,08-04-2025,BE-10572,Distributor,Medium,PROD-COM-81,Computing,Apex Desktop,750.0,1599.0,CUST-748,Customer 748,Consumer,USA,NA,New York,7,11193.0,0.0%,0.00,11193.00,5250.00,5943.00,53.1%,21.62,Standard,Delivered,2
07-09-2025,11-09-2025,BE-10573,In-Store,Medium,PROD-WEA-11,Wearables,FitTrack Watch,50.0,149.0,CUST-665,Customer 665,Education,USA,NA,Los Angeles,11,1639.0,0.0%,0.00,1639.00,550.00,1089.00,66.4%,35.99,Overnight,Delivered,5
18-12-2025,20-12-2025,BE-10574,Distributor,Low,PROD-COM-90,Computing,Pro Monitor 27,120.0,279.0,CUST-146,Customer 146,Education,USA,NA,New York,2,558.0,5.0%,27.90,530.10,240.00,290.10,54.7%,4.90,Express,Delivered,4
12-06-2024,15-06-2024,BE-10575,In-Store,Medium,PROD-AUD-48,Audio,NeoBuds Pro,45.0,120.0,CUST-158,Customer 158,Consumer,Brazil,LATAM,Sao Paulo,5,600.0,0.0%,0.00,600.00,225.00,375.00,62.5%,20.32,Overnight,Delivered,3
02-11-2025,06-11-2025,BE-10576,Online,Low,PROD-WEA-37,Wearables,Aura Smart Ring,70.0,199.0,CUST-399,Customer 399,Consumer,Brazil,LATAM,Sao Paulo,1,199.0,10.0%,19.90,179.10,70.00,109.10,60.9%,2.17,Express,Delivered,4
11-04-2026,13-04-2026,BE-10577,Distributor,Medium,PROD-COM-12,Computing,Titan Laptop,600.0,1299.0,CUST-390,Customer 390,Consumer,USA,NA,New York,4,5196.0,0.0%,0.00,5196.00,2400.00,2796.00,53.8%,15.67,Standard,Delivered,5
21-01-2025,26-01-2025,BE-10578,Online,High,PROD-AUD-77,Audio,Aero Headphones,80.0,199.0,CUST-275,Customer 275,Education,USA,NA,Los Angeles,9,1791.0,0.0%,0.00,1791.00,720.00,1071.00,59.8%,36.28,Overnight,Delayed,5
26-03-2025,29-03-2025,BE-10579,In-Store,Medium,PROD-WEA-28,Wearables,Aura Smart Ring,70.0,199.0,CUST-927,Customer 927,Corporate,USA,NA,New York,11,2189.0,0.0%,0.00,2189.00,770.00,1419.00,64.8%,34.32,Standard,Delayed,5
19-05-2026,23-05-2026,BE-10580,In-Store,Medium,PROD-AUD-78,Audio,NeoBuds Pro,45.0,120.0,CUST-406,Customer 406,Education,USA,NA,Los Angeles,1,120.0,0.0%,0.00,120.00,45.00,75.00,62.5%,4.00,Express,Delivered,1
31-05-2026,01-06-2026,BE-10581,Online,Medium,PROD-AUD-96,Audio,Aero Headphones,80.0,199.0,CUST-798,Customer 798,Consumer,UK,EMEA,London,8,1592.0,20.0%,318.40,1273.60,640.00,633.60,49.8%,30.38,Overnight,Delivered,4
24-10-2025,27-10-2025,BE-10582,Online,Low,PROD-MOB-65,Mobile,Alpha Lite,150.0,349.0,CUST-800,Customer 800,Consumer,USA,NA,New York,8,2792.0,0.0%,0.00,2792.00,1200.00,1592.00,57.0%,28.15,Standard,Delivered,3
25-09-2025,01-10-2025,BE-10583,In-Store,Medium,PROD-SMA-63,Smart Home,Omni Speaker,25.0,69.0,CUST-581,Customer 581,Consumer,Canada,NA,Toronto,8,552.0,0.0%,0.00,552.00,200.00,352.00,63.8%,30.63,Express,Delivered,4
15-01-2026,19-01-2026,BE-10584,In-Store,Medium,PROD-SMA-18,Smart Home,Omni Speaker,25.0,69.0,CUST-932,Customer 932,Corporate,UK,EMEA,London,3,207.0,10.0%,20.70,186.30,75.00,111.30,59.7%,8.47,Standard,Delivered,4
21-01-2024,23-01-2024,BE-10585,Online,High,PROD-COM-41,Computing,Titan Laptop,600.0,1299.0,CUST-738,Customer 738,Corporate,USA,NA,New York,9,11691.0,0.0%,0.00,11691.00,5400.00,6291.00,53.8%,19.65,Express,Delivered,5
21-11-2024,24-11-2024,BE-10586,In-Store,Medium,PROD-AUD-77,Audio,Wave Soundbar,110.0,299.0,CUST-832,Customer 832,Education,Japan,APAC,Tokyo,10,2990.0,5.0%,149.50,2840.50,1100.00,1740.50,61.3%,45.67,Standard,Delivered,4
21-06-2024,23-06-2024,BE-10587,In-Store,Medium,PROD-MOB-97,Mobile,Alpha Lite,150.0,349.0,CUST-510,Customer 510,Education,Canada,NA,Toronto,7,2443.0,0.0%,0.00,2443.00,1050.00,1393.00,57.0%,21.18,Standard,Delivered,1
19-09-2025,22-09-2025,BE-10588,In-Store,Medium,PROD-AUD-89,Audio,Wave Soundbar,110.0,299.0,CUST-118,Customer 118,Consumer,Australia,APAC,Sydney,4,1196.0,10.0%,119.60,1076.40,440.00,636.40,59.1%,12.45,Express,Delivered,3
23-03-2026,26-03-2026,BE-10589,Online,Medium,PROD-MOB-42,Mobile,Quantum Phone X,400.0,899.0,CUST-372,Customer 372,Consumer,India,APAC,Mumbai,11,9889.0,15.0%,1483.35,8405.65,4400.00,4005.65,47.7%,54.92,Standard,Returned,3
25-01-2024,29-01-2024,BE-10590,Online,Medium,PROD-COM-59,Computing,Apex Desktop,750.0,1599.0,CUST-486,Customer 486,Education,UK,EMEA,London,9,14391.0,10.0%,1439.10,12951.90,6750.00,6201.90,47.9%,38.83,Overnight,Delivered,3
12-03-2025,14-03-2025,BE-10591,Distributor,Low,PROD-AUD-31,Audio,Wave Soundbar,110.0,299.0,CUST-846,Customer 846,Consumer,Mexico,LATAM,Mexico City,1,299.0,15.0%,44.85,254.15,110.00,144.15,56.7%,4.88,Standard,Delayed,4
09-02-2026,13-02-2026,BE-10592,Online,Medium,PROD-AUD-59,Audio,Wave Soundbar,110.0,299.0,CUST-268,Customer 268,Corporate,Canada,NA,Toronto,11,3289.0,0.0%,0.00,3289.00,1210.00,2079.00,63.2%,41.91,Express,Delayed,5
23-01-2024,29-01-2024,BE-10593,Distributor,Medium,PROD-MOB-70,Mobile,Quantum Phone X,400.0,899.0,CUST-934,Customer 934,Corporate,USA,NA,New York,9,8091.0,0.0%,0.00,8091.00,3600.00,4491.00,55.5%,25.09,Standard,Delivered,5
03-09-2025,06-09-2025,BE-10594,Online,High,PROD-SMA-59,Smart Home,Beacon Camera,35.0,99.0,CUST-985,Customer 985,Education,Canada,NA,Toronto,1,99.0,10.0%,9.90,89.10,35.00,54.10,60.7%,4.15,Standard,Delivered,3
07-01-2024,11-01-2024,BE-10595,In-Store,Medium,PROD-WEA-90,Wearables,FitTrack Watch,50.0,149.0,CUST-353,Customer 353,Consumer,India,APAC,Mumbai,2,298.0,10.0%,29.80,268.20,100.00,168.20,62.7%,6.49,Standard,Delivered,4
18-07-2024,21-07-2024,BE-10596,Distributor,Medium,PROD-SMA-19,Smart Home,Beacon Camera,35.0,99.0,CUST-721,Customer 721,Consumer,USA,NA,New York,7,693.0,15.0%,103.95,589.05,245.00,344.05,58.4%,17.62,Overnight,Delivered,5
24-12-2024,26-12-2024,BE-10597,In-Store,High,PROD-COM-69,Computing,Titan Laptop,600.0,1299.0,CUST-641,Customer 641,Consumer,UK,EMEA,London,3,3897.0,15.0%,584.55,3312.45,1800.00,1512.45,45.7%,11.24,Standard,Delivered,4
20-12-2025,23-12-2025,BE-10598,Online,High,PROD-SMA-42,Smart Home,Omni Speaker,25.0,69.0,CUST-189,Customer 189,Education,Japan,APAC,Tokyo,8,552.0,0.0%,0.00,552.00,200.00,352.00,63.8%,16.75,Overnight,Delivered,4
10-08-2024,11-08-2024,BE-10599,In-Store,Medium,PROD-WEA-69,Wearables,Aura Smart Ring,70.0,199.0,CUST-706,Customer 706,Education,Canada,NA,Toronto,11,2189.0,5.0%,109.45,2079.55,770.00,1309.55,63.0%,26.69,Standard,Returned,4
13-09-2024,14-09-2024,BE-10600,In-Store,Low,PROD-WEA-49,Wearables,Aura Smart Ring,70.0,199.0,CUST-118,Customer 118,Education,Canada,NA,Toronto,3,597.0,5.0%,29.85,567.15,210.00,357.15,63.0%,10.75,Overnight,Delivered,5
29-08-2025,02-09-2025,BE-10601,Distributor,Medium,PROD-WEA-68,Wearables,Aura Smart Ring,70.0,199.0,CUST-435,Customer 435,Corporate,Mexico,LATAM,Mexico City,12,2388.0,0.0%,0.00,2388.00,840.00,1548.00,64.8%,50.49,Overnight,Delivered,4
02-06-2026,06-06-2026,BE-10602,Online,Medium,PROD-MOB-74,Mobile,Alpha Lite,150.0,349.0,CUST-892,Customer 892,Consumer,Japan,APAC,Tokyo,1,349.0,5.0%,17.45,331.55,150.00,181.55,54.8%,4.01,Standard,Delayed,5
14-08-2025,18-08-2025,BE-10603,Online,Medium,PROD-WEA-52,Wearables,FitTrack Watch,50.0,149.0,CUST-727,Customer 727,Consumer,Germany,EMEA,Berlin,7,1043.0,10.0%,104.30,938.70,350.00,588.70,62.7%,27.61,Overnight,Delivered,5
07-03-2026,10-03-2026,BE-10604,Distributor,Medium,PROD-MOB-83,Mobile,Quantum Phone X,400.0,899.0,CUST-932,Customer 932,Corporate,India,APAC,Mumbai,13,11687.0,15.0%,1753.05,9933.95,5200.00,4733.95,47.7%,50.67,Standard,Delivered,4
16-11-2025,19-11-2025,BE-10605,Online,Medium,PROD-WEA-30,Wearables,FitTrack Watch,50.0,149.0,CUST-618,Customer 618,Consumer,Brazil,LATAM,Sao Paulo,4,596.0,5.0%,29.80,566.20,200.00,366.20,64.7%,19.21,Standard,Delivered,5
04-04-2026,06-04-2026,BE-10606,Online,Critical,PROD-AUD-33,Audio,Aero Headphones,80.0,199.0,CUST-538,Customer 538,Consumer,India,APAC,Mumbai,5,995.0,20.0%,199.00,796.00,400.00,396.00,49.8%,13.71,Express,Delivered,1
12-01-2026,13-01-2026,BE-10607,Distributor,Medium,PROD-SMA-98,Smart Home,Beacon Camera,35.0,99.0,CUST-476,Customer 476,Corporate,Canada,NA,Toronto,13,1287.0,0.0%,0.00,1287.00,455.00,832.00,64.7%,50.61,Express,Delivered,4
19-07-2025,22-07-2025,BE-10608,Online,Medium,PROD-SMA-20,Smart Home,Omni Speaker,25.0,69.0,CUST-973,Customer 973,Consumer,Mexico,LATAM,Mexico City,4,276.0,0.0%,0.00,276.00,100.00,176.00,63.8%,10.47,Express,Delivered,5
10-01-2026,16-01-2026,BE-10609,Online,Medium,PROD-AUD-87,Audio,Wave Soundbar,110.0,299.0,CUST-998,Customer 998,Corporate,Canada,NA,Toronto,11,3289.0,0.0%,0.00,3289.00,1210.00,2079.00,63.2%,49.08,Overnight,Delayed,1
06-11-2025,08-11-2025,BE-10610,Distributor,High,PROD-MOB-16,Mobile,Quantum Phone X,400.0,899.0,CUST-912,Customer 912,Education,India,APAC,Mumbai,2,1798.0,5.0%,89.90,1708.10,800.00,908.10,53.2%,6.45,Standard,Delayed,4
14-08-2025,15-08-2025,BE-10611,In-Store,Medium,PROD-SMA-15,Smart Home,Omni Speaker,25.0,69.0,CUST-834,Customer 834,Education,Canada,NA,Toronto,2,138.0,10.0%,13.80,124.20,50.00,74.20,59.7%,4.19,Standard,Delivered,5
08-08-2024,12-08-2024,BE-10612,Online,Low,PROD-SMA-13,Smart Home,Beacon Camera,35.0,99.0,CUST-209,Customer 209,Corporate,France,EMEA,Paris,10,990.0,5.0%,49.50,940.50,350.00,590.50,62.8%,46.63,Overnight,Delivered,5
10-09-2025,16-09-2025,BE-10613,Online,Medium,PROD-WEA-71,Wearables,Aura Smart Ring,70.0,199.0,CUST-306,Customer 306,Education,India,APAC,Mumbai,6,1194.0,0.0%,0.00,1194.00,420.00,774.00,64.8%,28.14,Express,Delivered,4
11-06-2024,14-06-2024,BE-10614,Distributor,High,PROD-COM-64,Computing,Pro Monitor 27,120.0,279.0,CUST-919,Customer 919,Consumer,India,APAC,Mumbai,8,2232.0,0.0%,0.00,2232.00,960.00,1272.00,57.0%,35.47,Overnight,Delivered,5
13-07-2024,16-07-2024,BE-10615,Online,Medium,PROD-AUD-82,Audio,NeoBuds Pro,45.0,120.0,CUST-238,Customer 238,Consumer,India,APAC,Mumbai,4,480.0,0.0%,0.00,480.00,180.00,300.00,62.5%,13.23,Overnight,Delivered,2
21-03-2024,23-03-2024,BE-10616,Online,High,PROD-AUD-36,Audio,Wave Soundbar,110.0,299.0,CUST-150,Customer 150,Consumer,Mexico,LATAM,Mexico City,4,1196.0,10.0%,119.60,1076.40,440.00,636.40,59.1%,15.16,Overnight,Delivered,3
23-07-2024,26-07-2024,BE-10617,Online,Low,PROD-MOB-50,Mobile,Alpha Lite,150.0,349.0,CUST-226,Customer 226,Consumer,Germany,EMEA,Berlin,10,3490.0,15.0%,523.50,2966.50,1500.00,1466.50,49.4%,28.37,Overnight,Delivered,5
04-10-2025,09-10-2025,BE-10618,In-Store,Medium,PROD-MOB-80,Mobile,Quantum Phone X,400.0,899.0,CUST-649,Customer 649,Corporate,India,APAC,Mumbai,8,7192.0,0.0%,0.00,7192.00,3200.00,3992.00,55.5%,27.24,Standard,Delivered,1
31-10-2025,04-11-2025,BE-10619,Distributor,Low,PROD-COM-46,Computing,Apex Desktop,750.0,1599.0,CUST-609,Customer 609,Consumer,France,EMEA,Paris,11,17589.0,0.0%,0.00,17589.00,8250.00,9339.00,53.1%,52.19,Standard,Delayed,5
11-08-2025,15-08-2025,BE-10620,In-Store,Medium,PROD-WEA-36,Wearables,FitTrack Watch,50.0,149.0,CUST-461,Customer 461,Consumer,India,APAC,Mumbai,6,894.0,5.0%,44.70,849.30,300.00,549.30,64.7%,14.47,Express,Delivered,4
20-11-2025,22-11-2025,BE-10621,Distributor,Medium,PROD-MOB-89,Mobile,Quantum Phone X,400.0,899.0,CUST-613,Customer 613,Consumer,UK,EMEA,London,14,12586.0,0.0%,0.00,12586.00,5600.00,6986.00,55.5%,42.50,Standard,Delayed,4
26-03-2026,31-03-2026,BE-10622,Distributor,Low,PROD-MOB-40,Mobile,Alpha Lite,150.0,349.0,CUST-539,Customer 539,Corporate,Brazil,LATAM,Sao Paulo,13,4537.0,0.0%,0.00,4537.00,1950.00,2587.00,57.0%,46.36,Overnight,Delivered,5
11-10-2025,15-10-2025,BE-10623,Distributor,Medium,PROD-MOB-32,Mobile,Alpha Lite,150.0,349.0,CUST-601,Customer 601,Corporate,USA,NA,New York,4,1396.0,10.0%,139.60,1256.40,600.00,656.40,52.2%,10.56,Standard,Delivered,5
10-04-2025,13-04-2025,BE-10624,Distributor,High,PROD-AUD-98,Audio,NeoBuds Pro,45.0,120.0,CUST-975,Customer 975,Education,France,EMEA,Paris,6,720.0,0.0%,0.00,720.00,270.00,450.00,62.5%,29.51,Standard,Delivered,5
21-02-2026,23-02-2026,BE-10625,Distributor,Low,PROD-AUD-56,Audio,Wave Soundbar,110.0,299.0,CUST-125,Customer 125,Education,UK,EMEA,London,3,897.0,0.0%,0.00,897.00,330.00,567.00,63.2%,14.64,Overnight,Delivered,4
15-05-2024,17-05-2024,BE-10626,Distributor,Low,PROD-AUD-48,Audio,Wave Soundbar,110.0,299.0,CUST-937,Customer 937,Corporate,Australia,APAC,Sydney,5,1495.0,20.0%,299.00,1196.00,550.00,646.00,54.0%,10.22,Overnight,Delivered,5
31-01-2026,02-02-2026,BE-10627,In-Store,Low,PROD-COM-42,Computing,Apex Desktop,750.0,1599.0,CUST-439,Customer 439,Education,India,APAC,Mumbai,6,9594.0,5.0%,479.70,9114.30,4500.00,4614.30,50.6%,25.15,Express,Delivered,4
21-05-2025,23-05-2025,BE-10628,Online,Medium,PROD-AUD-45,Audio,Wave Soundbar,110.0,299.0,CUST-826,Customer 826,Education,Canada,NA,Toronto,6,1794.0,0.0%,0.00,1794.00,660.00,1134.00,63.2%,27.92,Express,Delivered,3
18-09-2024,20-09-2024,BE-10629,In-Store,Low,PROD-WEA-61,Wearables,FitTrack Watch,50.0,149.0,CUST-320,Customer 320,Corporate,India,APAC,Mumbai,4,596.0,10.0%,59.60,536.40,200.00,336.40,62.7%,19.86,Express,Delivered,5
30-03-2025,06-04-2025,BE-10630,In-Store,High,PROD-AUD-75,Audio,Wave Soundbar,110.0,299.0,CUST-767,Customer 767,Corporate,Germany,EMEA,Berlin,11,3289.0,0.0%,0.00,3289.00,1210.00,2079.00,63.2%,37.93,Overnight,Delivered,4
01-04-2026,04-04-2026,BE-10631,Distributor,Critical,PROD-MOB-94,Mobile,Quantum Phone X,400.0,899.0,CUST-502,Customer 502,Consumer,Japan,APAC,Tokyo,13,11687.0,0.0%,0.00,11687.00,5200.00,6487.00,55.5%,58.72,Overnight,Delivered,4
31-05-2025,03-06-2025,BE-10632,Online,Medium,PROD-SMA-95,Smart Home,Beacon Camera,35.0,99.0,CUST-585,Customer 585,Consumer,USA,NA,New York,6,594.0,0.0%,0.00,594.00,210.00,384.00,64.7%,27.76,Standard,Delivered,5
13-11-2024,20-11-2024,BE-10633,Distributor,Critical,PROD-MOB-72,Mobile,Alpha Lite,150.0,349.0,CUST-745,Customer 745,Education,India,APAC,Mumbai,11,3839.0,5.0%,191.95,3647.05,1650.00,1997.05,54.8%,49.19,Overnight,Delayed,5
08-04-2024,12-04-2024,BE-10634,In-Store,High,PROD-SMA-52,Smart Home,Beacon Camera,35.0,99.0,CUST-791,Customer 791,Consumer,Japan,APAC,Tokyo,9,891.0,0.0%,0.00,891.00,315.00,576.00,64.7%,30.99,Overnight,Delivered,1
06-02-2025,08-02-2025,BE-10635,In-Store,Low,PROD-WEA-74,Wearables,FitTrack Watch,50.0,149.0,CUST-962,Customer 962,Education,Australia,APAC,Sydney,12,1788.0,15.0%,268.20,1519.80,600.00,919.80,60.5%,59.37,Standard,Delivered,1
17-11-2025,18-11-2025,BE-10636,Online,Critical,PROD-AUD-92,Audio,Aero Headphones,80.0,199.0,CUST-892,Customer 892,Consumer,Brazil,LATAM,Sao Paulo,1,199.0,15.0%,29.85,169.15,80.00,89.15,52.7%,3.56,Express,Delivered,3
15-03-2026,17-03-2026,BE-10637,Online,Medium,PROD-MOB-89,Mobile,Quantum Phone X,400.0,899.0,CUST-405,Customer 405,Education,Mexico,LATAM,Mexico City,11,9889.0,0.0%,0.00,9889.00,4400.00,5489.00,55.5%,52.92,Standard,Delivered,5
27-05-2025,28-05-2025,BE-10638,Distributor,High,PROD-MOB-19,Mobile,Quantum Phone X,400.0,899.0,CUST-547,Customer 547,Consumer,USA,NA,New York,4,3596.0,0.0%,0.00,3596.00,1600.00,1996.00,55.5%,16.26,Overnight,Delivered,5
23-05-2025,25-05-2025,BE-10639,Online,Low,PROD-WEA-24,Wearables,FitTrack Watch,50.0,149.0,CUST-669,Customer 669,Consumer,France,EMEA,Paris,11,1639.0,10.0%,163.90,1475.10,550.00,925.10,62.7%,35.97,Overnight,Delivered,4
27-08-2025,29-08-2025,BE-10640,In-Store,Medium,PROD-WEA-78,Wearables,FitTrack Watch,50.0,149.0,CUST-864,Customer 864,Corporate,India,APAC,Mumbai,2,298.0,5.0%,14.90,283.10,100.00,183.10,64.7%,4.15,Standard,Delivered,5
19-10-2024,23-10-2024,BE-10641,Distributor,Critical,PROD-COM-44,Computing,Pro Monitor 27,120.0,279.0,CUST-998,Customer 998,Corporate,Germany,EMEA,Berlin,4,1116.0,0.0%,0.00,1116.00,480.00,636.00,57.0%,19.95,Standard,Returned,5
07-01-2025,08-01-2025,BE-10642,Distributor,High,PROD-COM-21,Computing,Apex Desktop,750.0,1599.0,CUST-227,Customer 227,Education,France,EMEA,Paris,12,19188.0,0.0%,0.00,19188.00,9000.00,10188.00,53.1%,46.01,Overnight,Delivered,5
29-01-2024,01-02-2024,BE-10643,Distributor,Low,PROD-AUD-92,Audio,Wave Soundbar,110.0,299.0,CUST-814,Customer 814,Consumer,USA,NA,Los Angeles,13,3887.0,0.0%,0.00,3887.00,1430.00,2457.00,63.2%,26.98,Overnight,Delivered,4
28-09-2025,01-10-2025,BE-10644,Distributor,Medium,PROD-MOB-22,Mobile,Alpha Lite,150.0,349.0,CUST-238,Customer 238,Corporate,Mexico,LATAM,Mexico City,8,2792.0,0.0%,0.00,2792.00,1200.00,1592.00,57.0%,34.51,Express,Delivered,5
26-06-2024,01-07-2024,BE-10645,In-Store,Medium,PROD-MOB-71,Mobile,Quantum Phone X,400.0,899.0,CUST-997,Customer 997,Consumer,Mexico,LATAM,Mexico City,6,5394.0,20.0%,1078.80,4315.20,2400.00,1915.20,44.4%,25.65,Overnight,Delivered,4
27-10-2025,28-10-2025,BE-10646,Distributor,High,PROD-MOB-96,Mobile,Quantum Phone X,400.0,899.0,CUST-693,Customer 693,Education,France,EMEA,Paris,11,9889.0,0.0%,0.00,9889.00,4400.00,5489.00,55.5%,28.09,Standard,Delivered,2
12-03-2025,14-03-2025,BE-10647,Distributor,Low,PROD-SMA-49,Smart Home,Omni Speaker,25.0,69.0,CUST-438,Customer 438,Corporate,UK,EMEA,London,14,966.0,0.0%,0.00,966.00,350.00,616.00,63.8%,51.78,Standard,Delivered,5
12-06-2025,15-06-2025,BE-10648,Online,Low,PROD-AUD-57,Audio,Wave Soundbar,110.0,299.0,CUST-558,Customer 558,Education,UK,EMEA,London,1,299.0,10.0%,29.90,269.10,110.00,159.10,59.1%,4.43,Overnight,Delivered,4
13-11-2025,18-11-2025,BE-10649,In-Store,Medium,PROD-MOB-90,Mobile,Alpha Lite,150.0,349.0,CUST-371,Customer 371,Consumer,USA,NA,New York,6,2094.0,5.0%,104.70,1989.30,900.00,1089.30,54.8%,29.99,Standard,Delivered,1
31-07-2024,04-08-2024,BE-10650,Online,Medium,PROD-SMA-50,Smart Home,Beacon Camera,35.0,99.0,CUST-520,Customer 520,Corporate,India,APAC,Mumbai,13,1287.0,0.0%,0.00,1287.00,455.00,832.00,64.7%,41.48,Overnight,Delivered,4
07-07-2025,09-07-2025,BE-10651,Distributor,Medium,PROD-COM-81,Computing,Pro Monitor 27,120.0,279.0,CUST-709,Customer 709,Consumer,Brazil,LATAM,Sao Paulo,7,1953.0,15.0%,292.95,1660.05,840.00,820.05,49.4%,19.42,Express,Returned,4
29-12-2024,30-12-2024,BE-10652,Distributor,High,PROD-WEA-33,Wearables,Aura Smart Ring,70.0,199.0,CUST-380,Customer 380,Education,Canada,NA,Toronto,4,796.0,5.0%,39.80,756.20,280.00,476.20,63.0%,13.40,Overnight,Delivered,4
10-07-2025,15-07-2025,BE-10653,Distributor,Medium,PROD-WEA-15,Wearables,Aura Smart Ring,70.0,199.0,CUST-474,Customer 474,Corporate,Japan,APAC,Tokyo,11,2189.0,0.0%,0.00,2189.00,770.00,1419.00,64.8%,54.36,Overnight,Delivered,5
03-11-2024,08-11-2024,BE-10654,Online,Medium,PROD-COM-12,Computing,Titan Laptop,600.0,1299.0,CUST-701,Customer 701,Corporate,Japan,APAC,Tokyo,11,14289.0,10.0%,1428.90,12860.10,6600.00,6260.10,48.7%,30.86,Overnight,Returned,4
23-07-2024,25-07-2024,BE-10655,Online,High,PROD-COM-17,Computing,Titan Laptop,600.0,1299.0,CUST-356,Customer 356,Corporate,Canada,NA,Toronto,4,5196.0,0.0%,0.00,5196.00,2400.00,2796.00,53.8%,15.69,Overnight,Delivered,5
08-09-2025,11-09-2025,BE-10656,In-Store,Medium,PROD-MOB-53,Mobile,Quantum Phone X,400.0,899.0,CUST-656,Customer 656,Corporate,Mexico,LATAM,Mexico City,14,12586.0,0.0%,0.00,12586.00,5600.00,6986.00,55.5%,39.70,Overnight,Delivered,5
20-05-2024,26-05-2024,BE-10657,Online,Medium,PROD-AUD-44,Audio,Wave Soundbar,110.0,299.0,CUST-666,Customer 666,Consumer,India,APAC,Mumbai,8,2392.0,0.0%,0.00,2392.00,880.00,1512.00,63.2%,35.29,Overnight,Returned,3
03-06-2024,07-06-2024,BE-10658,Online,Low,PROD-COM-64,Computing,Apex Desktop,750.0,1599.0,CUST-482,Customer 482,Consumer,Mexico,LATAM,Mexico City,11,17589.0,10.0%,1758.90,15830.10,8250.00,7580.10,47.9%,24.81,Standard,Delivered,3
14-04-2025,17-04-2025,BE-10659,Distributor,Medium,PROD-SMA-33,Smart Home,Omni Speaker,25.0,69.0,CUST-640,Customer 640,Education,Brazil,LATAM,Sao Paulo,7,483.0,10.0%,48.30,434.70,175.00,259.70,59.7%,14.38,Express,Delivered,5
26-01-2026,01-02-2026,BE-10660,Online,Low,PROD-COM-43,Computing,Titan Laptop,600.0,1299.0,CUST-523,Customer 523,Consumer,Canada,NA,Toronto,12,15588.0,5.0%,779.40,14808.60,7200.00,7608.60,51.4%,45.91,Express,Delivered,5
23-02-2026,26-02-2026,BE-10661,Distributor,Medium,PROD-WEA-94,Wearables,FitTrack Watch,50.0,149.0,CUST-873,Customer 873,Education,France,EMEA,Paris,5,745.0,0.0%,0.00,745.00,250.00,495.00,66.4%,16.21,Standard,Delayed,4
05-04-2025,08-04-2025,BE-10662,Distributor,Medium,PROD-WEA-15,Wearables,FitTrack Watch,50.0,149.0,CUST-424,Customer 424,Consumer,India,APAC,Mumbai,5,745.0,5.0%,37.25,707.75,250.00,457.75,64.7%,23.64,Standard,Delivered,4
03-07-2024,05-07-2024,BE-10663,Online,Medium,PROD-SMA-23,Smart Home,Omni Speaker,25.0,69.0,CUST-392,Customer 392,Consumer,Mexico,LATAM,Mexico City,5,345.0,0.0%,0.00,345.00,125.00,220.00,63.8%,22.89,Overnight,Delivered,5
30-01-2025,01-02-2025,BE-10664,Online,Low,PROD-WEA-58,Wearables,FitTrack Watch,50.0,149.0,CUST-754,Customer 754,Corporate,Mexico,LATAM,Mexico City,10,1490.0,5.0%,74.50,1415.50,500.00,915.50,64.7%,43.16,Standard,Delivered,4
22-07-2025,27-07-2025,BE-10665,Online,Critical,PROD-COM-16,Computing,Pro Monitor 27,120.0,279.0,CUST-280,Customer 280,Consumer,Canada,NA,Toronto,9,2511.0,20.0%,502.20,2008.80,1080.00,928.80,46.2%,29.99,Express,Delivered,4
29-08-2024,30-08-2024,BE-10666,Online,Medium,PROD-COM-91,Computing,Titan Laptop,600.0,1299.0,CUST-806,Customer 806,Corporate,France,EMEA,Paris,3,3897.0,15.0%,584.55,3312.45,1800.00,1512.45,45.7%,7.99,Standard,Delivered,3
14-04-2024,18-04-2024,BE-10667,Distributor,High,PROD-COM-37,Computing,Pro Monitor 27,120.0,279.0,CUST-901,Customer 901,Education,Canada,NA,Toronto,13,3627.0,5.0%,181.35,3445.65,1560.00,1885.65,54.7%,46.66,Standard,Delivered,4
04-03-2026,07-03-2026,BE-10668,In-Store,High,PROD-MOB-39,Mobile,Quantum Phone X,400.0,899.0,CUST-594,Customer 594,Consumer,Mexico,LATAM,Mexico City,11,9889.0,0.0%,0.00,9889.00,4400.00,5489.00,55.5%,43.13,Standard,Delivered,5
08-02-2026,10-02-2026,BE-10669,Online,Low,PROD-SMA-36,Smart Home,Beacon Camera,35.0,99.0,CUST-740,Customer 740,Consumer,USA,NA,New York,12,1188.0,0.0%,0.00,1188.00,420.00,768.00,64.7%,42.09,Overnight,Delivered,5
29-03-2024,03-04-2024,BE-10670,Online,Low,PROD-COM-31,Computing,Apex Desktop,750.0,1599.0,CUST-195,Customer 195,Consumer,France,EMEA,Paris,11,17589.0,5.0%,879.45,16709.55,8250.00,8459.55,50.6%,53.25,Overnight,Delivered,5
06-10-2024,09-10-2024,BE-10671,Online,Medium,PROD-WEA-22,Wearables,Aura Smart Ring,70.0,199.0,CUST-862,Customer 862,Corporate,Brazil,LATAM,Sao Paulo,7,1393.0,5.0%,69.65,1323.35,490.00,833.35,63.0%,22.56,Standard,Delivered,4
13-02-2024,16-02-2024,BE-10672,Distributor,Medium,PROD-MOB-13,Mobile,Quantum Phone X,400.0,899.0,CUST-719,Customer 719,Corporate,USA,NA,Los Angeles,3,2697.0,20.0%,539.40,2157.60,1200.00,957.60,44.4%,6.07,Standard,Delivered,4
08-11-2025,10-11-2025,BE-10673,In-Store,Low,PROD-MOB-92,Mobile,Alpha Lite,150.0,349.0,CUST-621,Customer 621,Education,France,EMEA,Paris,7,2443.0,0.0%,0.00,2443.00,1050.00,1393.00,57.0%,24.49,Overnight,Delivered,4
21-08-2025,22-08-2025,BE-10674,Distributor,Medium,PROD-WEA-20,Wearables,FitTrack Watch,50.0,149.0,CUST-584,Customer 584,Corporate,Brazil,LATAM,Sao Paulo,4,596.0,5.0%,29.80,566.20,200.00,366.20,64.7%,11.71,Overnight,Delivered,4
18-12-2024,20-12-2024,BE-10675,Online,Medium,PROD-COM-95,Computing,Apex Desktop,750.0,1599.0,CUST-395,Customer 395,Education,Mexico,LATAM,Mexico City,4,6396.0,0.0%,0.00,6396.00,3000.00,3396.00,53.1%,13.51,Standard,Delivered,4
01-08-2024,05-08-2024,BE-10676,Distributor,Medium,PROD-WEA-73,Wearables,FitTrack Watch,50.0,149.0,CUST-580,Customer 580,Education,Brazil,LATAM,Sao Paulo,2,298.0,5.0%,14.90,283.10,100.00,183.10,64.7%,8.30,Standard,Delivered,5
13-02-2024,17-02-2024,BE-10677,Online,Medium,PROD-WEA-98,Wearables,Aura Smart Ring,70.0,199.0,CUST-644,Customer 644,Corporate,India,APAC,Mumbai,14,2786.0,15.0%,417.90,2368.10,980.00,1388.10,58.6%,58.43,Standard,Delivered,3
13-01-2024,15-01-2024,BE-10678,Online,Critical,PROD-MOB-81,Mobile,Alpha Lite,150.0,349.0,CUST-287,Customer 287,Corporate,Canada,NA,Toronto,8,2792.0,0.0%,0.00,2792.00,1200.00,1592.00,57.0%,22.90,Overnight,Delivered,4
26-07-2025,29-07-2025,BE-10679,Distributor,Critical,PROD-AUD-78,Audio,Aero Headphones,80.0,199.0,CUST-741,Customer 741,Education,UK,EMEA,London,6,1194.0,10.0%,119.40,1074.60,480.00,594.60,55.3%,26.98,Express,Delayed,3
03-12-2025,05-12-2025,BE-10680,Online,Medium,PROD-WEA-40,Wearables,Aura Smart Ring,70.0,199.0,CUST-731,Customer 731,Education,UK,EMEA,London,1,199.0,0.0%,0.00,199.00,70.00,129.00,64.8%,2.78,Standard,Delivered,4
24-07-2025,27-07-2025,BE-10681,Online,Medium,PROD-SMA-15,Smart Home,Beacon Camera,35.0,99.0,CUST-586,Customer 586,Consumer,USA,NA,Los Angeles,8,792.0,10.0%,79.20,712.80,280.00,432.80,60.7%,24.43,Express,Delayed,4
24-06-2025,27-06-2025,BE-10682,Distributor,Low,PROD-WEA-44,Wearables,Aura Smart Ring,70.0,199.0,CUST-976,Customer 976,Corporate,USA,NA,New York,6,1194.0,5.0%,59.70,1134.30,420.00,714.30,63.0%,18.41,Express,Delivered,4
02-04-2024,06-04-2024,BE-10683,Distributor,Critical,PROD-SMA-15,Smart Home,Beacon Camera,35.0,99.0,CUST-157,Customer 157,Corporate,Mexico,LATAM,Mexico City,4,396.0,0.0%,0.00,396.00,140.00,256.00,64.7%,17.21,Express,Delivered,3
05-08-2025,10-08-2025,BE-10684,Online,High,PROD-SMA-42,Smart Home,Omni Speaker,25.0,69.0,CUST-691,Customer 691,Education,Mexico,LATAM,Mexico City,3,207.0,0.0%,0.00,207.00,75.00,132.00,63.8%,11.65,Express,Delivered,2
16-03-2026,19-03-2026,BE-10685,In-Store,High,PROD-COM-70,Computing,Titan Laptop,600.0,1299.0,CUST-153,Customer 153,Consumer,Brazil,LATAM,Sao Paulo,12,15588.0,5.0%,779.40,14808.60,7200.00,7608.60,51.4%,24.30,Express,Delayed,1
24-04-2026,27-04-2026,BE-10686,Online,High,PROD-WEA-50,Wearables,FitTrack Watch,50.0,149.0,CUST-602,Customer 602,Corporate,USA,NA,New York,2,298.0,0.0%,0.00,298.00,100.00,198.00,66.4%,8.39,Overnight,Delivered,5
22-10-2025,23-10-2025,BE-10687,Distributor,Low,PROD-AUD-22,Audio,Wave Soundbar,110.0,299.0,CUST-131,Customer 131,Corporate,France,EMEA,Paris,5,1495.0,0.0%,0.00,1495.00,550.00,945.00,63.2%,18.61,Standard,Delivered,3
13-01-2026,17-01-2026,BE-10688,In-Store,High,PROD-SMA-84,Smart Home,Beacon Camera,35.0,99.0,CUST-893,Customer 893,Education,Brazil,LATAM,Sao Paulo,13,1287.0,0.0%,0.00,1287.00,455.00,832.00,64.7%,61.77,Standard,Delivered,2
22-04-2026,25-04-2026,BE-10689,Distributor,Low,PROD-COM-56,Computing,Pro Monitor 27,120.0,279.0,CUST-586,Customer 586,Corporate,USA,NA,New York,10,2790.0,15.0%,418.50,2371.50,1200.00,1171.50,49.4%,47.42,Overnight,Delivered,5
24-01-2025,28-01-2025,BE-10690,In-Store,High,PROD-SMA-73,Smart Home,Beacon Camera,35.0,99.0,CUST-841,Customer 841,Education,Mexico,LATAM,Mexico City,12,1188.0,0.0%,0.00,1188.00,420.00,768.00,64.7%,29.04,Standard,Delivered,5
06-11-2024,09-11-2024,BE-10691,In-Store,Medium,PROD-MOB-13,Mobile,Quantum Phone X,400.0,899.0,CUST-120,Customer 120,Education,Germany,EMEA,Berlin,13,11687.0,5.0%,584.35,11102.65,5200.00,5902.65,53.2%,47.60,Express,Delivered,3
26-09-2024,01-10-2024,BE-10692,Online,High,PROD-AUD-70,Audio,NeoBuds Pro,45.0,120.0,CUST-539,Customer 539,Consumer,Australia,APAC,Sydney,5,600.0,5.0%,30.00,570.00,225.00,345.00,60.5%,17.53,Overnight,Delivered,4
01-03-2026,04-03-2026,BE-10693,Distributor,Medium,PROD-COM-15,Computing,Titan Laptop,600.0,1299.0,CUST-745,Customer 745,Corporate,UK,EMEA,London,8,10392.0,0.0%,0.00,10392.00,4800.00,5592.00,53.8%,23.52,Overnight,Returned,3
22-01-2024,27-01-2024,BE-10694,In-Store,High,PROD-WEA-60,Wearables,FitTrack Watch,50.0,149.0,CUST-529,Customer 529,Consumer,Mexico,LATAM,Mexico City,4,596.0,0.0%,0.00,596.00,200.00,396.00,66.4%,12.78,Overnight,Delivered,4
23-05-2025,26-05-2025,BE-10695,In-Store,Medium,PROD-MOB-14,Mobile,Alpha Lite,150.0,349.0,CUST-392,Customer 392,Corporate,Brazil,LATAM,Sao Paulo,11,3839.0,0.0%,0.00,3839.00,1650.00,2189.00,57.0%,22.38,Standard,Delivered,5
28-01-2026,30-01-2026,BE-10696,Online,Medium,PROD-COM-58,Computing,Pro Monitor 27,120.0,279.0,CUST-236,Customer 236,Corporate,UK,EMEA,London,4,1116.0,0.0%,0.00,1116.00,480.00,636.00,57.0%,16.33,Express,Delivered,4
24-05-2026,28-05-2026,BE-10697,Distributor,Medium,PROD-MOB-40,Mobile,Quantum Phone X,400.0,899.0,CUST-272,Customer 272,Corporate,USA,NA,New York,3,2697.0,0.0%,0.00,2697.00,1200.00,1497.00,55.5%,7.83,Standard,Delivered,5
23-04-2026,30-04-2026,BE-10698,Online,Medium,PROD-WEA-49,Wearables,FitTrack Watch,50.0,149.0,CUST-418,Customer 418,Consumer,France,EMEA,Paris,12,1788.0,10.0%,178.80,1609.20,600.00,1009.20,62.7%,39.70,Express,Delivered,4
15-06-2025,17-06-2025,BE-10699,In-Store,Critical,PROD-WEA-42,Wearables,FitTrack Watch,50.0,149.0,CUST-604,Customer 604,Consumer,Canada,NA,Toronto,1,149.0,15.0%,22.35,126.65,50.00,76.65,60.5%,2.27,Express,Delivered,5
27-04-2025,01-05-2025,BE-10700,Distributor,Medium,PROD-COM-60,Computing,Pro Monitor 27,120.0,279.0,CUST-209,Customer 209,Education,France,EMEA,Paris,9,2511.0,5.0%,125.55,2385.45,1080.00,1305.45,54.7%,39.82,Express,Returned,4
26-01-2024,28-01-2024,BE-10701,In-Store,High,PROD-COM-70,Computing,Titan Laptop,600.0,1299.0,CUST-277,Customer 277,Corporate,USA,NA,Los Angeles,13,16887.0,5.0%,844.35,16042.65,7800.00,8242.65,51.4%,64.40,Express,Delivered,5
20-06-2024,24-06-2024,BE-10702,In-Store,Critical,PROD-MOB-35,Mobile,Quantum Phone X,400.0,899.0,CUST-805,Customer 805,Education,Japan,APAC,Tokyo,6,5394.0,0.0%,0.00,5394.00,2400.00,2994.00,55.5%,22.36,Standard,Delivered,5
27-07-2025,29-07-2025,BE-10703,Online,High,PROD-COM-24,Computing,Pro Monitor 27,120.0,279.0,CUST-506,Customer 506,Education,Mexico,LATAM,Mexico City,8,2232.0,0.0%,0.00,2232.00,960.00,1272.00,57.0%,22.08,Standard,Delayed,4
16-10-2024,18-10-2024,BE-10704,In-Store,Medium,PROD-WEA-52,Wearables,FitTrack Watch,50.0,149.0,CUST-546,Customer 546,Education,France,EMEA,Paris,1,149.0,0.0%,0.00,149.00,50.00,99.00,66.4%,3.01,Standard,Delivered,5
23-01-2025,27-01-2025,BE-10705,In-Store,Low,PROD-WEA-30,Wearables,Aura Smart Ring,70.0,199.0,CUST-925,Customer 925,Corporate,Mexico,LATAM,Mexico City,5,995.0,15.0%,149.25,845.75,350.00,495.75,58.6%,14.33,Overnight,Delivered,4
29-04-2024,02-05-2024,BE-10706,Distributor,Low,PROD-COM-51,Computing,Pro Monitor 27,120.0,279.0,CUST-261,Customer 261,Corporate,Brazil,LATAM,Sao Paulo,13,3627.0,10.0%,362.70,3264.30,1560.00,1704.30,52.2%,34.68,Standard,Delivered,5
06-09-2025,08-09-2025,BE-10707,In-Store,Medium,PROD-AUD-57,Audio,Aero Headphones,80.0,199.0,CUST-367,Customer 367,Education,Brazil,LATAM,Sao Paulo,12,2388.0,0.0%,0.00,2388.00,960.00,1428.00,59.8%,38.32,Express,Delivered,5
23-07-2024,27-07-2024,BE-10708,Online,Medium,PROD-COM-64,Computing,Apex Desktop,750.0,1599.0,CUST-265,Customer 265,Consumer,Brazil,LATAM,Sao Paulo,14,22386.0,0.0%,0.00,22386.00,10500.00,11886.00,53.1%,60.62,Standard,Delivered,4
11-10-2024,14-10-2024,BE-10709,In-Store,Medium,PROD-SMA-78,Smart Home,Beacon Camera,35.0,99.0,CUST-403,Customer 403,Corporate,Australia,APAC,Sydney,14,1386.0,0.0%,0.00,1386.00,490.00,896.00,64.7%,45.19,Express,Delivered,3
07-07-2025,12-07-2025,BE-10710,Online,Critical,PROD-SMA-84,Smart Home,Omni Speaker,25.0,69.0,CUST-261,Customer 261,Consumer,USA,NA,New York,12,828.0,0.0%,0.00,828.00,300.00,528.00,63.8%,56.72,Express,Delayed,4
30-11-2025,03-12-2025,BE-10711,Online,Low,PROD-MOB-81,Mobile,Quantum Phone X,400.0,899.0,CUST-372,Customer 372,Education,UK,EMEA,London,8,7192.0,0.0%,0.00,7192.00,3200.00,3992.00,55.5%,17.83,Standard,Delivered,4
07-03-2025,10-03-2025,BE-10712,Distributor,Low,PROD-COM-82,Computing,Titan Laptop,600.0,1299.0,CUST-406,Customer 406,Corporate,USA,NA,Los Angeles,9,11691.0,10.0%,1169.10,10521.90,5400.00,5121.90,48.7%,37.67,Standard,Delivered,5
16-02-2024,19-02-2024,BE-10713,Online,High,PROD-SMA-37,Smart Home,Beacon Camera,35.0,99.0,CUST-611,Customer 611,Education,Mexico,LATAM,Mexico City,14,1386.0,20.0%,277.20,1108.80,490.00,618.80,55.8%,56.50,Standard,Delivered,5
01-02-2025,06-02-2025,BE-10714,In-Store,Critical,PROD-COM-76,Computing,Titan Laptop,600.0,1299.0,CUST-903,Customer 903,Education,Mexico,LATAM,Mexico City,5,6495.0,5.0%,324.75,6170.25,3000.00,3170.25,51.4%,21.94,Overnight,Delivered,4
17-10-2024,23-10-2024,BE-10715,In-Store,Medium,PROD-WEA-71,Wearables,Aura Smart Ring,70.0,199.0,CUST-635,Customer 635,Consumer,USA,NA,Los Angeles,11,2189.0,15.0%,328.35,1860.65,770.00,1090.65,58.6%,35.29,Express,Delivered,4
27-12-2024,28-12-2024,BE-10716,Distributor,High,PROD-SMA-32,Smart Home,Beacon Camera,35.0,99.0,CUST-508,Customer 508,Education,Mexico,LATAM,Mexico City,4,396.0,0.0%,0.00,396.00,140.00,256.00,64.7%,13.95,Standard,Delivered,1
04-02-2024,07-02-2024,BE-10717,Distributor,Medium,PROD-SMA-27,Smart Home,Omni Speaker,25.0,69.0,CUST-441,Customer 441,Corporate,USA,NA,New York,14,966.0,0.0%,0.00,966.00,350.00,616.00,63.8%,29.78,Overnight,Delivered,4
25-06-2025,28-06-2025,BE-10718,Distributor,High,PROD-SMA-92,Smart Home,Beacon Camera,35.0,99.0,CUST-530,Customer 530,Corporate,Brazil,LATAM,Sao Paulo,13,1287.0,5.0%,64.35,1222.65,455.00,767.65,62.8%,52.81,Overnight,Delivered,5
06-06-2025,09-06-2025,BE-10719,In-Store,Medium,PROD-WEA-23,Wearables,Aura Smart Ring,70.0,199.0,CUST-822,Customer 822,Consumer,Australia,APAC,Sydney,7,1393.0,0.0%,0.00,1393.00,490.00,903.00,64.8%,31.02,Standard,Delivered,2
28-04-2025,04-05-2025,BE-10720,Online,Medium,PROD-AUD-45,Audio,Wave Soundbar,110.0,299.0,CUST-448,Customer 448,Corporate,Japan,APAC,Tokyo,13,3887.0,20.0%,777.40,3109.60,1430.00,1679.60,54.0%,44.22,Standard,Delivered,5
09-03-2024,14-03-2024,BE-10721,Online,Medium,PROD-COM-45,Computing,Titan Laptop,600.0,1299.0,CUST-540,Customer 540,Education,India,APAC,Mumbai,14,18186.0,0.0%,0.00,18186.00,8400.00,9786.00,53.8%,38.60,Express,Delivered,4
19-10-2024,22-10-2024,BE-10722,In-Store,Medium,PROD-COM-34,Computing,Titan Laptop,600.0,1299.0,CUST-739,Customer 739,Consumer,Australia,APAC,Sydney,1,1299.0,15.0%,194.85,1104.15,600.00,504.15,45.7%,3.07,Express,Delivered,4
16-08-2025,19-08-2025,BE-10723,In-Store,Medium,PROD-AUD-16,Audio,Wave Soundbar,110.0,299.0,CUST-104,Customer 104,Education,Australia,APAC,Sydney,1,299.0,0.0%,0.00,299.00,110.00,189.00,63.2%,4.15,Standard,Delivered,5
26-04-2024,29-04-2024,BE-10724,Online,Medium,PROD-COM-68,Computing,Titan Laptop,600.0,1299.0,CUST-543,Customer 543,Education,France,EMEA,Paris,11,14289.0,10.0%,1428.90,12860.10,6600.00,6260.10,48.7%,50.51,Standard,Delivered,4
05-08-2024,07-08-2024,BE-10725,Online,High,PROD-AUD-37,Audio,Wave Soundbar,110.0,299.0,CUST-558,Customer 558,Education,Mexico,LATAM,Mexico City,8,2392.0,10.0%,239.20,2152.80,880.00,1272.80,59.1%,20.53,Overnight,Delivered,4
19-06-2025,21-06-2025,BE-10726,In-Store,Medium,PROD-COM-75,Computing,Apex Desktop,750.0,1599.0,CUST-763,Customer 763,Corporate,Mexico,LATAM,Mexico City,7,11193.0,0.0%,0.00,11193.00,5250.00,5943.00,53.1%,15.05,Standard,Delivered,4
19-04-2024,25-04-2024,BE-10727,Online,Low,PROD-WEA-72,Wearables,Aura Smart Ring,70.0,199.0,CUST-142,Customer 142,Consumer,Australia,APAC,Sydney,1,199.0,5.0%,9.95,189.05,70.00,119.05,63.0%,2.14,Overnight,Delayed,4
23-01-2026,26-01-2026,BE-10728,Online,High,PROD-WEA-96,Wearables,Aura Smart Ring,70.0,199.0,CUST-749,Customer 749,Corporate,India,APAC,Mumbai,14,2786.0,0.0%,0.00,2786.00,980.00,1806.00,64.8%,47.34,Overnight,Delivered,5
09-02-2026,12-02-2026,BE-10729,Online,Medium,PROD-AUD-19,Audio,Aero Headphones,80.0,199.0,CUST-702,Customer 702,Corporate,USA,NA,New York,4,796.0,0.0%,0.00,796.00,320.00,476.00,59.8%,14.10,Standard,Delivered,2
08-10-2025,11-10-2025,BE-10730,In-Store,Medium,PROD-WEA-12,Wearables,FitTrack Watch,50.0,149.0,CUST-660,Customer 660,Corporate,UK,EMEA,London,7,1043.0,15.0%,156.45,886.55,350.00,536.55,60.5%,25.53,Overnight,Delivered,5
11-11-2024,13-11-2024,BE-10731,In-Store,Medium,PROD-SMA-67,Smart Home,Beacon Camera,35.0,99.0,CUST-124,Customer 124,Education,India,APAC,Mumbai,9,891.0,0.0%,0.00,891.00,315.00,576.00,64.7%,26.03,Standard,Delivered,5
08-01-2025,10-01-2025,BE-10732,Distributor,Critical,PROD-MOB-87,Mobile,Quantum Phone X,400.0,899.0,CUST-863,Customer 863,Consumer,India,APAC,Mumbai,10,8990.0,0.0%,0.00,8990.00,4000.00,4990.00,55.5%,24.53,Standard,Delivered,5
16-01-2024,18-01-2024,BE-10733,In-Store,Medium,PROD-SMA-69,Smart Home,Omni Speaker,25.0,69.0,CUST-249,Customer 249,Consumer,India,APAC,Mumbai,1,69.0,0.0%,0.00,69.00,25.00,44.00,63.8%,4.05,Standard,Delivered,4
11-05-2024,13-05-2024,BE-10734,Online,Medium,PROD-COM-13,Computing,Titan Laptop,600.0,1299.0,CUST-957,Customer 957,Education,Mexico,LATAM,Mexico City,5,6495.0,5.0%,324.75,6170.25,3000.00,3170.25,51.4%,23.26,Overnight,Delivered,4
20-12-2025,23-12-2025,BE-10735,Online,Medium,PROD-AUD-91,Audio,NeoBuds Pro,45.0,120.0,CUST-488,Customer 488,Education,Mexico,LATAM,Mexico City,10,1200.0,0.0%,0.00,1200.00,450.00,750.00,62.5%,42.59,Express,Delivered,1
14-05-2025,15-05-2025,BE-10736,Distributor,Medium,PROD-SMA-29,Smart Home,Omni Speaker,25.0,69.0,CUST-298,Customer 298,Corporate,Brazil,LATAM,Sao Paulo,14,966.0,0.0%,0.00,966.00,350.00,616.00,63.8%,48.80,Express,Delivered,4
01-02-2026,05-02-2026,BE-10737,In-Store,Medium,PROD-SMA-46,Smart Home,Omni Speaker,25.0,69.0,CUST-779,Customer 779,Education,Germany,EMEA,Berlin,1,69.0,0.0%,0.00,69.00,25.00,44.00,63.8%,2.48,Overnight,Returned,3
13-06-2026,18-06-2026,BE-10738,In-Store,Medium,PROD-WEA-93,Wearables,FitTrack Watch,50.0,149.0,CUST-181,Customer 181,Corporate,USA,NA,Los Angeles,14,2086.0,0.0%,0.00,2086.00,700.00,1386.00,66.4%,48.61,Overnight,Delayed,5
30-12-2025,02-01-2026,BE-10739,In-Store,Critical,PROD-SMA-37,Smart Home,Beacon Camera,35.0,99.0,CUST-152,Customer 152,Consumer,France,EMEA,Paris,10,990.0,15.0%,148.50,841.50,350.00,491.50,58.4%,30.89,Overnight,Delivered,1
24-11-2024,28-11-2024,BE-10740,Distributor,Low,PROD-AUD-57,Audio,Aero Headphones,80.0,199.0,CUST-686,Customer 686,Education,Japan,APAC,Tokyo,2,398.0,0.0%,0.00,398.00,160.00,238.00,59.8%,6.36,Overnight,Delivered,4
14-06-2025,16-06-2025,BE-10741,In-Store,Medium,PROD-COM-27,Computing,Pro Monitor 27,120.0,279.0,CUST-907,Customer 907,Corporate,USA,NA,New York,1,279.0,0.0%,0.00,279.00,120.00,159.00,57.0%,3.51,Standard,Delivered,5
03-06-2025,06-06-2025,BE-10742,Distributor,Medium,PROD-SMA-71,Smart Home,Omni Speaker,25.0,69.0,CUST-311,Customer 311,Consumer,Germany,EMEA,Berlin,4,276.0,0.0%,0.00,276.00,100.00,176.00,63.8%,17.90,Express,Delayed,3
14-11-2025,17-11-2025,BE-10743,Online,Medium,PROD-MOB-56,Mobile,Alpha Lite,150.0,349.0,CUST-164,Customer 164,Education,Germany,EMEA,Berlin,5,1745.0,0.0%,0.00,1745.00,750.00,995.00,57.0%,15.06,Overnight,Delivered,5
25-07-2025,27-07-2025,BE-10744,Online,Medium,PROD-SMA-33,Smart Home,Beacon Camera,35.0,99.0,CUST-601,Customer 601,Corporate,Mexico,LATAM,Mexico City,1,99.0,10.0%,9.90,89.10,35.00,54.10,60.7%,2.46,Express,Delivered,4
10-09-2025,13-09-2025,BE-10745,Online,Medium,PROD-AUD-33,Audio,Aero Headphones,80.0,199.0,CUST-475,Customer 475,Education,USA,NA,New York,5,995.0,10.0%,99.50,895.50,400.00,495.50,55.3%,10.34,Express,Delivered,5
09-12-2024,12-12-2024,BE-10746,In-Store,High,PROD-COM-74,Computing,Pro Monitor 27,120.0,279.0,CUST-144,Customer 144,Corporate,Germany,EMEA,Berlin,10,2790.0,10.0%,279.00,2511.00,1200.00,1311.00,52.2%,25.71,Standard,Delivered,4
08-06-2025,11-06-2025,BE-10747,In-Store,Medium,PROD-COM-23,Computing,Pro Monitor 27,120.0,279.0,CUST-220,Customer 220,Consumer,Brazil,LATAM,Sao Paulo,5,1395.0,5.0%,69.75,1325.25,600.00,725.25,54.7%,14.42,Standard,Delivered,3
17-12-2025,21-12-2025,BE-10748,Online,Medium,PROD-MOB-33,Mobile,Quantum Phone X,400.0,899.0,CUST-358,Customer 358,Corporate,Brazil,LATAM,Sao Paulo,6,5394.0,0.0%,0.00,5394.00,2400.00,2994.00,55.5%,19.49,Overnight,Delivered,4
01-03-2026,04-03-2026,BE-10749,In-Store,Medium,PROD-SMA-57,Smart Home,Beacon Camera,35.0,99.0,CUST-152,Customer 152,Corporate,Japan,APAC,Tokyo,5,495.0,0.0%,0.00,495.00,175.00,320.00,64.7%,19.63,Express,Delivered,4
21-05-2025,24-05-2025,BE-10750,Online,Medium,PROD-AUD-51,Audio,Wave Soundbar,110.0,299.0,CUST-135,Customer 135,Consumer,Mexico,LATAM,Mexico City,13,3887.0,5.0%,194.35,3692.65,1430.00,2262.65,61.3%,46.09,Overnight,Delivered,3
15-08-2024,18-08-2024,BE-10751,Distributor,Medium,PROD-SMA-36,Smart Home,Beacon Camera,35.0,99.0,CUST-120,Customer 120,Education,India,APAC,Mumbai,1,99.0,0.0%,0.00,99.00,35.00,64.00,64.7%,4.74,Standard,Returned,4
23-06-2024,26-06-2024,BE-10752,In-Store,Medium,PROD-MOB-44,Mobile,Alpha Lite,150.0,349.0,CUST-323,Customer 323,Education,Germany,EMEA,Berlin,5,1745.0,0.0%,0.00,1745.00,750.00,995.00,57.0%,23.50,Overnight,Delivered,5
25-01-2025,27-01-2025,BE-10753,Distributor,Medium,PROD-SMA-20,Smart Home,Beacon Camera,35.0,99.0,CUST-516,Customer 516,Corporate,Mexico,LATAM,Mexico City,12,1188.0,0.0%,0.00,1188.00,420.00,768.00,64.7%,36.69,Standard,Delivered,3
01-10-2025,03-10-2025,BE-10754,Online,High,PROD-WEA-15,Wearables,Aura Smart Ring,70.0,199.0,CUST-841,Customer 841,Education,Brazil,LATAM,Sao Paulo,11,2189.0,10.0%,218.90,1970.10,770.00,1200.10,60.9%,26.38,Express,Delivered,5
09-12-2025,16-12-2025,BE-10755,Distributor,High,PROD-AUD-15,Audio,Wave Soundbar,110.0,299.0,CUST-721,Customer 721,Corporate,USA,NA,Los Angeles,3,897.0,5.0%,44.85,852.15,330.00,522.15,61.3%,12.18,Standard,Delivered,4
06-08-2025,09-08-2025,BE-10756,Online,Medium,PROD-SMA-98,Smart Home,Beacon Camera,35.0,99.0,CUST-866,Customer 866,Corporate,Mexico,LATAM,Mexico City,14,1386.0,0.0%,0.00,1386.00,490.00,896.00,64.7%,29.51,Overnight,Delivered,5
14-08-2024,18-08-2024,BE-10757,Distributor,Medium,PROD-COM-85,Computing,Apex Desktop,750.0,1599.0,CUST-741,Customer 741,Consumer,USA,NA,New York,9,14391.0,15.0%,2158.65,12232.35,6750.00,5482.35,44.8%,18.05,Standard,Returned,5
26-11-2024,28-11-2024,BE-10758,Distributor,Medium,PROD-WEA-48,Wearables,Aura Smart Ring,70.0,199.0,CUST-933,Customer 933,Consumer,Japan,APAC,Tokyo,9,1791.0,0.0%,0.00,1791.00,630.00,1161.00,64.8%,36.40,Overnight,Delivered,4
27-09-2025,30-09-2025,BE-10759,Online,Medium,PROD-COM-46,Computing,Titan Laptop,600.0,1299.0,CUST-202,Customer 202,Consumer,USA,NA,Los Angeles,4,5196.0,5.0%,259.80,4936.20,2400.00,2536.20,51.4%,15.77,Standard,Delivered,4
24-04-2025,25-04-2025,BE-10760,In-Store,High,PROD-WEA-39,Wearables,FitTrack Watch,50.0,149.0,CUST-400,Customer 400,Consumer,Canada,NA,Toronto,3,447.0,15.0%,67.05,379.95,150.00,229.95,60.5%,13.06,Express,Returned,4
14-07-2024,17-07-2024,BE-10761,In-Store,Medium,PROD-COM-16,Computing,Pro Monitor 27,120.0,279.0,CUST-316,Customer 316,Corporate,India,APAC,Mumbai,4,1116.0,5.0%,55.80,1060.20,480.00,580.20,54.7%,8.38,Overnight,Delivered,5
16-12-2025,17-12-2025,BE-10762,Online,High,PROD-MOB-88,Mobile,Alpha Lite,150.0,349.0,CUST-170,Customer 170,Corporate,France,EMEA,Paris,3,1047.0,20.0%,209.40,837.60,450.00,387.60,46.3%,13.94,Express,Delivered,5
16-06-2026,19-06-2026,BE-10763,In-Store,Critical,PROD-SMA-14,Smart Home,Omni Speaker,25.0,69.0,CUST-851,Customer 851,Corporate,USA,NA,New York,7,483.0,0.0%,0.00,483.00,175.00,308.00,63.8%,16.49,Overnight,Delivered,4
15-05-2025,19-05-2025,BE-10764,Online,Medium,PROD-SMA-90,Smart Home,Omni Speaker,25.0,69.0,CUST-717,Customer 717,Education,USA,NA,Los Angeles,12,828.0,5.0%,41.40,786.60,300.00,486.60,61.9%,59.02,Standard,Delivered,5
25-02-2025,02-03-2025,BE-10765,Online,High,PROD-MOB-79,Mobile,Alpha Lite,150.0,349.0,CUST-690,Customer 690,Consumer,Brazil,LATAM,Sao Paulo,6,2094.0,10.0%,209.40,1884.60,900.00,984.60,52.2%,24.47,Standard,Delivered,4
28-11-2024,30-11-2024,BE-10766,Online,Medium,PROD-COM-27,Computing,Apex Desktop,750.0,1599.0,CUST-842,Customer 842,Corporate,UK,EMEA,London,7,11193.0,0.0%,0.00,11193.00,5250.00,5943.00,53.1%,21.82,Standard,Delivered,4
03-02-2024,06-02-2024,BE-10767,Distributor,Medium,PROD-WEA-49,Wearables,Aura Smart Ring,70.0,199.0,CUST-203,Customer 203,Corporate,Australia,APAC,Sydney,7,1393.0,0.0%,0.00,1393.00,490.00,903.00,64.8%,18.21,Express,Delivered,5
22-02-2026,01-03-2026,BE-10768,Online,Low,PROD-WEA-35,Wearables,FitTrack Watch,50.0,149.0,CUST-791,Customer 791,Consumer,Japan,APAC,Tokyo,3,447.0,0.0%,0.00,447.00,150.00,297.00,66.4%,14.37,Express,Returned,5
17-10-2025,20-10-2025,BE-10769,Distributor,Medium,PROD-AUD-81,Audio,Wave Soundbar,110.0,299.0,CUST-471,Customer 471,Corporate,Germany,EMEA,Berlin,6,1794.0,15.0%,269.10,1524.90,660.00,864.90,56.7%,18.61,Overnight,Delivered,4
10-11-2025,13-11-2025,BE-10770,In-Store,Critical,PROD-AUD-25,Audio,Wave Soundbar,110.0,299.0,CUST-212,Customer 212,Consumer,Brazil,LATAM,Sao Paulo,4,1196.0,10.0%,119.60,1076.40,440.00,636.40,59.1%,9.24,Express,Delivered,4
30-12-2025,02-01-2026,BE-10771,Online,Medium,PROD-WEA-48,Wearables,Aura Smart Ring,70.0,199.0,CUST-562,Customer 562,Consumer,Mexico,LATAM,Mexico City,8,1592.0,5.0%,79.60,1512.40,560.00,952.40,63.0%,22.94,Overnight,Delivered,3
06-03-2026,09-03-2026,BE-10772,Distributor,Medium,PROD-AUD-35,Audio,Aero Headphones,80.0,199.0,CUST-133,Customer 133,Corporate,Mexico,LATAM,Mexico City,4,796.0,0.0%,0.00,796.00,320.00,476.00,59.8%,16.68,Overnight,Delivered,3
03-12-2024,06-12-2024,BE-10773,In-Store,Medium,PROD-MOB-33,Mobile,Alpha Lite,150.0,349.0,CUST-592,Customer 592,Consumer,USA,NA,Los Angeles,7,2443.0,0.0%,0.00,2443.00,1050.00,1393.00,57.0%,20.38,Express,Delivered,5
15-01-2024,16-01-2024,BE-10774,In-Store,Medium,PROD-WEA-29,Wearables,FitTrack Watch,50.0,149.0,CUST-485,Customer 485,Consumer,France,EMEA,Paris,7,1043.0,0.0%,0.00,1043.00,350.00,693.00,66.4%,26.17,Overnight,Delivered,5
08-01-2025,11-01-2025,BE-10775,In-Store,Medium,PROD-AUD-26,Audio,Aero Headphones,80.0,199.0,CUST-246,Customer 246,Corporate,Brazil,LATAM,Sao Paulo,1,199.0,0.0%,0.00,199.00,80.00,119.00,59.8%,4.12,Standard,Delivered,3
13-05-2026,16-05-2026,BE-10776,Distributor,Medium,PROD-WEA-23,Wearables,Aura Smart Ring,70.0,199.0,CUST-282,Customer 282,Education,UK,EMEA,London,6,1194.0,5.0%,59.70,1134.30,420.00,714.30,63.0%,25.73,Standard,Delayed,5
28-10-2024,31-10-2024,BE-10777,In-Store,Medium,PROD-COM-20,Computing,Pro Monitor 27,120.0,279.0,CUST-555,Customer 555,Consumer,USA,NA,Los Angeles,14,3906.0,5.0%,195.30,3710.70,1680.00,2030.70,54.7%,59.47,Overnight,Delayed,1
01-02-2026,03-02-2026,BE-10778,Distributor,Medium,PROD-AUD-96,Audio,NeoBuds Pro,45.0,120.0,CUST-389,Customer 389,Consumer,USA,NA,New York,11,1320.0,15.0%,198.00,1122.00,495.00,627.00,55.9%,51.54,Standard,Returned,3
31-08-2025,04-09-2025,BE-10779,Online,Critical,PROD-WEA-47,Wearables,Aura Smart Ring,70.0,199.0,CUST-680,Customer 680,Consumer,Japan,APAC,Tokyo,10,1990.0,5.0%,99.50,1890.50,700.00,1190.50,63.0%,34.08,Express,Delivered,1
02-11-2024,09-11-2024,BE-10780,Online,Medium,PROD-WEA-60,Wearables,Aura Smart Ring,70.0,199.0,CUST-831,Customer 831,Corporate,UK,EMEA,London,14,2786.0,10.0%,278.60,2507.40,980.00,1527.40,60.9%,50.12,Standard,Delivered,5
31-03-2026,04-04-2026,BE-10781,Online,Medium,PROD-COM-54,Computing,Pro Monitor 27,120.0,279.0,CUST-282,Customer 282,Consumer,Mexico,LATAM,Mexico City,3,837.0,15.0%,125.55,711.45,360.00,351.45,49.4%,14.43,Standard,Delivered,2
03-05-2026,05-05-2026,BE-10782,Distributor,Low,PROD-SMA-36,Smart Home,Beacon Camera,35.0,99.0,CUST-231,Customer 231,Consumer,Germany,EMEA,Berlin,9,891.0,0.0%,0.00,891.00,315.00,576.00,64.7%,37.41,Overnight,Delivered,5
30-09-2024,01-10-2024,BE-10783,Online,Critical,PROD-AUD-61,Audio,Aero Headphones,80.0,199.0,CUST-180,Customer 180,Consumer,Japan,APAC,Tokyo,1,199.0,0.0%,0.00,199.00,80.00,119.00,59.8%,2.81,Express,Returned,5
08-11-2024,10-11-2024,BE-10784,Distributor,Medium,PROD-SMA-61,Smart Home,Beacon Camera,35.0,99.0,CUST-506,Customer 506,Education,UK,EMEA,London,14,1386.0,0.0%,0.00,1386.00,490.00,896.00,64.7%,29.50,Overnight,Delivered,5
17-03-2026,21-03-2026,BE-10785,Distributor,Critical,PROD-COM-49,Computing,Titan Laptop,600.0,1299.0,CUST-421,Customer 421,Education,France,EMEA,Paris,13,16887.0,0.0%,0.00,16887.00,7800.00,9087.00,53.8%,58.66,Express,Delivered,4
02-07-2024,06-07-2024,BE-10786,Online,Low,PROD-SMA-13,Smart Home,Omni Speaker,25.0,69.0,CUST-821,Customer 821,Corporate,Brazil,LATAM,Sao Paulo,8,552.0,0.0%,0.00,552.00,200.00,352.00,63.8%,22.91,Overnight,Delayed,4
12-08-2025,17-08-2025,BE-10787,Online,High,PROD-MOB-34,Mobile,Quantum Phone X,400.0,899.0,CUST-887,Customer 887,Education,USA,NA,Los Angeles,4,3596.0,0.0%,0.00,3596.00,1600.00,1996.00,55.5%,14.47,Express,Delivered,5
02-09-2025,05-09-2025,BE-10788,In-Store,Critical,PROD-MOB-92,Mobile,Alpha Lite,150.0,349.0,CUST-860,Customer 860,Education,Canada,NA,Toronto,1,349.0,0.0%,0.00,349.00,150.00,199.00,57.0%,4.62,Standard,Delivered,3
05-04-2025,07-04-2025,BE-10789,In-Store,Medium,PROD-COM-24,Computing,Titan Laptop,600.0,1299.0,CUST-556,Customer 556,Education,Mexico,LATAM,Mexico City,8,10392.0,0.0%,0.00,10392.00,4800.00,5592.00,53.8%,25.86,Express,Delivered,4
08-02-2024,11-02-2024,BE-10790,Distributor,Medium,PROD-COM-45,Computing,Pro Monitor 27,120.0,279.0,CUST-331,Customer 331,Consumer,UK,EMEA,London,1,279.0,0.0%,0.00,279.00,120.00,159.00,57.0%,4.67,Standard,Delayed,5
03-06-2024,05-06-2024,BE-10791,Distributor,Low,PROD-COM-60,Computing,Apex Desktop,750.0,1599.0,CUST-696,Customer 696,Education,UK,EMEA,London,4,6396.0,0.0%,0.00,6396.00,3000.00,3396.00,53.1%,17.46,Overnight,Delivered,4
14-07-2025,17-07-2025,BE-10792,In-Store,High,PROD-MOB-86,Mobile,Alpha Lite,150.0,349.0,CUST-535,Customer 535,Corporate,USA,NA,New York,4,1396.0,5.0%,69.80,1326.20,600.00,726.20,54.8%,9.09,Overnight,Delivered,3
14-02-2026,15-02-2026,BE-10793,Online,Medium,PROD-WEA-59,Wearables,Aura Smart Ring,70.0,199.0,CUST-784,Customer 784,Consumer,Canada,NA,Toronto,11,2189.0,0.0%,0.00,2189.00,770.00,1419.00,64.8%,53.97,Overnight,Delivered,4
05-03-2026,08-03-2026,BE-10794,Distributor,Medium,PROD-MOB-53,Mobile,Quantum Phone X,400.0,899.0,CUST-380,Customer 380,Corporate,Canada,NA,Toronto,9,8091.0,0.0%,0.00,8091.00,3600.00,4491.00,55.5%,39.26,Standard,Delivered,5
02-03-2026,03-03-2026,BE-10795,Online,Low,PROD-MOB-69,Mobile,Alpha Lite,150.0,349.0,CUST-696,Customer 696,Corporate,Germany,EMEA,Berlin,11,3839.0,0.0%,0.00,3839.00,1650.00,2189.00,57.0%,30.95,Standard,Delivered,5
12-10-2025,17-10-2025,BE-10796,In-Store,High,PROD-COM-21,Computing,Pro Monitor 27,120.0,279.0,CUST-420,Customer 420,Education,France,EMEA,Paris,5,1395.0,10.0%,139.50,1255.50,600.00,655.50,52.2%,17.45,Express,Delivered,1
27-05-2025,01-06-2025,BE-10797,Distributor,Critical,PROD-MOB-88,Mobile,Alpha Lite,150.0,349.0,CUST-504,Customer 504,Consumer,USA,NA,New York,9,3141.0,10.0%,314.10,2826.90,1350.00,1476.90,52.2%,22.43,Express,Delivered,2
07-10-2025,12-10-2025,BE-10798,Online,Critical,PROD-SMA-75,Smart Home,Beacon Camera,35.0,99.0,CUST-514,Customer 514,Consumer,Mexico,LATAM,Mexico City,6,594.0,0.0%,0.00,594.00,210.00,384.00,64.7%,25.29,Overnight,Delivered,3
31-01-2026,02-02-2026,BE-10799,Distributor,Critical,PROD-AUD-60,Audio,Wave Soundbar,110.0,299.0,CUST-553,Customer 553,Corporate,Mexico,LATAM,Mexico City,2,598.0,0.0%,0.00,598.00,220.00,378.00,63.2%,9.72,Standard,Delivered,5
07-01-2026,10-01-2026,BE-10800,Distributor,Medium,PROD-WEA-42,Wearables,FitTrack Watch,50.0,149.0,CUST-891,Customer 891,Consumer,USA,NA,Los Angeles,14,2086.0,0.0%,0.00,2086.00,700.00,1386.00,66.4%,61.04,Overnight,Delivered,5
07-04-2025,10-04-2025,BE-10801,In-Store,Medium,PROD-MOB-69,Mobile,Alpha Lite,150.0,349.0,CUST-476,Customer 476,Corporate,France,EMEA,Paris,12,4188.0,10.0%,418.80,3769.20,1800.00,1969.20,52.2%,33.00,Express,Delivered,4
09-11-2024,12-11-2024,BE-10802,Online,Medium,PROD-AUD-45,Audio,Wave Soundbar,110.0,299.0,CUST-385,Customer 385,Corporate,Germany,EMEA,Berlin,2,598.0,5.0%,29.90,568.10,220.00,348.10,61.3%,5.21,Overnight,Delivered,4
04-10-2025,08-10-2025,BE-10803,In-Store,Medium,PROD-MOB-47,Mobile,Alpha Lite,150.0,349.0,CUST-636,Customer 636,Corporate,France,EMEA,Paris,7,2443.0,10.0%,244.30,2198.70,1050.00,1148.70,52.2%,22.04,Express,Delivered,5
03-09-2025,07-09-2025,BE-10804,Online,Low,PROD-SMA-15,Smart Home,Omni Speaker,25.0,69.0,CUST-561,Customer 561,Education,Australia,APAC,Sydney,3,207.0,0.0%,0.00,207.00,75.00,132.00,63.8%,10.62,Express,Delivered,1
05-06-2025,07-06-2025,BE-10805,Distributor,Low,PROD-AUD-30,Audio,Aero Headphones,80.0,199.0,CUST-902,Customer 902,Corporate,USA,NA,New York,5,995.0,15.0%,149.25,845.75,400.00,445.75,52.7%,23.40,Standard,Delivered,5
06-08-2025,12-08-2025,BE-10806,Online,Medium,PROD-MOB-60,Mobile,Alpha Lite,150.0,349.0,CUST-248,Customer 248,Consumer,UK,EMEA,London,8,2792.0,0.0%,0.00,2792.00,1200.00,1592.00,57.0%,31.48,Overnight,Delivered,4
12-02-2024,16-02-2024,BE-10807,Online,Medium,PROD-AUD-29,Audio,Aero Headphones,80.0,199.0,CUST-697,Customer 697,Consumer,Germany,EMEA,Berlin,7,1393.0,0.0%,0.00,1393.00,560.00,833.00,59.8%,25.75,Overnight,Delivered,4
15-12-2024,17-12-2024,BE-10808,Distributor,High,PROD-WEA-68,Wearables,Aura Smart Ring,70.0,199.0,CUST-301,Customer 301,Consumer,Mexico,LATAM,Mexico City,11,2189.0,0.0%,0.00,2189.00,770.00,1419.00,64.8%,43.18,Overnight,Returned,5
18-03-2025,21-03-2025,BE-10809,In-Store,High,PROD-COM-70,Computing,Pro Monitor 27,120.0,279.0,CUST-475,Customer 475,Corporate,Germany,EMEA,Berlin,11,3069.0,0.0%,0.00,3069.00,1320.00,1749.00,57.0%,42.25,Express,Delivered,5
07-06-2025,14-06-2025,BE-10810,In-Store,High,PROD-WEA-98,Wearables,FitTrack Watch,50.0,149.0,CUST-245,Customer 245,Corporate,UK,EMEA,London,6,894.0,0.0%,0.00,894.00,300.00,594.00,66.4%,12.36,Standard,Delivered,4
13-03-2024,14-03-2024,BE-10811,Distributor,Low,PROD-COM-42,Computing,Pro Monitor 27,120.0,279.0,CUST-968,Customer 968,Corporate,Germany,EMEA,Berlin,14,3906.0,10.0%,390.60,3515.40,1680.00,1835.40,52.2%,33.55,Overnight,Delivered,5
04-06-2024,07-06-2024,BE-10812,Online,Medium,PROD-SMA-28,Smart Home,Omni Speaker,25.0,69.0,CUST-473,Customer 473,Consumer,Australia,APAC,Sydney,5,345.0,0.0%,0.00,345.00,125.00,220.00,63.8%,22.73,Express,Delivered,5
27-10-2025,29-10-2025,BE-10813,Online,High,PROD-COM-93,Computing,Titan Laptop,600.0,1299.0,CUST-112,Customer 112,Education,Japan,APAC,Tokyo,2,2598.0,5.0%,129.90,2468.10,1200.00,1268.10,51.4%,5.79,Overnight,Delivered,3
22-07-2025,25-07-2025,BE-10814,Online,Medium,PROD-SMA-97,Smart Home,Omni Speaker,25.0,69.0,CUST-921,Customer 921,Education,Canada,NA,Toronto,8,552.0,0.0%,0.00,552.00,200.00,352.00,63.8%,35.39,Standard,Delivered,4
12-08-2024,15-08-2024,BE-10815,Online,High,PROD-AUD-37,Audio,Wave Soundbar,110.0,299.0,CUST-266,Customer 266,Education,France,EMEA,Paris,6,1794.0,0.0%,0.00,1794.00,660.00,1134.00,63.2%,14.28,Express,Delivered,4
25-08-2025,30-08-2025,BE-10816,In-Store,High,PROD-WEA-94,Wearables,Aura Smart Ring,70.0,199.0,CUST-111,Customer 111,Corporate,Brazil,LATAM,Sao Paulo,6,1194.0,0.0%,0.00,1194.00,420.00,774.00,64.8%,17.95,Overnight,Returned,4
14-06-2024,19-06-2024,BE-10817,Online,Critical,PROD-SMA-93,Smart Home,Omni Speaker,25.0,69.0,CUST-415,Customer 415,Education,Australia,APAC,Sydney,5,345.0,15.0%,51.75,293.25,125.00,168.25,57.4%,14.45,Standard,Delivered,4
21-08-2025,24-08-2025,BE-10818,In-Store,High,PROD-SMA-36,Smart Home,Beacon Camera,35.0,99.0,CUST-929,Customer 929,Education,Mexico,LATAM,Mexico City,4,396.0,0.0%,0.00,396.00,140.00,256.00,64.7%,10.28,Overnight,Delivered,1
03-12-2025,06-12-2025,BE-10819,Distributor,Medium,PROD-MOB-23,Mobile,Alpha Lite,150.0,349.0,CUST-492,Customer 492,Consumer,Mexico,LATAM,Mexico City,11,3839.0,20.0%,767.80,3071.20,1650.00,1421.20,46.3%,51.76,Express,Delivered,4
03-06-2025,06-06-2025,BE-10820,In-Store,Low,PROD-AUD-46,Audio,NeoBuds Pro,45.0,120.0,CUST-170,Customer 170,Consumer,France,EMEA,Paris,12,1440.0,15.0%,216.00,1224.00,540.00,684.00,55.9%,41.35,Overnight,Delivered,5
13-01-2024,17-01-2024,BE-10821,In-Store,Medium,PROD-SMA-11,Smart Home,Beacon Camera,35.0,99.0,CUST-300,Customer 300,Consumer,Germany,EMEA,Berlin,9,891.0,5.0%,44.55,846.45,315.00,531.45,62.8%,42.60,Overnight,Delayed,4
29-11-2024,30-11-2024,BE-10822,Distributor,Low,PROD-WEA-72,Wearables,FitTrack Watch,50.0,149.0,CUST-450,Customer 450,Consumer,Canada,NA,Toronto,12,1788.0,5.0%,89.40,1698.60,600.00,1098.60,64.7%,57.45,Express,Delivered,4
30-03-2024,03-04-2024,BE-10823,In-Store,Medium,PROD-SMA-16,Smart Home,Omni Speaker,25.0,69.0,CUST-266,Customer 266,Corporate,Germany,EMEA,Berlin,12,828.0,5.0%,41.40,786.60,300.00,486.60,61.9%,43.98,Overnight,Delivered,4
31-08-2024,07-09-2024,BE-10824,Distributor,High,PROD-AUD-36,Audio,Wave Soundbar,110.0,299.0,CUST-995,Customer 995,Education,India,APAC,Mumbai,2,598.0,15.0%,89.70,508.30,220.00,288.30,56.7%,6.85,Express,Delivered,2
23-04-2026,28-04-2026,BE-10825,Distributor,Critical,PROD-MOB-78,Mobile,Quantum Phone X,400.0,899.0,CUST-652,Customer 652,Education,France,EMEA,Paris,9,8091.0,5.0%,404.55,7686.45,3600.00,4086.45,53.2%,28.32,Overnight,Delivered,4
11-12-2024,15-12-2024,BE-10826,In-Store,High,PROD-AUD-87,Audio,NeoBuds Pro,45.0,120.0,CUST-829,Customer 829,Education,Canada,NA,Toronto,10,1200.0,0.0%,0.00,1200.00,450.00,750.00,62.5%,41.14,Overnight,Delivered,4
21-03-2024,23-03-2024,BE-10827,Distributor,Medium,PROD-COM-92,Computing,Pro Monitor 27,120.0,279.0,CUST-960,Customer 960,Education,Brazil,LATAM,Sao Paulo,6,1674.0,0.0%,0.00,1674.00,720.00,954.00,57.0%,29.18,Overnight,Delivered,5
07-12-2024,10-12-2024,BE-10828,In-Store,Low,PROD-AUD-27,Audio,NeoBuds Pro,45.0,120.0,CUST-979,Customer 979,Corporate,France,EMEA,Paris,14,1680.0,10.0%,168.00,1512.00,630.00,882.00,58.3%,64.90,Overnight,Delivered,4
05-02-2024,08-02-2024,BE-10829,In-Store,Low,PROD-AUD-80,Audio,NeoBuds Pro,45.0,120.0,CUST-573,Customer 573,Consumer,Australia,APAC,Sydney,14,1680.0,5.0%,84.00,1596.00,630.00,966.00,60.5%,55.81,Express,Delivered,4
04-01-2025,08-01-2025,BE-10830,In-Store,Medium,PROD-MOB-87,Mobile,Alpha Lite,150.0,349.0,CUST-329,Customer 329,Education,Japan,APAC,Tokyo,14,4886.0,0.0%,0.00,4886.00,2100.00,2786.00,57.0%,31.98,Express,Delivered,5
05-07-2025,08-07-2025,BE-10831,Online,Medium,PROD-AUD-18,Audio,Aero Headphones,80.0,199.0,CUST-544,Customer 544,Education,Japan,APAC,Tokyo,9,1791.0,15.0%,268.65,1522.35,720.00,802.35,52.7%,31.02,Overnight,Delivered,4
02-12-2025,06-12-2025,BE-10832,Online,Medium,PROD-AUD-17,Audio,Wave Soundbar,110.0,299.0,CUST-112,Customer 112,Corporate,Mexico,LATAM,Mexico City,7,2093.0,0.0%,0.00,2093.00,770.00,1323.00,63.2%,24.83,Express,Delivered,4
30-10-2025,01-11-2025,BE-10833,Online,Medium,PROD-AUD-35,Audio,Wave Soundbar,110.0,299.0,CUST-343,Customer 343,Education,USA,NA,New York,1,299.0,0.0%,0.00,299.00,110.00,189.00,63.2%,4.80,Standard,Delivered,3
14-01-2025,18-01-2025,BE-10834,In-Store,Medium,PROD-AUD-79,Audio,NeoBuds Pro,45.0,120.0,CUST-758,Customer 758,Consumer,Mexico,LATAM,Mexico City,5,600.0,0.0%,0.00,600.00,225.00,375.00,62.5%,13.03,Express,Delivered,5
28-09-2024,30-09-2024,BE-10835,Distributor,Medium,PROD-SMA-55,Smart Home,Beacon Camera,35.0,99.0,CUST-288,Customer 288,Consumer,India,APAC,Mumbai,11,1089.0,0.0%,0.00,1089.00,385.00,704.00,64.7%,44.09,Express,Delivered,1
02-04-2025,05-04-2025,BE-10836,Online,High,PROD-AUD-73,Audio,NeoBuds Pro,45.0,120.0,CUST-120,Customer 120,Consumer,USA,NA,Los Angeles,1,120.0,5.0%,6.00,114.00,45.00,69.00,60.5%,2.76,Express,Delivered,5
08-06-2024,09-06-2024,BE-10837,Distributor,Low,PROD-MOB-48,Mobile,Quantum Phone X,400.0,899.0,CUST-169,Customer 169,Education,Mexico,LATAM,Mexico City,6,5394.0,5.0%,269.70,5124.30,2400.00,2724.30,53.2%,25.98,Overnight,Delivered,3
14-03-2025,17-03-2025,BE-10838,In-Store,Medium,PROD-COM-81,Computing,Pro Monitor 27,120.0,279.0,CUST-889,Customer 889,Corporate,Japan,APAC,Tokyo,9,2511.0,5.0%,125.55,2385.45,1080.00,1305.45,54.7%,31.67,Standard,Delayed,5
25-02-2026,27-02-2026,BE-10839,Online,Medium,PROD-WEA-12,Wearables,FitTrack Watch,50.0,149.0,CUST-216,Customer 216,Corporate,Mexico,LATAM,Mexico City,9,1341.0,5.0%,67.05,1273.95,450.00,823.95,64.7%,42.03,Standard,Delivered,1
08-05-2024,12-05-2024,BE-10840,In-Store,Low,PROD-AUD-78,Audio,Aero Headphones,80.0,199.0,CUST-459,Customer 459,Education,Japan,APAC,Tokyo,2,398.0,15.0%,59.70,338.30,160.00,178.30,52.7%,4.32,Express,Delivered,5
13-01-2026,16-01-2026,BE-10841,Online,High,PROD-WEA-14,Wearables,FitTrack Watch,50.0,149.0,CUST-558,Customer 558,Education,Japan,APAC,Tokyo,2,298.0,0.0%,0.00,298.00,100.00,198.00,66.4%,4.70,Standard,Delivered,5
13-05-2025,15-05-2025,BE-10842,Distributor,Medium,PROD-MOB-27,Mobile,Alpha Lite,150.0,349.0,CUST-309,Customer 309,Corporate,UK,EMEA,London,5,1745.0,0.0%,0.00,1745.00,750.00,995.00,57.0%,22.50,Overnight,Delivered,5
18-01-2024,19-01-2024,BE-10843,Distributor,Medium,PROD-SMA-89,Smart Home,Beacon Camera,35.0,99.0,CUST-598,Customer 598,Education,Mexico,LATAM,Mexico City,1,99.0,10.0%,9.90,89.10,35.00,54.10,60.7%,2.24,Standard,Delivered,5
05-05-2026,09-05-2026,BE-10844,In-Store,Low,PROD-AUD-83,Audio,NeoBuds Pro,45.0,120.0,CUST-345,Customer 345,Consumer,Australia,APAC,Sydney,9,1080.0,5.0%,54.00,1026.00,405.00,621.00,60.5%,39.39,Express,Delivered,3
25-12-2024,31-12-2024,BE-10845,Distributor,Medium,PROD-WEA-64,Wearables,FitTrack Watch,50.0,149.0,CUST-954,Customer 954,Consumer,Japan,APAC,Tokyo,2,298.0,5.0%,14.90,283.10,100.00,183.10,64.7%,7.21,Express,Delivered,5
21-02-2026,25-02-2026,BE-10846,Online,Low,PROD-MOB-86,Mobile,Quantum Phone X,400.0,899.0,CUST-241,Customer 241,Education,UK,EMEA,London,6,5394.0,0.0%,0.00,5394.00,2400.00,2994.00,55.5%,16.61,Overnight,Delivered,4
01-02-2024,08-02-2024,BE-10847,In-Store,Medium,PROD-MOB-15,Mobile,Quantum Phone X,400.0,899.0,CUST-227,Customer 227,Consumer,UK,EMEA,London,14,12586.0,0.0%,0.00,12586.00,5600.00,6986.00,55.5%,68.57,Overnight,Delivered,5
21-05-2025,27-05-2025,BE-10848,In-Store,High,PROD-COM-40,Computing,Pro Monitor 27,120.0,279.0,CUST-917,Customer 917,Consumer,Mexico,LATAM,Mexico City,9,2511.0,15.0%,376.65,2134.35,1080.00,1054.35,49.4%,41.19,Overnight,Delivered,4
12-07-2024,15-07-2024,BE-10849,In-Store,Medium,PROD-COM-29,Computing,Titan Laptop,600.0,1299.0,CUST-327,Customer 327,Corporate,Germany,EMEA,Berlin,2,2598.0,5.0%,129.90,2468.10,1200.00,1268.10,51.4%,7.94,Express,Delivered,4
23-02-2025,27-02-2025,BE-10850,In-Store,Medium,PROD-MOB-61,Mobile,Alpha Lite,150.0,349.0,CUST-566,Customer 566,Corporate,UK,EMEA,London,5,1745.0,15.0%,261.75,1483.25,750.00,733.25,49.4%,15.35,Express,Delivered,5
28-10-2025,31-10-2025,BE-10851,Online,Low,PROD-AUD-79,Audio,NeoBuds Pro,45.0,120.0,CUST-898,Customer 898,Consumer,India,APAC,Mumbai,9,1080.0,10.0%,108.00,972.00,405.00,567.00,58.3%,38.39,Overnight,Delivered,4
29-07-2024,04-08-2024,BE-10852,Distributor,Medium,PROD-AUD-28,Audio,Wave Soundbar,110.0,299.0,CUST-745,Customer 745,Education,Japan,APAC,Tokyo,11,3289.0,15.0%,493.35,2795.65,1210.00,1585.65,56.7%,44.30,Express,Delivered,4
03-05-2026,10-05-2026,BE-10853,In-Store,Low,PROD-MOB-38,Mobile,Quantum Phone X,400.0,899.0,CUST-448,Customer 448,Education,France,EMEA,Paris,4,3596.0,15.0%,539.40,3056.60,1600.00,1456.60,47.7%,13.81,Standard,Delivered,5
26-02-2024,27-02-2024,BE-10854,Distributor,Low,PROD-COM-74,Computing,Pro Monitor 27,120.0,279.0,CUST-690,Customer 690,Corporate,Mexico,LATAM,Mexico City,6,1674.0,0.0%,0.00,1674.00,720.00,954.00,57.0%,16.81,Express,Delivered,5
29-11-2025,04-12-2025,BE-10855,Distributor,High,PROD-WEA-43,Wearables,Aura Smart Ring,70.0,199.0,CUST-265,Customer 265,Consumer,USA,NA,Los Angeles,8,1592.0,10.0%,159.20,1432.80,560.00,872.80,60.9%,33.99,Standard,Delayed,3
16-01-2025,19-01-2025,BE-10856,Online,High,PROD-WEA-33,Wearables,Aura Smart Ring,70.0,199.0,CUST-941,Customer 941,Consumer,Mexico,LATAM,Mexico City,13,2587.0,10.0%,258.70,2328.30,910.00,1418.30,60.9%,27.30,Express,Delivered,2
19-05-2026,21-05-2026,BE-10857,Distributor,Critical,PROD-AUD-77,Audio,NeoBuds Pro,45.0,120.0,CUST-602,Customer 602,Corporate,France,EMEA,Paris,4,480.0,0.0%,0.00,480.00,180.00,300.00,62.5%,14.57,Overnight,Delivered,5
25-07-2024,28-07-2024,BE-10858,In-Store,Medium,PROD-AUD-96,Audio,NeoBuds Pro,45.0,120.0,CUST-518,Customer 518,Education,France,EMEA,Paris,12,1440.0,10.0%,144.00,1296.00,540.00,756.00,58.3%,48.79,Overnight,Delivered,1
16-10-2025,19-10-2025,BE-10859,Online,High,PROD-COM-17,Computing,Apex Desktop,750.0,1599.0,CUST-913,Customer 913,Education,Mexico,LATAM,Mexico City,4,6396.0,0.0%,0.00,6396.00,3000.00,3396.00,53.1%,12.24,Overnight,Delivered,3
21-01-2025,22-01-2025,BE-10860,Distributor,Medium,PROD-MOB-57,Mobile,Quantum Phone X,400.0,899.0,CUST-678,Customer 678,Education,USA,NA,New York,12,10788.0,15.0%,1618.20,9169.80,4800.00,4369.80,47.7%,57.42,Standard,Delivered,5
16-12-2025,19-12-2025,BE-10861,Distributor,High,PROD-SMA-30,Smart Home,Omni Speaker,25.0,69.0,CUST-978,Customer 978,Corporate,USA,NA,New York,12,828.0,0.0%,0.00,828.00,300.00,528.00,63.8%,54.65,Express,Delayed,5
02-12-2025,08-12-2025,BE-10862,In-Store,High,PROD-SMA-11,Smart Home,Omni Speaker,25.0,69.0,CUST-525,Customer 525,Corporate,Japan,APAC,Tokyo,6,414.0,15.0%,62.10,351.90,150.00,201.90,57.4%,15.89,Express,Delivered,5
14-04-2024,17-04-2024,BE-10863,Distributor,Medium,PROD-AUD-25,Audio,NeoBuds Pro,45.0,120.0,CUST-645,Customer 645,Corporate,Australia,APAC,Sydney,5,600.0,15.0%,90.00,510.00,225.00,285.00,55.9%,12.69,Standard,Returned,2
21-02-2026,27-02-2026,BE-10864,In-Store,Medium,PROD-COM-49,Computing,Apex Desktop,750.0,1599.0,CUST-954,Customer 954,Education,USA,NA,New York,3,4797.0,0.0%,0.00,4797.00,2250.00,2547.00,53.1%,6.77,Overnight,Delivered,3
10-01-2024,13-01-2024,BE-10865,In-Store,Medium,PROD-MOB-20,Mobile,Alpha Lite,150.0,349.0,CUST-943,Customer 943,Consumer,Japan,APAC,Tokyo,3,1047.0,0.0%,0.00,1047.00,450.00,597.00,57.0%,11.70,Overnight,Delivered,5
29-07-2024,30-07-2024,BE-10866,Online,High,PROD-MOB-64,Mobile,Alpha Lite,150.0,349.0,CUST-491,Customer 491,Corporate,Brazil,LATAM,Sao Paulo,4,1396.0,5.0%,69.80,1326.20,600.00,726.20,54.8%,9.54,Express,Delivered,5
20-11-2025,23-11-2025,BE-10867,Online,High,PROD-MOB-37,Mobile,Alpha Lite,150.0,349.0,CUST-360,Customer 360,Consumer,Germany,EMEA,Berlin,14,4886.0,0.0%,0.00,4886.00,2100.00,2786.00,57.0%,46.37,Standard,Delivered,5
30-01-2025,03-02-2025,BE-10868,Distributor,Medium,PROD-MOB-62,Mobile,Quantum Phone X,400.0,899.0,CUST-409,Customer 409,Consumer,USA,NA,New York,2,1798.0,0.0%,0.00,1798.00,800.00,998.00,55.5%,6.65,Standard,Delivered,3
12-02-2026,16-02-2026,BE-10869,Distributor,Low,PROD-MOB-81,Mobile,Quantum Phone X,400.0,899.0,CUST-442,Customer 442,Education,Japan,APAC,Tokyo,11,9889.0,5.0%,494.45,9394.55,4400.00,4994.55,53.2%,25.65,Overnight,Delivered,1
14-06-2026,19-06-2026,BE-10870,Distributor,Medium,PROD-MOB-15,Mobile,Alpha Lite,150.0,349.0,CUST-968,Customer 968,Consumer,Mexico,LATAM,Mexico City,3,1047.0,5.0%,52.35,994.65,450.00,544.65,54.8%,8.05,Express,Delivered,4
15-02-2024,20-02-2024,BE-10871,Distributor,Medium,PROD-AUD-90,Audio,Aero Headphones,80.0,199.0,CUST-801,Customer 801,Corporate,USA,NA,New York,9,1791.0,0.0%,0.00,1791.00,720.00,1071.00,59.8%,42.19,Standard,Delivered,5
06-05-2025,09-05-2025,BE-10872,Distributor,Medium,PROD-SMA-53,Smart Home,Omni Speaker,25.0,69.0,CUST-374,Customer 374,Consumer,Germany,EMEA,Berlin,7,483.0,0.0%,0.00,483.00,175.00,308.00,63.8%,15.89,Overnight,Delivered,3
03-02-2026,05-02-2026,BE-10873,In-Store,Low,PROD-SMA-16,Smart Home,Omni Speaker,25.0,69.0,CUST-144,Customer 144,Corporate,Japan,APAC,Tokyo,4,276.0,15.0%,41.40,234.60,100.00,134.60,57.4%,15.60,Express,Delivered,5
25-07-2024,29-07-2024,BE-10874,Online,Medium,PROD-COM-62,Computing,Apex Desktop,750.0,1599.0,CUST-149,Customer 149,Consumer,Japan,APAC,Tokyo,7,11193.0,0.0%,0.00,11193.00,5250.00,5943.00,53.1%,20.44,Standard,Delivered,5
28-05-2025,31-05-2025,BE-10875,In-Store,Low,PROD-SMA-73,Smart Home,Beacon Camera,35.0,99.0,CUST-164,Customer 164,Corporate,Canada,NA,Toronto,14,1386.0,0.0%,0.00,1386.00,490.00,896.00,64.7%,32.54,Overnight,Delivered,2
13-04-2024,18-04-2024,BE-10876,Distributor,Low,PROD-COM-61,Computing,Titan Laptop,600.0,1299.0,CUST-382,Customer 382,Education,USA,NA,Los Angeles,1,1299.0,5.0%,64.95,1234.05,600.00,634.05,51.4%,2.70,Standard,Delivered,5
28-02-2024,01-03-2024,BE-10877,Online,Medium,PROD-COM-38,Computing,Titan Laptop,600.0,1299.0,CUST-342,Customer 342,Corporate,Germany,EMEA,Berlin,11,14289.0,5.0%,714.45,13574.55,6600.00,6974.55,51.4%,46.52,Express,Delayed,4
12-01-2024,17-01-2024,BE-10878,Distributor,Medium,PROD-COM-36,Computing,Titan Laptop,600.0,1299.0,CUST-627,Customer 627,Consumer,USA,NA,New York,6,7794.0,10.0%,779.40,7014.60,3600.00,3414.60,48.7%,15.33,Overnight,Delivered,5
27-12-2025,29-12-2025,BE-10879,Distributor,Low,PROD-MOB-91,Mobile,Quantum Phone X,400.0,899.0,CUST-543,Customer 543,Education,Australia,APAC,Sydney,6,5394.0,0.0%,0.00,5394.00,2400.00,2994.00,55.5%,29.66,Standard,Delivered,3
24-10-2024,27-10-2024,BE-10880,Online,Low,PROD-SMA-93,Smart Home,Beacon Camera,35.0,99.0,CUST-905,Customer 905,Education,USA,NA,Los Angeles,12,1188.0,0.0%,0.00,1188.00,420.00,768.00,64.7%,35.28,Express,Delivered,5
01-01-2024,04-01-2024,BE-10881,Distributor,Medium,PROD-SMA-40,Smart Home,Omni Speaker,25.0,69.0,CUST-664,Customer 664,Education,USA,NA,Los Angeles,13,897.0,5.0%,44.85,852.15,325.00,527.15,61.9%,56.73,Overnight,Delivered,5
15-01-2025,18-01-2025,BE-10882,In-Store,High,PROD-AUD-81,Audio,Aero Headphones,80.0,199.0,CUST-247,Customer 247,Education,Brazil,LATAM,Sao Paulo,5,995.0,5.0%,49.75,945.25,400.00,545.25,57.7%,17.33,Standard,Delivered,4
15-04-2026,16-04-2026,BE-10883,Online,Medium,PROD-AUD-26,Audio,NeoBuds Pro,45.0,120.0,CUST-545,Customer 545,Education,Canada,NA,Toronto,3,360.0,10.0%,36.00,324.00,135.00,189.00,58.3%,10.77,Overnight,Delivered,4
03-11-2024,07-11-2024,BE-10884,Online,Medium,PROD-WEA-49,Wearables,FitTrack Watch,50.0,149.0,CUST-670,Customer 670,Education,Brazil,LATAM,Sao Paulo,5,745.0,0.0%,0.00,745.00,250.00,495.00,66.4%,14.95,Standard,Returned,4
12-04-2026,15-04-2026,BE-10885,In-Store,High,PROD-MOB-29,Mobile,Alpha Lite,150.0,349.0,CUST-316,Customer 316,Education,France,EMEA,Paris,5,1745.0,0.0%,0.00,1745.00,750.00,995.00,57.0%,16.66,Express,Delivered,5
23-08-2025,27-08-2025,BE-10886,In-Store,Medium,PROD-WEA-38,Wearables,Aura Smart Ring,70.0,199.0,CUST-298,Customer 298,Education,USA,NA,New York,4,796.0,20.0%,159.20,636.80,280.00,356.80,56.0%,9.21,Express,Delivered,4
15-06-2024,16-06-2024,BE-10887,In-Store,Critical,PROD-AUD-37,Audio,NeoBuds Pro,45.0,120.0,CUST-983,Customer 983,Consumer,India,APAC,Mumbai,7,840.0,5.0%,42.00,798.00,315.00,483.00,60.5%,31.82,Overnight,Delivered,3
17-06-2024,20-06-2024,BE-10888,Distributor,High,PROD-WEA-90,Wearables,Aura Smart Ring,70.0,199.0,CUST-352,Customer 352,Consumer,Brazil,LATAM,Sao Paulo,4,796.0,0.0%,0.00,796.00,280.00,516.00,64.8%,14.69,Overnight,Delivered,5
03-11-2024,05-11-2024,BE-10889,In-Store,Critical,PROD-WEA-38,Wearables,Aura Smart Ring,70.0,199.0,CUST-325,Customer 325,Education,USA,NA,Los Angeles,5,995.0,10.0%,99.50,895.50,350.00,545.50,60.9%,18.19,Express,Delivered,4
04-10-2024,11-10-2024,BE-10890,Distributor,Medium,PROD-AUD-24,Audio,NeoBuds Pro,45.0,120.0,CUST-689,Customer 689,Corporate,Germany,EMEA,Berlin,1,120.0,0.0%,0.00,120.00,45.00,75.00,62.5%,3.51,Overnight,Delivered,4
28-01-2026,31-01-2026,BE-10891,Distributor,High,PROD-SMA-76,Smart Home,Beacon Camera,35.0,99.0,CUST-265,Customer 265,Consumer,India,APAC,Mumbai,1,99.0,0.0%,0.00,99.00,35.00,64.00,64.7%,4.13,Overnight,Delivered,4
21-03-2025,23-03-2025,BE-10892,In-Store,Low,PROD-AUD-53,Audio,NeoBuds Pro,45.0,120.0,CUST-477,Customer 477,Consumer,UK,EMEA,London,3,360.0,15.0%,54.00,306.00,135.00,171.00,55.9%,14.16,Express,Delivered,5
26-01-2024,29-01-2024,BE-10893,Online,Medium,PROD-MOB-21,Mobile,Alpha Lite,150.0,349.0,CUST-154,Customer 154,Consumer,Brazil,LATAM,Sao Paulo,3,1047.0,0.0%,0.00,1047.00,450.00,597.00,57.0%,13.79,Overnight,Delivered,5
31-08-2024,04-09-2024,BE-10894,In-Store,Medium,PROD-AUD-46,Audio,Aero Headphones,80.0,199.0,CUST-656,Customer 656,Education,USA,NA,New York,9,1791.0,0.0%,0.00,1791.00,720.00,1071.00,59.8%,41.48,Express,Delivered,3
09-02-2026,12-02-2026,BE-10895,Distributor,Medium,PROD-WEA-67,Wearables,Aura Smart Ring,70.0,199.0,CUST-141,Customer 141,Education,Australia,APAC,Sydney,14,2786.0,0.0%,0.00,2786.00,980.00,1806.00,64.8%,55.18,Express,Delivered,4
25-06-2025,26-06-2025,BE-10896,In-Store,Low,PROD-WEA-61,Wearables,FitTrack Watch,50.0,149.0,CUST-255,Customer 255,Education,Mexico,LATAM,Mexico City,13,1937.0,20.0%,387.40,1549.60,650.00,899.60,58.1%,38.51,Overnight,Delivered,5
09-08-2025,12-08-2025,BE-10897,In-Store,Medium,PROD-AUD-24,Audio,Wave Soundbar,110.0,299.0,CUST-615,Customer 615,Education,Brazil,LATAM,Sao Paulo,11,3289.0,0.0%,0.00,3289.00,1210.00,2079.00,63.2%,45.21,Overnight,Delivered,5
15-09-2024,16-09-2024,BE-10898,In-Store,Medium,PROD-COM-41,Computing,Apex Desktop,750.0,1599.0,CUST-898,Customer 898,Consumer,Brazil,LATAM,Sao Paulo,6,9594.0,10.0%,959.40,8634.60,4500.00,4134.60,47.9%,17.78,Express,Delivered,5
09-02-2024,14-02-2024,BE-10899,Distributor,Medium,PROD-AUD-67,Audio,Aero Headphones,80.0,199.0,CUST-698,Customer 698,Corporate,Japan,APAC,Tokyo,1,199.0,0.0%,0.00,199.00,80.00,119.00,59.8%,3.26,Express,Delivered,2
22-04-2026,26-04-2026,BE-10900,Online,Medium,PROD-WEA-85,Wearables,FitTrack Watch,50.0,149.0,CUST-347,Customer 347,Consumer,UK,EMEA,London,1,149.0,20.0%,29.80,119.20,50.00,69.20,58.1%,4.46,Overnight,Delivered,4
12-04-2024,15-04-2024,BE-10901,In-Store,Medium,PROD-SMA-66,Smart Home,Omni Speaker,25.0,69.0,CUST-722,Customer 722,Consumer,Japan,APAC,Tokyo,13,897.0,15.0%,134.55,762.45,325.00,437.45,57.4%,49.74,Overnight,Delivered,4
07-04-2026,12-04-2026,BE-10902,Online,Medium,PROD-WEA-67,Wearables,Aura Smart Ring,70.0,199.0,CUST-332,Customer 332,Corporate,France,EMEA,Paris,4,796.0,10.0%,79.60,716.40,280.00,436.40,60.9%,16.26,Standard,Delivered,5
13-09-2024,20-09-2024,BE-10903,In-Store,Medium,PROD-MOB-23,Mobile,Alpha Lite,150.0,349.0,CUST-830,Customer 830,Consumer,Japan,APAC,Tokyo,8,2792.0,0.0%,0.00,2792.00,1200.00,1592.00,57.0%,19.94,Express,Delivered,5
03-03-2026,05-03-2026,BE-10904,Distributor,Medium,PROD-SMA-18,Smart Home,Omni Speaker,25.0,69.0,CUST-632,Customer 632,Corporate,USA,NA,New York,5,345.0,10.0%,34.50,310.50,125.00,185.50,59.7%,23.92,Standard,Delivered,3
27-05-2024,29-05-2024,BE-10905,Distributor,Medium,PROD-COM-94,Computing,Apex Desktop,750.0,1599.0,CUST-118,Customer 118,Corporate,France,EMEA,Paris,7,11193.0,0.0%,0.00,11193.00,5250.00,5943.00,53.1%,27.36,Express,Delivered,4
17-05-2026,18-05-2026,BE-10906,Distributor,Medium,PROD-SMA-43,Smart Home,Beacon Camera,35.0,99.0,CUST-389,Customer 389,Consumer,Canada,NA,Toronto,2,198.0,5.0%,9.90,188.10,70.00,118.10,62.8%,5.52,Express,Delivered,5
28-06-2024,01-07-2024,BE-10907,Distributor,Medium,PROD-WEA-36,Wearables,FitTrack Watch,50.0,149.0,CUST-695,Customer 695,Consumer,France,EMEA,Paris,2,298.0,0.0%,0.00,298.00,100.00,198.00,66.4%,6.44,Standard,Delivered,4
28-11-2024,02-12-2024,BE-10908,Online,Medium,PROD-WEA-65,Wearables,FitTrack Watch,50.0,149.0,CUST-359,Customer 359,Education,Brazil,LATAM,Sao Paulo,1,149.0,0.0%,0.00,149.00,50.00,99.00,66.4%,4.95,Standard,Delivered,3
19-02-2024,20-02-2024,BE-10909,Online,Medium,PROD-AUD-41,Audio,NeoBuds Pro,45.0,120.0,CUST-114,Customer 114,Education,USA,NA,New York,2,240.0,0.0%,0.00,240.00,90.00,150.00,62.5%,4.51,Express,Delivered,5
28-12-2024,31-12-2024,BE-10910,Distributor,Medium,PROD-COM-34,Computing,Pro Monitor 27,120.0,279.0,CUST-857,Customer 857,Education,India,APAC,Mumbai,11,3069.0,0.0%,0.00,3069.00,1320.00,1749.00,57.0%,25.64,Express,Delivered,1
11-10-2025,13-10-2025,BE-10911,In-Store,Medium,PROD-SMA-35,Smart Home,Beacon Camera,35.0,99.0,CUST-338,Customer 338,Corporate,USA,NA,New York,1,99.0,10.0%,9.90,89.10,35.00,54.10,60.7%,4.18,Standard,Delivered,5
15-11-2024,17-11-2024,BE-10912,In-Store,High,PROD-AUD-26,Audio,NeoBuds Pro,45.0,120.0,CUST-275,Customer 275,Education,India,APAC,Mumbai,12,1440.0,10.0%,144.00,1296.00,540.00,756.00,58.3%,26.45,Express,Delivered,4
15-12-2024,17-12-2024,BE-10913,Distributor,Medium,PROD-WEA-47,Wearables,Aura Smart Ring,70.0,199.0,CUST-831,Customer 831,Education,Canada,NA,Toronto,4,796.0,20.0%,159.20,636.80,280.00,356.80,56.0%,11.60,Express,Delivered,3
25-11-2025,28-11-2025,BE-10914,Online,Critical,PROD-AUD-40,Audio,NeoBuds Pro,45.0,120.0,CUST-363,Customer 363,Corporate,Australia,APAC,Sydney,7,840.0,10.0%,84.00,756.00,315.00,441.00,58.3%,20.10,Express,Delivered,3
09-11-2025,11-11-2025,BE-10915,In-Store,High,PROD-MOB-27,Mobile,Alpha Lite,150.0,349.0,CUST-633,Customer 633,Corporate,France,EMEA,Paris,7,2443.0,5.0%,122.15,2320.85,1050.00,1270.85,54.8%,31.72,Standard,Delivered,1
18-10-2025,23-10-2025,BE-10916,Distributor,Critical,PROD-AUD-49,Audio,Aero Headphones,80.0,199.0,CUST-515,Customer 515,Education,Germany,EMEA,Berlin,9,1791.0,20.0%,358.20,1432.80,720.00,712.80,49.8%,25.77,Overnight,Delayed,5
16-08-2025,18-08-2025,BE-10917,In-Store,High,PROD-SMA-79,Smart Home,Omni Speaker,25.0,69.0,CUST-562,Customer 562,Consumer,USA,NA,New York,2,138.0,10.0%,13.80,124.20,50.00,74.20,59.7%,9.63,Overnight,Delivered,1
25-06-2025,29-06-2025,BE-10918,Online,Medium,PROD-COM-67,Computing,Titan Laptop,600.0,1299.0,CUST-709,Customer 709,Education,USA,NA,New York,1,1299.0,0.0%,0.00,1299.00,600.00,699.00,53.8%,2.36,Standard,Delivered,3
11-07-2025,15-07-2025,BE-10919,Online,Medium,PROD-AUD-93,Audio,NeoBuds Pro,45.0,120.0,CUST-746,Customer 746,Corporate,India,APAC,Mumbai,8,960.0,0.0%,0.00,960.00,360.00,600.00,62.5%,18.97,Overnight,Delivered,3
10-05-2024,13-05-2024,BE-10920,Distributor,Low,PROD-COM-35,Computing,Pro Monitor 27,120.0,279.0,CUST-752,Customer 752,Corporate,USA,NA,New York,13,3627.0,0.0%,0.00,3627.00,1560.00,2067.00,57.0%,53.37,Overnight,Returned,5
06-06-2024,09-06-2024,BE-10921,Online,Critical,PROD-WEA-84,Wearables,FitTrack Watch,50.0,149.0,CUST-475,Customer 475,Corporate,France,EMEA,Paris,11,1639.0,0.0%,0.00,1639.00,550.00,1089.00,66.4%,40.71,Overnight,Delivered,5
29-06-2024,30-06-2024,BE-10922,In-Store,Medium,PROD-SMA-22,Smart Home,Beacon Camera,35.0,99.0,CUST-186,Customer 186,Corporate,Brazil,LATAM,Sao Paulo,8,792.0,5.0%,39.60,752.40,280.00,472.40,62.8%,28.43,Standard,Delivered,2
25-09-2024,28-09-2024,BE-10923,Online,Low,PROD-WEA-51,Wearables,Aura Smart Ring,70.0,199.0,CUST-618,Customer 618,Corporate,Germany,EMEA,Berlin,12,2388.0,0.0%,0.00,2388.00,840.00,1548.00,64.8%,32.63,Standard,Delivered,4
27-02-2025,28-02-2025,BE-10924,In-Store,Medium,PROD-SMA-95,Smart Home,Beacon Camera,35.0,99.0,CUST-460,Customer 460,Education,Mexico,LATAM,Mexico City,3,297.0,10.0%,29.70,267.30,105.00,162.30,60.7%,13.60,Express,Delivered,5
09-03-2026,15-03-2026,BE-10925,Distributor,Medium,PROD-COM-46,Computing,Titan Laptop,600.0,1299.0,CUST-451,Customer 451,Education,Brazil,LATAM,Sao Paulo,8,10392.0,5.0%,519.60,9872.40,4800.00,5072.40,51.4%,26.13,Standard,Delivered,3
25-03-2025,30-03-2025,BE-10926,Online,High,PROD-AUD-20,Audio,Aero Headphones,80.0,199.0,CUST-725,Customer 725,Corporate,USA,NA,New York,4,796.0,0.0%,0.00,796.00,320.00,476.00,59.8%,11.30,Standard,Delivered,3
14-02-2026,17-02-2026,BE-10927,In-Store,High,PROD-WEA-96,Wearables,Aura Smart Ring,70.0,199.0,CUST-894,Customer 894,Consumer,Australia,APAC,Sydney,5,995.0,5.0%,49.75,945.25,350.00,595.25,63.0%,22.57,Express,Delivered,5
01-06-2025,06-06-2025,BE-10928,Online,Medium,PROD-MOB-31,Mobile,Alpha Lite,150.0,349.0,CUST-459,Customer 459,Education,India,APAC,Mumbai,1,349.0,10.0%,34.90,314.10,150.00,164.10,52.2%,3.59,Standard,Delivered,5
03-08-2025,07-08-2025,BE-10929,In-Store,High,PROD-WEA-10,Wearables,FitTrack Watch,50.0,149.0,CUST-343,Customer 343,Corporate,UK,EMEA,London,1,149.0,5.0%,7.45,141.55,50.00,91.55,64.7%,2.22,Overnight,Delayed,5
05-07-2025,09-07-2025,BE-10930,In-Store,Low,PROD-WEA-84,Wearables,FitTrack Watch,50.0,149.0,CUST-393,Customer 393,Corporate,Brazil,LATAM,Sao Paulo,11,1639.0,5.0%,81.95,1557.05,550.00,1007.05,64.7%,30.34,Standard,Delivered,5
02-07-2025,07-07-2025,BE-10931,Distributor,Medium,PROD-COM-39,Computing,Pro Monitor 27,120.0,279.0,CUST-626,Customer 626,Corporate,Brazil,LATAM,Sao Paulo,7,1953.0,10.0%,195.30,1757.70,840.00,917.70,52.2%,23.52,Overnight,Delivered,5
10-05-2025,14-05-2025,BE-10932,Distributor,Medium,PROD-MOB-72,Mobile,Quantum Phone X,400.0,899.0,CUST-436,Customer 436,Education,Japan,APAC,Tokyo,10,8990.0,10.0%,899.00,8091.00,4000.00,4091.00,50.6%,35.29,Express,Delivered,4
14-02-2025,17-02-2025,BE-10933,Distributor,Medium,PROD-MOB-78,Mobile,Alpha Lite,150.0,349.0,CUST-893,Customer 893,Consumer,Australia,APAC,Sydney,1,349.0,0.0%,0.00,349.00,150.00,199.00,57.0%,2.99,Express,Delivered,5
23-03-2026,26-03-2026,BE-10934,Online,Medium,PROD-COM-60,Computing,Pro Monitor 27,120.0,279.0,CUST-949,Customer 949,Corporate,UK,EMEA,London,13,3627.0,10.0%,362.70,3264.30,1560.00,1704.30,52.2%,48.66,Overnight,Delivered,4
14-09-2024,19-09-2024,BE-10935,Online,Medium,PROD-SMA-42,Smart Home,Omni Speaker,25.0,69.0,CUST-635,Customer 635,Consumer,UK,EMEA,London,9,621.0,5.0%,31.05,589.95,225.00,364.95,61.9%,38.86,Express,Delivered,5
25-01-2024,28-01-2024,BE-10936,In-Store,Medium,PROD-AUD-30,Audio,Wave Soundbar,110.0,299.0,CUST-296,Customer 296,Consumer,Germany,EMEA,Berlin,3,897.0,5.0%,44.85,852.15,330.00,522.15,61.3%,8.60,Express,Delivered,4
24-12-2025,28-12-2025,BE-10937,Distributor,High,PROD-SMA-39,Smart Home,Omni Speaker,25.0,69.0,CUST-356,Customer 356,Corporate,USA,NA,Los Angeles,8,552.0,10.0%,55.20,496.80,200.00,296.80,59.7%,26.19,Express,Delivered,4
21-01-2024,24-01-2024,BE-10938,In-Store,Critical,PROD-COM-97,Computing,Pro Monitor 27,120.0,279.0,CUST-617,Customer 617,Corporate,India,APAC,Mumbai,3,837.0,5.0%,41.85,795.15,360.00,435.15,54.7%,10.17,Express,Delivered,4
20-09-2024,25-09-2024,BE-10939,In-Store,High,PROD-COM-71,Computing,Pro Monitor 27,120.0,279.0,CUST-677,Customer 677,Corporate,India,APAC,Mumbai,5,1395.0,5.0%,69.75,1325.25,600.00,725.25,54.7%,16.78,Express,Delivered,4
10-12-2024,11-12-2024,BE-10940,In-Store,Medium,PROD-AUD-82,Audio,NeoBuds Pro,45.0,120.0,CUST-168,Customer 168,Consumer,Australia,APAC,Sydney,7,840.0,10.0%,84.00,756.00,315.00,441.00,58.3%,18.52,Overnight,Delivered,5
29-08-2024,01-09-2024,BE-10941,Distributor,Medium,PROD-MOB-16,Mobile,Quantum Phone X,400.0,899.0,CUST-441,Customer 441,Corporate,USA,NA,New York,6,5394.0,10.0%,539.40,4854.60,2400.00,2454.60,50.6%,21.96,Express,Delivered,2
24-05-2025,28-05-2025,BE-10942,Online,Medium,PROD-AUD-68,Audio,Wave Soundbar,110.0,299.0,CUST-418,Customer 418,Corporate,Australia,APAC,Sydney,7,2093.0,10.0%,209.30,1883.70,770.00,1113.70,59.1%,25.63,Standard,Delayed,4
19-10-2024,20-10-2024,BE-10943,Distributor,Medium,PROD-COM-38,Computing,Titan Laptop,600.0,1299.0,CUST-925,Customer 925,Consumer,India,APAC,Mumbai,7,9093.0,0.0%,0.00,9093.00,4200.00,4893.00,53.8%,19.39,Express,Delivered,4
13-06-2024,15-06-2024,BE-10944,Online,Low,PROD-WEA-17,Wearables,Aura Smart Ring,70.0,199.0,CUST-939,Customer 939,Consumer,Brazil,LATAM,Sao Paulo,8,1592.0,15.0%,238.80,1353.20,560.00,793.20,58.6%,36.68,Standard,Delivered,4
16-09-2025,20-09-2025,BE-10945,Distributor,High,PROD-MOB-60,Mobile,Quantum Phone X,400.0,899.0,CUST-727,Customer 727,Corporate,USA,NA,Los Angeles,2,1798.0,0.0%,0.00,1798.00,800.00,998.00,55.5%,8.07,Express,Delivered,2
03-12-2024,05-12-2024,BE-10946,Online,Medium,PROD-COM-17,Computing,Titan Laptop,600.0,1299.0,CUST-444,Customer 444,Consumer,UK,EMEA,London,12,15588.0,0.0%,0.00,15588.00,7200.00,8388.00,53.8%,30.33,Standard,Delivered,4
19-11-2024,23-11-2024,BE-10947,In-Store,Critical,PROD-WEA-75,Wearables,FitTrack Watch,50.0,149.0,CUST-927,Customer 927,Corporate,Brazil,LATAM,Sao Paulo,9,1341.0,0.0%,0.00,1341.00,450.00,891.00,66.4%,21.06,Express,Delivered,5
19-08-2024,23-08-2024,BE-10948,Distributor,Medium,PROD-COM-74,Computing,Titan Laptop,600.0,1299.0,CUST-982,Customer 982,Corporate,Brazil,LATAM,Sao Paulo,6,7794.0,0.0%,0.00,7794.00,3600.00,4194.00,53.8%,22.10,Overnight,Delivered,5
15-05-2025,17-05-2025,BE-10949,Online,Medium,PROD-COM-61,Computing,Pro Monitor 27,120.0,279.0,CUST-308,Customer 308,Consumer,Germany,EMEA,Berlin,2,558.0,5.0%,27.90,530.10,240.00,290.10,54.7%,7.42,Express,Delivered,5
16-04-2024,17-04-2024,BE-10950,Online,Medium,PROD-AUD-33,Audio,Aero Headphones,80.0,199.0,CUST-855,Customer 855,Education,Brazil,LATAM,Sao Paulo,2,398.0,20.0%,79.60,318.40,160.00,158.40,49.8%,5.28,Express,Returned,3
20-07-2024,24-07-2024,BE-10951,In-Store,Medium,PROD-COM-83,Computing,Titan Laptop,600.0,1299.0,CUST-291,Customer 291,Corporate,France,EMEA,Paris,8,10392.0,15.0%,1558.80,8833.20,4800.00,4033.20,45.7%,27.79,Express,Delivered,5
31-05-2024,03-06-2024,BE-10952,In-Store,High,PROD-COM-53,Computing,Apex Desktop,750.0,1599.0,CUST-552,Customer 552,Consumer,Mexico,LATAM,Mexico City,5,7995.0,10.0%,799.50,7195.50,3750.00,3445.50,47.9%,19.22,Express,Delayed,5
22-12-2024,25-12-2024,BE-10953,Online,Medium,PROD-WEA-32,Wearables,FitTrack Watch,50.0,149.0,CUST-225,Customer 225,Education,Japan,APAC,Tokyo,9,1341.0,20.0%,268.20,1072.80,450.00,622.80,58.1%,41.90,Express,Delivered,3
15-11-2024,19-11-2024,BE-10954,Online,Medium,PROD-MOB-62,Mobile,Alpha Lite,150.0,349.0,CUST-167,Customer 167,Education,Germany,EMEA,Berlin,12,4188.0,0.0%,0.00,4188.00,1800.00,2388.00,57.0%,48.79,Standard,Delivered,4
19-01-2024,21-01-2024,BE-10955,Distributor,Critical,PROD-AUD-96,Audio,NeoBuds Pro,45.0,120.0,CUST-522,Customer 522,Education,Japan,APAC,Tokyo,8,960.0,5.0%,48.00,912.00,360.00,552.00,60.5%,18.88,Standard,Delivered,3
18-05-2024,23-05-2024,BE-10956,Distributor,Medium,PROD-AUD-80,Audio,Wave Soundbar,110.0,299.0,CUST-474,Customer 474,Education,Germany,EMEA,Berlin,9,2691.0,0.0%,0.00,2691.00,990.00,1701.00,63.2%,39.15,Overnight,Delivered,5
21-09-2024,25-09-2024,BE-10957,Distributor,Low,PROD-MOB-72,Mobile,Alpha Lite,150.0,349.0,CUST-226,Customer 226,Consumer,India,APAC,Mumbai,4,1396.0,0.0%,0.00,1396.00,600.00,796.00,57.0%,18.94,Overnight,Delayed,5
14-05-2026,18-05-2026,BE-10958,In-Store,Medium,PROD-MOB-24,Mobile,Alpha Lite,150.0,349.0,CUST-809,Customer 809,Consumer,Brazil,LATAM,Sao Paulo,1,349.0,0.0%,0.00,349.00,150.00,199.00,57.0%,4.88,Standard,Delivered,5
04-04-2025,06-04-2025,BE-10959,Online,Medium,PROD-WEA-90,Wearables,Aura Smart Ring,70.0,199.0,CUST-173,Customer 173,Corporate,Brazil,LATAM,Sao Paulo,1,199.0,5.0%,9.95,189.05,70.00,119.05,63.0%,3.23,Express,Delivered,3
07-07-2025,09-07-2025,BE-10960,Distributor,High,PROD-COM-78,Computing,Pro Monitor 27,120.0,279.0,CUST-854,Customer 854,Corporate,Japan,APAC,Tokyo,1,279.0,0.0%,0.00,279.00,120.00,159.00,57.0%,2.34,Standard,Delivered,4
10-05-2026,13-05-2026,BE-10961,Distributor,Medium,PROD-AUD-73,Audio,NeoBuds Pro,45.0,120.0,CUST-156,Customer 156,Corporate,USA,NA,New York,7,840.0,0.0%,0.00,840.00,315.00,525.00,62.5%,27.56,Overnight,Delivered,5
29-12-2025,31-12-2025,BE-10962,In-Store,Medium,PROD-SMA-71,Smart Home,Beacon Camera,35.0,99.0,CUST-877,Customer 877,Corporate,Brazil,LATAM,Sao Paulo,13,1287.0,0.0%,0.00,1287.00,455.00,832.00,64.7%,30.72,Express,Delivered,5
22-09-2025,25-09-2025,BE-10963,Distributor,Medium,PROD-SMA-45,Smart Home,Beacon Camera,35.0,99.0,CUST-328,Customer 328,Consumer,France,EMEA,Paris,4,396.0,0.0%,0.00,396.00,140.00,256.00,64.7%,9.03,Express,Delivered,4
06-10-2025,10-10-2025,BE-10964,In-Store,Medium,PROD-COM-80,Computing,Apex Desktop,750.0,1599.0,CUST-702,Customer 702,Consumer,Australia,APAC,Sydney,4,6396.0,10.0%,639.60,5756.40,3000.00,2756.40,47.9%,13.45,Express,Delivered,4
06-07-2025,10-07-2025,BE-10965,Distributor,Medium,PROD-SMA-50,Smart Home,Omni Speaker,25.0,69.0,CUST-885,Customer 885,Education,Japan,APAC,Tokyo,7,483.0,15.0%,72.45,410.55,175.00,235.55,57.4%,18.61,Overnight,Delivered,4
26-01-2024,28-01-2024,BE-10966,In-Store,Medium,PROD-WEA-65,Wearables,Aura Smart Ring,70.0,199.0,CUST-838,Customer 838,Corporate,Brazil,LATAM,Sao Paulo,4,796.0,20.0%,159.20,636.80,280.00,356.80,56.0%,15.87,Standard,Delivered,4
01-05-2025,04-05-2025,BE-10967,In-Store,Critical,PROD-WEA-11,Wearables,FitTrack Watch,50.0,149.0,CUST-526,Customer 526,Corporate,Australia,APAC,Sydney,13,1937.0,0.0%,0.00,1937.00,650.00,1287.00,66.4%,29.12,Express,Delivered,5
09-06-2026,12-06-2026,BE-10968,Online,Low,PROD-COM-32,Computing,Apex Desktop,750.0,1599.0,CUST-348,Customer 348,Consumer,Australia,APAC,Sydney,4,6396.0,15.0%,959.40,5436.60,3000.00,2436.60,44.8%,12.10,Express,Delivered,4
09-03-2026,16-03-2026,BE-10969,Distributor,Medium,PROD-WEA-39,Wearables,FitTrack Watch,50.0,149.0,CUST-783,Customer 783,Consumer,USA,NA,New York,10,1490.0,5.0%,74.50,1415.50,500.00,915.50,64.7%,32.11,Standard,Delivered,4
30-11-2024,01-12-2024,BE-10970,Online,Medium,PROD-WEA-68,Wearables,FitTrack Watch,50.0,149.0,CUST-784,Customer 784,Corporate,Germany,EMEA,Berlin,5,745.0,10.0%,74.50,670.50,250.00,420.50,62.7%,14.60,Standard,Delivered,5
13-12-2025,16-12-2025,BE-10971,In-Store,Medium,PROD-WEA-88,Wearables,Aura Smart Ring,70.0,199.0,CUST-939,Customer 939,Education,USA,NA,New York,13,2587.0,15.0%,388.05,2198.95,910.00,1288.95,58.6%,48.85,Express,Delivered,4
21-01-2025,25-01-2025,BE-10972,In-Store,Low,PROD-SMA-67,Smart Home,Beacon Camera,35.0,99.0,CUST-932,Customer 932,Education,Germany,EMEA,Berlin,14,1386.0,20.0%,277.20,1108.80,490.00,618.80,55.8%,62.08,Overnight,Delivered,3
23-03-2026,24-03-2026,BE-10973,Distributor,High,PROD-COM-62,Computing,Apex Desktop,750.0,1599.0,CUST-430,Customer 430,Consumer,Japan,APAC,Tokyo,3,4797.0,0.0%,0.00,4797.00,2250.00,2547.00,53.1%,11.71,Express,Delivered,5
06-08-2025,09-08-2025,BE-10974,In-Store,Low,PROD-WEA-35,Wearables,FitTrack Watch,50.0,149.0,CUST-270,Customer 270,Consumer,Japan,APAC,Tokyo,7,1043.0,10.0%,104.30,938.70,350.00,588.70,62.7%,27.64,Overnight,Delivered,4
10-02-2026,15-02-2026,BE-10975,Online,Critical,PROD-COM-26,Computing,Titan Laptop,600.0,1299.0,CUST-967,Customer 967,Corporate,Brazil,LATAM,Sao Paulo,11,14289.0,0.0%,0.00,14289.00,6600.00,7689.00,53.8%,25.32,Express,Delivered,5
02-09-2024,07-09-2024,BE-10976,Online,High,PROD-WEA-33,Wearables,FitTrack Watch,50.0,149.0,CUST-512,Customer 512,Corporate,UK,EMEA,London,4,596.0,10.0%,59.60,536.40,200.00,336.40,62.7%,13.04,Express,Delivered,4
15-03-2026,19-03-2026,BE-10977,Distributor,High,PROD-MOB-22,Mobile,Quantum Phone X,400.0,899.0,CUST-168,Customer 168,Corporate,France,EMEA,Paris,9,8091.0,10.0%,809.10,7281.90,3600.00,3681.90,50.6%,29.12,Standard,Delivered,5
30-08-2025,06-09-2025,BE-10978,In-Store,Medium,PROD-AUD-30,Audio,NeoBuds Pro,45.0,120.0,CUST-295,Customer 295,Corporate,Mexico,LATAM,Mexico City,9,1080.0,0.0%,0.00,1080.00,405.00,675.00,62.5%,19.65,Overnight,Delivered,5
04-01-2026,07-01-2026,BE-10979,In-Store,High,PROD-SMA-76,Smart Home,Beacon Camera,35.0,99.0,CUST-188,Customer 188,Consumer,Brazil,LATAM,Sao Paulo,13,1287.0,15.0%,193.05,1093.95,455.00,638.95,58.4%,30.19,Overnight,Delivered,4
31-01-2024,01-02-2024,BE-10980,In-Store,Medium,PROD-AUD-13,Audio,NeoBuds Pro,45.0,120.0,CUST-948,Customer 948,Education,Germany,EMEA,Berlin,8,960.0,10.0%,96.00,864.00,360.00,504.00,58.3%,21.90,Standard,Delivered,4
07-05-2025,09-05-2025,BE-10981,Distributor,Low,PROD-AUD-41,Audio,Wave Soundbar,110.0,299.0,CUST-498,Customer 498,Corporate,Australia,APAC,Sydney,6,1794.0,10.0%,179.40,1614.60,660.00,954.60,59.1%,21.27,Standard,Delivered,3
23-03-2026,28-03-2026,BE-10982,Online,Low,PROD-MOB-28,Mobile,Alpha Lite,150.0,349.0,CUST-498,Customer 498,Corporate,Brazil,LATAM,Sao Paulo,10,3490.0,0.0%,0.00,3490.00,1500.00,1990.00,57.0%,43.76,Overnight,Delivered,5
06-03-2026,09-03-2026,BE-10983,Online,Low,PROD-MOB-40,Mobile,Quantum Phone X,400.0,899.0,CUST-670,Customer 670,Consumer,Australia,APAC,Sydney,13,11687.0,10.0%,1168.70,10518.30,5200.00,5318.30,50.6%,53.76,Express,Delivered,5
30-05-2025,31-05-2025,BE-10984,Distributor,High,PROD-AUD-40,Audio,NeoBuds Pro,45.0,120.0,CUST-168,Customer 168,Corporate,UK,EMEA,London,12,1440.0,0.0%,0.00,1440.00,540.00,900.00,62.5%,31.85,Overnight,Delivered,5
25-02-2026,03-03-2026,BE-10985,Online,Critical,PROD-COM-24,Computing,Apex Desktop,750.0,1599.0,CUST-204,Customer 204,Education,Australia,APAC,Sydney,6,9594.0,5.0%,479.70,9114.30,4500.00,4614.30,50.6%,25.73,Standard,Delayed,3
16-11-2025,19-11-2025,BE-10986,Distributor,High,PROD-SMA-88,Smart Home,Omni Speaker,25.0,69.0,CUST-299,Customer 299,Consumer,Brazil,LATAM,Sao Paulo,7,483.0,10.0%,48.30,434.70,175.00,259.70,59.7%,30.66,Standard,Delivered,5
07-01-2026,10-01-2026,BE-10987,Online,Medium,PROD-WEA-60,Wearables,Aura Smart Ring,70.0,199.0,CUST-491,Customer 491,Consumer,Mexico,LATAM,Mexico City,4,796.0,5.0%,39.80,756.20,280.00,476.20,63.0%,15.53,Standard,Delivered,3
29-09-2024,03-10-2024,BE-10988,In-Store,Medium,PROD-WEA-47,Wearables,Aura Smart Ring,70.0,199.0,CUST-170,Customer 170,Corporate,Germany,EMEA,Berlin,10,1990.0,15.0%,298.50,1691.50,700.00,991.50,58.6%,42.87,Standard,Delivered,3
26-02-2026,27-02-2026,BE-10989,Distributor,Medium,PROD-WEA-10,Wearables,FitTrack Watch,50.0,149.0,CUST-504,Customer 504,Education,France,EMEA,Paris,3,447.0,5.0%,22.35,424.65,150.00,274.65,64.7%,10.69,Standard,Delivered,5
13-02-2026,16-02-2026,BE-10990,Online,Medium,PROD-COM-10,Computing,Apex Desktop,750.0,1599.0,CUST-552,Customer 552,Education,Brazil,LATAM,Sao Paulo,10,15990.0,5.0%,799.50,15190.50,7500.00,7690.50,50.6%,21.74,Standard,Delivered,5
07-09-2024,09-09-2024,BE-10991,In-Store,High,PROD-COM-36,Computing,Apex Desktop,750.0,1599.0,CUST-314,Customer 314,Consumer,France,EMEA,Paris,4,6396.0,0.0%,0.00,6396.00,3000.00,3396.00,53.1%,8.03,Overnight,Delivered,5
06-01-2024,09-01-2024,BE-10992,Online,Critical,PROD-AUD-93,Audio,Wave Soundbar,110.0,299.0,CUST-148,Customer 148,Corporate,Germany,EMEA,Berlin,2,598.0,10.0%,59.80,538.20,220.00,318.20,59.1%,7.60,Express,Delivered,3
26-05-2026,29-05-2026,BE-10993,Distributor,Medium,PROD-SMA-76,Smart Home,Beacon Camera,35.0,99.0,CUST-729,Customer 729,Education,India,APAC,Mumbai,12,1188.0,5.0%,59.40,1128.60,420.00,708.60,62.8%,32.63,Overnight,Delivered,3
12-03-2024,14-03-2024,BE-10994,Distributor,Low,PROD-AUD-62,Audio,Aero Headphones,80.0,199.0,CUST-147,Customer 147,Corporate,Canada,NA,Toronto,7,1393.0,15.0%,208.95,1184.05,560.00,624.05,52.7%,25.08,Overnight,Delivered,4
02-03-2025,04-03-2025,BE-10995,In-Store,Critical,PROD-AUD-27,Audio,Aero Headphones,80.0,199.0,CUST-298,Customer 298,Consumer,USA,NA,Los Angeles,3,597.0,0.0%,0.00,597.00,240.00,357.00,59.8%,13.68,Standard,Delivered,4
03-09-2024,06-09-2024,BE-10996,Online,Low,PROD-COM-66,Computing,Titan Laptop,600.0,1299.0,CUST-130,Customer 130,Education,India,APAC,Mumbai,1,1299.0,15.0%,194.85,1104.15,600.00,504.15,45.7%,3.87,Express,Delivered,5
31-12-2024,03-01-2025,BE-10997,Online,Low,PROD-SMA-11,Smart Home,Omni Speaker,25.0,69.0,CUST-197,Customer 197,Corporate,Canada,NA,Toronto,2,138.0,20.0%,27.60,110.40,50.00,60.40,54.7%,8.70,Overnight,Delivered,4
11-01-2026,14-01-2026,BE-10998,Online,High,PROD-COM-59,Computing,Apex Desktop,750.0,1599.0,CUST-511,Customer 511,Education,Mexico,LATAM,Mexico City,5,7995.0,15.0%,1199.25,6795.75,3750.00,3045.75,44.8%,14.07,Overnight,Delivered,5
23-01-2025,28-01-2025,BE-10999,In-Store,Medium,PROD-MOB-73,Mobile,Quantum Phone X,400.0,899.0,CUST-906,Customer 906,Consumer,Germany,EMEA,Berlin,9,8091.0,10.0%,809.10,7281.90,3600.00,3681.90,50.6%,31.50,Overnight,Delivered,2
25-03-2026,29-03-2026,BE-11000,In-Store,Medium,PROD-WEA-62,Wearables,Aura Smart Ring,70.0,199.0,CUST-320,Customer 320,Corporate,Australia,APAC,Sydney,11,2189.0,0.0%,0.00,2189.00,770.00,1419.00,64.8%,40.64,Express,Delivered,4
11-04-2026,13-04-2026,BE-11001,In-Store,Medium,PROD-COM-63,Computing,Titan Laptop,600.0,1299.0,CUST-277,Customer 277,Corporate,Brazil,LATAM,Sao Paulo,12,15588.0,0.0%,0.00,15588.00,7200.00,8388.00,53.8%,51.20,Overnight,Delivered,5
27-09-2025,30-09-2025,BE-11002,In-Store,Low,PROD-COM-79,Computing,Titan Laptop,600.0,1299.0,CUST-133,Customer 133,Consumer,Australia,APAC,Sydney,10,12990.0,0.0%,0.00,12990.00,6000.00,6990.00,53.8%,41.78,Overnight,Delivered,5
23-11-2025,24-11-2025,BE-11003,In-Store,Low,PROD-WEA-29,Wearables,Aura Smart Ring,70.0,199.0,CUST-723,Customer 723,Education,France,EMEA,Paris,3,597.0,20.0%,119.40,477.60,210.00,267.60,56.0%,13.95,Standard,Delivered,5
10-05-2025,13-05-2025,BE-11004,In-Store,Low,PROD-WEA-15,Wearables,Aura Smart Ring,70.0,199.0,CUST-497,Customer 497,Consumer,Brazil,LATAM,Sao Paulo,1,199.0,10.0%,19.90,179.10,70.00,109.10,60.9%,2.55,Overnight,Delivered,5
27-09-2024,03-10-2024,BE-11005,Online,Medium,PROD-SMA-66,Smart Home,Beacon Camera,35.0,99.0,CUST-508,Customer 508,Education,Germany,EMEA,Berlin,11,1089.0,10.0%,108.90,980.10,385.00,595.10,60.7%,25.68,Standard,Delivered,5
16-09-2024,23-09-2024,BE-11006,Distributor,Medium,PROD-MOB-18,Mobile,Alpha Lite,150.0,349.0,CUST-763,Customer 763,Education,Mexico,LATAM,Mexico City,10,3490.0,0.0%,0.00,3490.00,1500.00,1990.00,57.0%,27.10,Express,Returned,5
18-11-2025,20-11-2025,BE-11007,In-Store,Low,PROD-WEA-13,Wearables,FitTrack Watch,50.0,149.0,CUST-845,Customer 845,Consumer,USA,NA,New York,14,2086.0,10.0%,208.60,1877.40,700.00,1177.40,62.7%,50.68,Overnight,Delivered,4
25-11-2024,29-11-2024,BE-11008,In-Store,Medium,PROD-SMA-20,Smart Home,Beacon Camera,35.0,99.0,CUST-130,Customer 130,Corporate,Mexico,LATAM,Mexico City,2,198.0,0.0%,0.00,198.00,70.00,128.00,64.7%,8.08,Standard,Delivered,4
16-05-2024,17-05-2024,BE-11009,In-Store,Medium,PROD-AUD-61,Audio,Aero Headphones,80.0,199.0,CUST-596,Customer 596,Consumer,Brazil,LATAM,Sao Paulo,11,2189.0,5.0%,109.45,2079.55,880.00,1199.55,57.7%,53.47,Standard,Delayed,3
10-04-2025,12-04-2025,BE-11010,Distributor,Medium,PROD-WEA-70,Wearables,Aura Smart Ring,70.0,199.0,CUST-188,Customer 188,Education,Germany,EMEA,Berlin,10,1990.0,0.0%,0.00,1990.00,700.00,1290.00,64.8%,41.15,Overnight,Delivered,4
26-03-2026,28-03-2026,BE-11011,Online,Medium,PROD-WEA-33,Wearables,Aura Smart Ring,70.0,199.0,CUST-985,Customer 985,Corporate,Australia,APAC,Sydney,6,1194.0,5.0%,59.70,1134.30,420.00,714.30,63.0%,28.46,Standard,Delivered,4
05-05-2026,11-05-2026,BE-11012,Distributor,High,PROD-MOB-40,Mobile,Alpha Lite,150.0,349.0,CUST-340,Customer 340,Corporate,Japan,APAC,Tokyo,8,2792.0,15.0%,418.80,2373.20,1200.00,1173.20,49.4%,22.55,Overnight,Delayed,5
24-06-2024,29-06-2024,BE-11013,In-Store,Medium,PROD-COM-63,Computing,Apex Desktop,750.0,1599.0,CUST-433,Customer 433,Corporate,UK,EMEA,London,11,17589.0,0.0%,0.00,17589.00,8250.00,9339.00,53.1%,51.92,Express,Delivered,2
26-05-2026,28-05-2026,BE-11014,Online,High,PROD-MOB-63,Mobile,Alpha Lite,150.0,349.0,CUST-635,Customer 635,Consumer,UK,EMEA,London,6,2094.0,15.0%,314.10,1779.90,900.00,879.90,49.4%,29.45,Standard,Delivered,1
04-10-2025,05-10-2025,BE-11015,Online,Low,PROD-AUD-22,Audio,Wave Soundbar,110.0,299.0,CUST-605,Customer 605,Corporate,Brazil,LATAM,Sao Paulo,3,897.0,15.0%,134.55,762.45,330.00,432.45,56.7%,7.32,Overnight,Delivered,4
12-06-2026,13-06-2026,BE-11016,Distributor,Critical,PROD-MOB-27,Mobile,Quantum Phone X,400.0,899.0,CUST-948,Customer 948,Consumer,Germany,EMEA,Berlin,8,7192.0,5.0%,359.60,6832.40,3200.00,3632.40,53.2%,25.89,Overnight,Delivered,5
16-04-2024,17-04-2024,BE-11017,Distributor,Critical,PROD-WEA-15,Wearables,FitTrack Watch,50.0,149.0,CUST-483,Customer 483,Education,Japan,APAC,Tokyo,2,298.0,15.0%,44.70,253.30,100.00,153.30,60.5%,7.66,Overnight,Delivered,5
15-04-2026,18-04-2026,BE-11018,In-Store,Low,PROD-AUD-47,Audio,Aero Headphones,80.0,199.0,CUST-582,Customer 582,Education,Germany,EMEA,Berlin,8,1592.0,0.0%,0.00,1592.00,640.00,952.00,59.8%,31.43,Standard,Delivered,4
16-07-2025,17-07-2025,BE-11019,In-Store,Low,PROD-WEA-35,Wearables,Aura Smart Ring,70.0,199.0,CUST-106,Customer 106,Corporate,USA,NA,Los Angeles,14,2786.0,5.0%,139.30,2646.70,980.00,1666.70,63.0%,63.00,Standard,Delivered,3
12-05-2024,16-05-2024,BE-11020,In-Store,Low,PROD-WEA-53,Wearables,FitTrack Watch,50.0,149.0,CUST-921,Customer 921,Corporate,USA,NA,New York,8,1192.0,0.0%,0.00,1192.00,400.00,792.00,66.4%,28.10,Standard,Delivered,4
07-02-2024,14-02-2024,BE-11021,In-Store,Low,PROD-COM-82,Computing,Pro Monitor 27,120.0,279.0,CUST-319,Customer 319,Consumer,UK,EMEA,London,9,2511.0,0.0%,0.00,2511.00,1080.00,1431.00,57.0%,44.09,Standard,Delivered,3
16-09-2025,17-09-2025,BE-11022,In-Store,High,PROD-AUD-28,Audio,Aero Headphones,80.0,199.0,CUST-480,Customer 480,Education,UK,EMEA,London,4,796.0,5.0%,39.80,756.20,320.00,436.20,57.7%,10.04,Standard,Delivered,2
10-06-2024,12-06-2024,BE-11023,In-Store,High,PROD-AUD-15,Audio,Aero Headphones,80.0,199.0,CUST-341,Customer 341,Consumer,Mexico,LATAM,Mexico City,10,1990.0,15.0%,298.50,1691.50,800.00,891.50,52.7%,20.18,Overnight,Delivered,4
30-01-2025,02-02-2025,BE-11024,In-Store,Low,PROD-SMA-62,Smart Home,Beacon Camera,35.0,99.0,CUST-653,Customer 653,Corporate,Canada,NA,Toronto,10,990.0,0.0%,0.00,990.00,350.00,640.00,64.7%,39.40,Standard,Delivered,5
19-11-2025,21-11-2025,BE-11025,In-Store,High,PROD-COM-55,Computing,Apex Desktop,750.0,1599.0,CUST-834,Customer 834,Consumer,Australia,APAC,Sydney,6,9594.0,5.0%,479.70,9114.30,4500.00,4614.30,50.6%,14.18,Express,Delivered,5
02-08-2024,05-08-2024,BE-11026,Distributor,Low,PROD-MOB-63,Mobile,Alpha Lite,150.0,349.0,CUST-427,Customer 427,Corporate,France,EMEA,Paris,4,1396.0,0.0%,0.00,1396.00,600.00,796.00,57.0%,12.97,Overnight,Delivered,5
05-09-2025,12-09-2025,BE-11027,In-Store,Critical,PROD-COM-38,Computing,Pro Monitor 27,120.0,279.0,CUST-130,Customer 130,Corporate,Germany,EMEA,Berlin,8,2232.0,20.0%,446.40,1785.60,960.00,825.60,46.2%,19.30,Overnight,Delivered,4
28-03-2026,01-04-2026,BE-11028,In-Store,High,PROD-WEA-38,Wearables,Aura Smart Ring,70.0,199.0,CUST-685,Customer 685,Consumer,USA,NA,Los Angeles,4,796.0,0.0%,0.00,796.00,280.00,516.00,64.8%,14.69,Express,Delivered,1
24-01-2026,28-01-2026,BE-11029,Distributor,Medium,PROD-MOB-60,Mobile,Alpha Lite,150.0,349.0,CUST-178,Customer 178,Corporate,Germany,EMEA,Berlin,9,3141.0,0.0%,0.00,3141.00,1350.00,1791.00,57.0%,44.22,Overnight,Delivered,4
04-04-2026,08-04-2026,BE-11030,In-Store,Medium,PROD-AUD-56,Audio,NeoBuds Pro,45.0,120.0,CUST-621,Customer 621,Corporate,UK,EMEA,London,11,1320.0,0.0%,0.00,1320.00,495.00,825.00,62.5%,26.65,Standard,Delivered,5
11-12-2024,13-12-2024,BE-11031,Online,High,PROD-MOB-66,Mobile,Quantum Phone X,400.0,899.0,CUST-417,Customer 417,Consumer,UK,EMEA,London,11,9889.0,5.0%,494.45,9394.55,4400.00,4994.55,53.2%,36.76,Express,Delivered,4
08-04-2024,11-04-2024,BE-11032,In-Store,High,PROD-WEA-28,Wearables,FitTrack Watch,50.0,149.0,CUST-140,Customer 140,Consumer,USA,NA,Los Angeles,13,1937.0,15.0%,290.55,1646.45,650.00,996.45,60.5%,38.09,Express,Delivered,3
17-08-2024,18-08-2024,BE-11033,Online,Medium,PROD-AUD-76,Audio,Wave Soundbar,110.0,299.0,CUST-940,Customer 940,Consumer,Mexico,LATAM,Mexico City,2,598.0,5.0%,29.90,568.10,220.00,348.10,61.3%,6.68,Overnight,Delayed,5
21-02-2026,25-02-2026,BE-11034,In-Store,High,PROD-SMA-16,Smart Home,Omni Speaker,25.0,69.0,CUST-770,Customer 770,Corporate,Japan,APAC,Tokyo,5,345.0,0.0%,0.00,345.00,125.00,220.00,63.8%,23.10,Standard,Delivered,5
24-06-2024,27-06-2024,BE-11035,In-Store,Low,PROD-WEA-45,Wearables,Aura Smart Ring,70.0,199.0,CUST-605,Customer 605,Corporate,USA,NA,Los Angeles,9,1791.0,15.0%,268.65,1522.35,630.00,892.35,58.6%,44.19,Standard,Delayed,4
18-01-2024,22-01-2024,BE-11036,Online,Medium,PROD-MOB-53,Mobile,Alpha Lite,150.0,349.0,CUST-389,Customer 389,Corporate,India,APAC,Mumbai,2,698.0,0.0%,0.00,698.00,300.00,398.00,57.0%,5.98,Express,Delivered,5
14-06-2025,17-06-2025,BE-11037,Online,Low,PROD-AUD-48,Audio,Wave Soundbar,110.0,299.0,CUST-687,Customer 687,Education,Australia,APAC,Sydney,12,3588.0,0.0%,0.00,3588.00,1320.00,2268.00,63.2%,40.94,Express,Delivered,5
08-02-2024,13-02-2024,BE-11038,In-Store,Medium,PROD-COM-94,Computing,Titan Laptop,600.0,1299.0,CUST-436,Customer 436,Consumer,USA,NA,New York,5,6495.0,15.0%,974.25,5520.75,3000.00,2520.75,45.7%,16.89,Standard,Delivered,5
15-05-2025,21-05-2025,BE-11039,Distributor,Medium,PROD-SMA-75,Smart Home,Omni Speaker,25.0,69.0,CUST-780,Customer 780,Education,UK,EMEA,London,10,690.0,0.0%,0.00,690.00,250.00,440.00,63.8%,43.23,Overnight,Delivered,4
23-08-2025,29-08-2025,BE-11040,In-Store,Critical,PROD-WEA-31,Wearables,FitTrack Watch,50.0,149.0,CUST-843,Customer 843,Education,Mexico,LATAM,Mexico City,6,894.0,15.0%,134.10,759.90,300.00,459.90,60.5%,19.84,Overnight,Delivered,3
16-07-2024,17-07-2024,BE-11041,Distributor,High,PROD-WEA-87,Wearables,Aura Smart Ring,70.0,199.0,CUST-604,Customer 604,Consumer,Mexico,LATAM,Mexico City,7,1393.0,5.0%,69.65,1323.35,490.00,833.35,63.0%,32.76,Standard,Delivered,5
12-10-2025,14-10-2025,BE-11042,Distributor,Low,PROD-SMA-49,Smart Home,Omni Speaker,25.0,69.0,CUST-730,Customer 730,Corporate,Australia,APAC,Sydney,14,966.0,0.0%,0.00,966.00,350.00,616.00,63.8%,42.57,Express,Delivered,5
04-11-2025,07-11-2025,BE-11043,Online,Medium,PROD-COM-40,Computing,Titan Laptop,600.0,1299.0,CUST-828,Customer 828,Consumer,USA,NA,New York,9,11691.0,15.0%,1753.65,9937.35,5400.00,4537.35,45.7%,33.45,Express,Delayed,5
21-11-2024,22-11-2024,BE-11044,In-Store,Medium,PROD-AUD-72,Audio,Wave Soundbar,110.0,299.0,CUST-915,Customer 915,Education,Canada,NA,Toronto,14,4186.0,0.0%,0.00,4186.00,1540.00,2646.00,63.2%,39.15,Standard,Delayed,1
22-07-2024,26-07-2024,BE-11045,In-Store,Medium,PROD-WEA-76,Wearables,FitTrack Watch,50.0,149.0,CUST-276,Customer 276,Consumer,Brazil,LATAM,Sao Paulo,4,596.0,5.0%,29.80,566.20,200.00,366.20,64.7%,14.65,Express,Delivered,5
26-02-2025,01-03-2025,BE-11046,Distributor,High,PROD-MOB-28,Mobile,Alpha Lite,150.0,349.0,CUST-217,Customer 217,Consumer,Japan,APAC,Tokyo,9,3141.0,5.0%,157.05,2983.95,1350.00,1633.95,54.8%,30.61,Overnight,Returned,5
10-08-2024,16-08-2024,BE-11047,In-Store,Medium,PROD-MOB-57,Mobile,Alpha Lite,150.0,349.0,CUST-423,Customer 423,Education,Brazil,LATAM,Sao Paulo,10,3490.0,15.0%,523.50,2966.50,1500.00,1466.50,49.4%,21.79,Overnight,Delivered,5
29-03-2024,01-04-2024,BE-11048,In-Store,Medium,PROD-MOB-48,Mobile,Quantum Phone X,400.0,899.0,CUST-839,Customer 839,Corporate,Australia,APAC,Sydney,5,4495.0,10.0%,449.50,4045.50,2000.00,2045.50,50.6%,14.56,Standard,Delivered,2
13-09-2024,17-09-2024,BE-11049,Online,Low,PROD-MOB-61,Mobile,Quantum Phone X,400.0,899.0,CUST-470,Customer 470,Consumer,Japan,APAC,Tokyo,3,2697.0,0.0%,0.00,2697.00,1200.00,1497.00,55.5%,7.00,Express,Delivered,5
06-11-2024,08-11-2024,BE-11050,In-Store,Low,PROD-SMA-92,Smart Home,Omni Speaker,25.0,69.0,CUST-382,Customer 382,Consumer,Germany,EMEA,Berlin,5,345.0,5.0%,17.25,327.75,125.00,202.75,61.9%,16.07,Overnight,Returned,3
14-06-2024,19-06-2024,BE-11051,Distributor,Critical,PROD-MOB-60,Mobile,Alpha Lite,150.0,349.0,CUST-759,Customer 759,Education,Brazil,LATAM,Sao Paulo,12,4188.0,10.0%,418.80,3769.20,1800.00,1969.20,52.2%,35.33,Overnight,Returned,4
11-02-2025,16-02-2025,BE-11052,In-Store,Medium,PROD-MOB-91,Mobile,Alpha Lite,150.0,349.0,CUST-791,Customer 791,Consumer,Mexico,LATAM,Mexico City,9,3141.0,0.0%,0.00,3141.00,1350.00,1791.00,57.0%,18.26,Overnight,Delayed,5
04-05-2026,06-05-2026,BE-11053,Distributor,Medium,PROD-SMA-15,Smart Home,Beacon Camera,35.0,99.0,CUST-897,Customer 897,Consumer,Japan,APAC,Tokyo,3,297.0,5.0%,14.85,282.15,105.00,177.15,62.8%,11.13,Standard,Delayed,3
22-05-2024,27-05-2024,BE-11054,Distributor,Medium,PROD-WEA-75,Wearables,FitTrack Watch,50.0,149.0,CUST-516,Customer 516,Consumer,Australia,APAC,Sydney,2,298.0,0.0%,0.00,298.00,100.00,198.00,66.4%,6.94,Standard,Delivered,4
17-07-2025,18-07-2025,BE-11055,In-Store,High,PROD-AUD-73,Audio,NeoBuds Pro,45.0,120.0,CUST-415,Customer 415,Education,Mexico,LATAM,Mexico City,10,1200.0,5.0%,60.00,1140.00,450.00,690.00,60.5%,21.45,Overnight,Delivered,4
16-06-2025,22-06-2025,BE-11056,In-Store,Medium,PROD-SMA-72,Smart Home,Beacon Camera,35.0,99.0,CUST-793,Customer 793,Consumer,Canada,NA,Toronto,13,1287.0,0.0%,0.00,1287.00,455.00,832.00,64.7%,43.71,Overnight,Delivered,5
21-03-2025,25-03-2025,BE-11057,In-Store,Critical,PROD-COM-58,Computing,Apex Desktop,750.0,1599.0,CUST-351,Customer 351,Consumer,UK,EMEA,London,13,20787.0,5.0%,1039.35,19747.65,9750.00,9997.65,50.6%,47.32,Standard,Delivered,4
09-10-2024,14-10-2024,BE-11058,In-Store,Medium,PROD-AUD-77,Audio,Wave Soundbar,110.0,299.0,CUST-378,Customer 378,Corporate,Japan,APAC,Tokyo,10,2990.0,0.0%,0.00,2990.00,1100.00,1890.00,63.2%,46.88,Standard,Delivered,1
25-04-2026,27-04-2026,BE-11059,In-Store,Medium,PROD-SMA-55,Smart Home,Beacon Camera,35.0,99.0,CUST-870,Customer 870,Consumer,UK,EMEA,London,3,297.0,0.0%,0.00,297.00,105.00,192.00,64.7%,14.47,Express,Delivered,4
15-07-2025,17-07-2025,BE-11060,In-Store,High,PROD-WEA-81,Wearables,Aura Smart Ring,70.0,199.0,CUST-744,Customer 744,Consumer,Brazil,LATAM,Sao Paulo,14,2786.0,20.0%,557.20,2228.80,980.00,1248.80,56.0%,51.99,Express,Delivered,5
17-09-2024,19-09-2024,BE-11061,Online,Medium,PROD-SMA-78,Smart Home,Omni Speaker,25.0,69.0,CUST-788,Customer 788,Corporate,Australia,APAC,Sydney,2,138.0,5.0%,6.90,131.10,50.00,81.10,61.9%,5.48,Standard,Delivered,5
25-08-2024,30-08-2024,BE-11062,Distributor,Medium,PROD-WEA-74,Wearables,FitTrack Watch,50.0,149.0,CUST-926,Customer 926,Education,Japan,APAC,Tokyo,11,1639.0,0.0%,0.00,1639.00,550.00,1089.00,66.4%,37.33,Standard,Delivered,3
25-12-2025,01-01-2026,BE-11063,In-Store,Medium,PROD-WEA-55,Wearables,Aura Smart Ring,70.0,199.0,CUST-199,Customer 199,Consumer,Brazil,LATAM,Sao Paulo,13,2587.0,5.0%,129.35,2457.65,910.00,1547.65,63.0%,35.76,Standard,Delivered,3
21-07-2024,26-07-2024,BE-11064,Distributor,Low,PROD-MOB-43,Mobile,Quantum Phone X,400.0,899.0,CUST-807,Customer 807,Consumer,USA,NA,New York,7,6293.0,0.0%,0.00,6293.00,2800.00,3493.00,55.5%,20.70,Standard,Delivered,3
29-05-2026,02-06-2026,BE-11065,Distributor,Critical,PROD-AUD-51,Audio,Aero Headphones,80.0,199.0,CUST-197,Customer 197,Consumer,Japan,APAC,Tokyo,7,1393.0,10.0%,139.30,1253.70,560.00,693.70,55.3%,30.26,Standard,Delivered,5
23-05-2026,26-05-2026,BE-11066,In-Store,High,PROD-WEA-49,Wearables,Aura Smart Ring,70.0,199.0,CUST-859,Customer 859,Education,USA,NA,New York,1,199.0,10.0%,19.90,179.10,70.00,109.10,60.9%,4.30,Standard,Delayed,5
18-07-2024,21-07-2024,BE-11067,Distributor,Critical,PROD-COM-43,Computing,Titan Laptop,600.0,1299.0,CUST-116,Customer 116,Corporate,Mexico,LATAM,Mexico City,2,2598.0,0.0%,0.00,2598.00,1200.00,1398.00,53.8%,5.57,Standard,Delivered,5
15-06-2026,19-06-2026,BE-11068,Online,High,PROD-AUD-34,Audio,Wave Soundbar,110.0,299.0,CUST-510,Customer 510,Education,Brazil,LATAM,Sao Paulo,2,598.0,0.0%,0.00,598.00,220.00,378.00,63.2%,8.47,Express,Delivered,5
02-01-2025,09-01-2025,BE-11069,In-Store,High,PROD-SMA-18,Smart Home,Beacon Camera,35.0,99.0,CUST-636,Customer 636,Consumer,Canada,NA,Toronto,6,594.0,0.0%,0.00,594.00,210.00,384.00,64.7%,26.50,Overnight,Delivered,4
03-02-2025,06-02-2025,BE-11070,In-Store,Low,PROD-MOB-13,Mobile,Alpha Lite,150.0,349.0,CUST-716,Customer 716,Corporate,Japan,APAC,Tokyo,4,1396.0,0.0%,0.00,1396.00,600.00,796.00,57.0%,19.68,Standard,Delivered,3
29-11-2025,30-11-2025,BE-11071,Online,Medium,PROD-SMA-40,Smart Home,Omni Speaker,25.0,69.0,CUST-479,Customer 479,Consumer,USA,NA,Los Angeles,1,69.0,0.0%,0.00,69.00,25.00,44.00,63.8%,2.35,Overnight,Delivered,4
03-01-2024,05-01-2024,BE-11072,In-Store,Low,PROD-COM-26,Computing,Pro Monitor 27,120.0,279.0,CUST-220,Customer 220,Education,India,APAC,Mumbai,10,2790.0,0.0%,0.00,2790.00,1200.00,1590.00,57.0%,24.06,Overnight,Delivered,3
26-11-2024,03-12-2024,BE-11073,Online,Medium,PROD-WEA-50,Wearables,FitTrack Watch,50.0,149.0,CUST-826,Customer 826,Education,Germany,EMEA,Berlin,4,596.0,0.0%,0.00,596.00,200.00,396.00,66.4%,11.72,Overnight,Delayed,5
03-09-2024,06-09-2024,BE-11074,Distributor,Medium,PROD-WEA-67,Wearables,FitTrack Watch,50.0,149.0,CUST-734,Customer 734,Education,USA,NA,Los Angeles,8,1192.0,0.0%,0.00,1192.00,400.00,792.00,66.4%,31.44,Express,Delivered,3
01-01-2024,07-01-2024,BE-11075,Distributor,Medium,PROD-COM-69,Computing,Apex Desktop,750.0,1599.0,CUST-151,Customer 151,Education,India,APAC,Mumbai,10,15990.0,15.0%,2398.50,13591.50,7500.00,6091.50,44.8%,40.10,Express,Delivered,1
27-10-2025,29-10-2025,BE-11076,In-Store,High,PROD-COM-89,Computing,Titan Laptop,600.0,1299.0,CUST-881,Customer 881,Education,Australia,APAC,Sydney,10,12990.0,20.0%,2598.00,10392.00,6000.00,4392.00,42.3%,23.69,Standard,Delivered,5
02-01-2026,05-01-2026,BE-11077,Distributor,High,PROD-COM-34,Computing,Apex Desktop,750.0,1599.0,CUST-512,Customer 512,Education,USA,NA,Los Angeles,11,17589.0,0.0%,0.00,17589.00,8250.00,9339.00,53.1%,41.15,Standard,Delivered,5
04-02-2025,08-02-2025,BE-11078,In-Store,Low,PROD-WEA-40,Wearables,FitTrack Watch,50.0,149.0,CUST-487,Customer 487,Consumer,Japan,APAC,Tokyo,13,1937.0,5.0%,96.85,1840.15,650.00,1190.15,64.7%,33.21,Overnight,Delivered,5
14-01-2024,17-01-2024,BE-11079,In-Store,Medium,PROD-AUD-75,Audio,Aero Headphones,80.0,199.0,CUST-937,Customer 937,Corporate,Australia,APAC,Sydney,9,1791.0,0.0%,0.00,1791.00,720.00,1071.00,59.8%,42.76,Standard,Delivered,4
27-05-2025,29-05-2025,BE-11080,Online,Low,PROD-WEA-87,Wearables,Aura Smart Ring,70.0,199.0,CUST-494,Customer 494,Corporate,India,APAC,Mumbai,11,2189.0,10.0%,218.90,1970.10,770.00,1200.10,60.9%,24.86,Standard,Delivered,5
29-09-2025,30-09-2025,BE-11081,Online,Medium,PROD-WEA-94,Wearables,FitTrack Watch,50.0,149.0,CUST-516,Customer 516,Education,India,APAC,Mumbai,4,596.0,15.0%,89.40,506.60,200.00,306.60,60.5%,8.42,Standard,Delivered,5
31-03-2024,04-04-2024,BE-11082,Distributor,Medium,PROD-MOB-44,Mobile,Alpha Lite,150.0,349.0,CUST-873,Customer 873,Education,Mexico,LATAM,Mexico City,9,3141.0,5.0%,157.05,2983.95,1350.00,1633.95,54.8%,28.66,Overnight,Delivered,1
04-04-2024,06-04-2024,BE-11083,Distributor,Critical,PROD-WEA-81,Wearables,Aura Smart Ring,70.0,199.0,CUST-610,Customer 610,Consumer,Australia,APAC,Sydney,7,1393.0,0.0%,0.00,1393.00,490.00,903.00,64.8%,16.51,Standard,Delivered,1
09-04-2024,10-04-2024,BE-11084,In-Store,Medium,PROD-COM-98,Computing,Titan Laptop,600.0,1299.0,CUST-498,Customer 498,Corporate,France,EMEA,Paris,3,3897.0,5.0%,194.85,3702.15,1800.00,1902.15,51.4%,10.38,Express,Delivered,1
17-03-2024,20-03-2024,BE-11085,Online,Critical,PROD-COM-30,Computing,Apex Desktop,750.0,1599.0,CUST-186,Customer 186,Consumer,USA,NA,Los Angeles,9,14391.0,0.0%,0.00,14391.00,6750.00,7641.00,53.1%,23.64,Express,Delivered,5
08-03-2026,12-03-2026,BE-11086,Distributor,Medium,PROD-WEA-70,Wearables,FitTrack Watch,50.0,149.0,CUST-637,Customer 637,Corporate,USA,NA,Los Angeles,7,1043.0,0.0%,0.00,1043.00,350.00,693.00,66.4%,23.73,Standard,Delivered,4
18-06-2024,20-06-2024,BE-11087,Online,Medium,PROD-AUD-82,Audio,NeoBuds Pro,45.0,120.0,CUST-950,Customer 950,Corporate,UK,EMEA,London,1,120.0,0.0%,0.00,120.00,45.00,75.00,62.5%,2.46,Standard,Delivered,5
18-01-2026,20-01-2026,BE-11088,In-Store,Medium,PROD-AUD-46,Audio,Aero Headphones,80.0,199.0,CUST-615,Customer 615,Consumer,USA,NA,New York,1,199.0,5.0%,9.95,189.05,80.00,109.05,57.7%,2.67,Standard,Delivered,4
17-01-2024,19-01-2024,BE-11089,Online,Medium,PROD-MOB-69,Mobile,Alpha Lite,150.0,349.0,CUST-444,Customer 444,Education,Brazil,LATAM,Sao Paulo,11,3839.0,0.0%,0.00,3839.00,1650.00,2189.00,57.0%,28.00,Overnight,Delivered,3
29-06-2024,01-07-2024,BE-11090,In-Store,High,PROD-MOB-30,Mobile,Quantum Phone X,400.0,899.0,CUST-779,Customer 779,Consumer,Australia,APAC,Sydney,2,1798.0,5.0%,89.90,1708.10,800.00,908.10,53.2%,5.12,Overnight,Returned,5
11-01-2026,15-01-2026,BE-11091,In-Store,Medium,PROD-SMA-26,Smart Home,Omni Speaker,25.0,69.0,CUST-783,Customer 783,Consumer,France,EMEA,Paris,8,552.0,5.0%,27.60,524.40,200.00,324.40,61.9%,33.26,Standard,Returned,5
16-06-2026,20-06-2026,BE-11092,In-Store,High,PROD-MOB-85,Mobile,Alpha Lite,150.0,349.0,CUST-575,Customer 575,Corporate,India,APAC,Mumbai,2,698.0,0.0%,0.00,698.00,300.00,398.00,57.0%,8.90,Express,Delivered,4
23-02-2025,25-02-2025,BE-11093,Online,Medium,PROD-AUD-92,Audio,Wave Soundbar,110.0,299.0,CUST-248,Customer 248,Consumer,India,APAC,Mumbai,6,1794.0,0.0%,0.00,1794.00,660.00,1134.00,63.2%,23.92,Overnight,Delivered,4
23-02-2025,27-02-2025,BE-11094,Distributor,Medium,PROD-MOB-90,Mobile,Quantum Phone X,400.0,899.0,CUST-122,Customer 122,Corporate,USA,NA,Los Angeles,1,899.0,0.0%,0.00,899.00,400.00,499.00,55.5%,2.75,Express,Delivered,4
28-08-2025,29-08-2025,BE-11095,In-Store,Medium,PROD-SMA-15,Smart Home,Omni Speaker,25.0,69.0,CUST-435,Customer 435,Consumer,India,APAC,Mumbai,11,759.0,5.0%,37.95,721.05,275.00,446.05,61.9%,41.48,Overnight,Delivered,3
09-03-2026,10-03-2026,BE-11096,Distributor,High,PROD-COM-82,Computing,Apex Desktop,750.0,1599.0,CUST-460,Customer 460,Education,Canada,NA,Toronto,3,4797.0,5.0%,239.85,4557.15,2250.00,2307.15,50.6%,11.99,Standard,Delivered,2
24-01-2026,25-01-2026,BE-11097,Online,Medium,PROD-AUD-60,Audio,Wave Soundbar,110.0,299.0,CUST-773,Customer 773,Corporate,USA,NA,New York,8,2392.0,10.0%,239.20,2152.80,880.00,1272.80,59.1%,16.73,Overnight,Delivered,5
10-06-2025,12-06-2025,BE-11098,Distributor,Medium,PROD-AUD-62,Audio,Wave Soundbar,110.0,299.0,CUST-573,Customer 573,Education,Mexico,LATAM,Mexico City,9,2691.0,0.0%,0.00,2691.00,990.00,1701.00,63.2%,33.17,Overnight,Delivered,3
26-05-2026,31-05-2026,BE-11099,In-Store,Medium,PROD-COM-58,Computing,Pro Monitor 27,120.0,279.0,CUST-519,Customer 519,Education,France,EMEA,Paris,11,3069.0,0.0%,0.00,3069.00,1320.00,1749.00,57.0%,27.07,Express,Delivered,4
12-05-2026,17-05-2026,BE-11100,In-Store,Medium,PROD-MOB-21,Mobile,Alpha Lite,150.0,349.0,CUST-699,Customer 699,Corporate,India,APAC,Mumbai,13,4537.0,0.0%,0.00,4537.00,1950.00,2587.00,57.0%,28.01,Overnight,Delivered,5
20-04-2024,22-04-2024,BE-11101,Online,High,PROD-COM-29,Computing,Pro Monitor 27,120.0,279.0,CUST-758,Customer 758,Consumer,Canada,NA,Toronto,1,279.0,20.0%,55.80,223.20,120.00,103.20,46.2%,3.94,Overnight,Delivered,4
28-02-2025,04-03-2025,BE-11102,Distributor,Medium,PROD-COM-50,Computing,Titan Laptop,600.0,1299.0,CUST-212,Customer 212,Corporate,France,EMEA,Paris,9,11691.0,20.0%,2338.20,9352.80,5400.00,3952.80,42.3%,43.36,Express,Delivered,5
25-01-2025,27-01-2025,BE-11103,Online,High,PROD-SMA-15,Smart Home,Beacon Camera,35.0,99.0,CUST-778,Customer 778,Education,Mexico,LATAM,Mexico City,13,1287.0,10.0%,128.70,1158.30,455.00,703.30,60.7%,42.59,Standard,Delivered,5
21-04-2025,26-04-2025,BE-11104,In-Store,Critical,PROD-COM-49,Computing,Pro Monitor 27,120.0,279.0,CUST-157,Customer 157,Corporate,Brazil,LATAM,Sao Paulo,9,2511.0,0.0%,0.00,2511.00,1080.00,1431.00,57.0%,40.36,Overnight,Delivered,5
08-12-2024,10-12-2024,BE-11105,Online,Medium,PROD-COM-60,Computing,Titan Laptop,600.0,1299.0,CUST-214,Customer 214,Consumer,Mexico,LATAM,Mexico City,13,16887.0,0.0%,0.00,16887.00,7800.00,9087.00,53.8%,39.97,Standard,Delivered,4
29-07-2025,02-08-2025,BE-11106,Distributor,Low,PROD-MOB-90,Mobile,Quantum Phone X,400.0,899.0,CUST-978,Customer 978,Consumer,USA,NA,Los Angeles,2,1798.0,5.0%,89.90,1708.10,800.00,908.10,53.2%,4.42,Standard,Returned,5
24-10-2025,25-10-2025,BE-11107,Distributor,Medium,PROD-MOB-23,Mobile,Quantum Phone X,400.0,899.0,CUST-710,Customer 710,Consumer,Canada,NA,Toronto,1,899.0,10.0%,89.90,809.10,400.00,409.10,50.6%,2.13,Overnight,Delivered,2
03-10-2025,06-10-2025,BE-11108,Distributor,Low,PROD-WEA-81,Wearables,Aura Smart Ring,70.0,199.0,CUST-883,Customer 883,Corporate,India,APAC,Mumbai,12,2388.0,10.0%,238.80,2149.20,840.00,1309.20,60.9%,44.30,Express,Delivered,5
21-03-2025,23-03-2025,BE-11109,Online,Low,PROD-SMA-83,Smart Home,Beacon Camera,35.0,99.0,CUST-878,Customer 878,Corporate,USA,NA,Los Angeles,13,1287.0,5.0%,64.35,1222.65,455.00,767.65,62.8%,64.49,Express,Delivered,5
24-11-2025,27-11-2025,BE-11110,Distributor,Medium,PROD-MOB-94,Mobile,Quantum Phone X,400.0,899.0,CUST-763,Customer 763,Consumer,Australia,APAC,Sydney,6,5394.0,10.0%,539.40,4854.60,2400.00,2454.60,50.6%,20.25,Express,Delivered,5
07-02-2025,14-02-2025,BE-11111,Online,Medium,PROD-COM-65,Computing,Pro Monitor 27,120.0,279.0,CUST-979,Customer 979,Corporate,Mexico,LATAM,Mexico City,2,558.0,0.0%,0.00,558.00,240.00,318.00,57.0%,9.07,Overnight,Delivered,5
21-03-2026,22-03-2026,BE-11112,In-Store,Medium,PROD-AUD-78,Audio,Aero Headphones,80.0,199.0,CUST-899,Customer 899,Consumer,Japan,APAC,Tokyo,3,597.0,20.0%,119.40,477.60,240.00,237.60,49.8%,13.11,Express,Delivered,4
05-02-2026,09-02-2026,BE-11113,In-Store,Critical,PROD-SMA-41,Smart Home,Omni Speaker,25.0,69.0,CUST-515,Customer 515,Education,Brazil,LATAM,Sao Paulo,7,483.0,10.0%,48.30,434.70,175.00,259.70,59.7%,21.04,Standard,Delivered,5
19-07-2024,21-07-2024,BE-11114,Distributor,Medium,PROD-COM-49,Computing,Pro Monitor 27,120.0,279.0,CUST-648,Customer 648,Corporate,Mexico,LATAM,Mexico City,9,2511.0,15.0%,376.65,2134.35,1080.00,1054.35,49.4%,42.85,Express,Delivered,4
27-06-2025,30-06-2025,BE-11115,Online,Low,PROD-SMA-29,Smart Home,Omni Speaker,25.0,69.0,CUST-406,Customer 406,Consumer,Mexico,LATAM,Mexico City,7,483.0,0.0%,0.00,483.00,175.00,308.00,63.8%,14.80,Standard,Delayed,4
26-11-2024,27-11-2024,BE-11116,Distributor,High,PROD-MOB-98,Mobile,Alpha Lite,150.0,349.0,CUST-733,Customer 733,Education,Brazil,LATAM,Sao Paulo,12,4188.0,0.0%,0.00,4188.00,1800.00,2388.00,57.0%,45.96,Standard,Delivered,5
27-10-2024,31-10-2024,BE-11117,Online,Low,PROD-COM-16,Computing,Apex Desktop,750.0,1599.0,CUST-972,Customer 972,Education,USA,NA,Los Angeles,14,22386.0,5.0%,1119.30,21266.70,10500.00,10766.70,50.6%,35.70,Standard,Delivered,4
13-01-2026,20-01-2026,BE-11118,In-Store,Low,PROD-SMA-87,Smart Home,Omni Speaker,25.0,69.0,CUST-688,Customer 688,Education,Brazil,LATAM,Sao Paulo,11,759.0,5.0%,37.95,721.05,275.00,446.05,61.9%,33.23,Express,Delayed,3
24-05-2025,27-05-2025,BE-11119,In-Store,Medium,PROD-WEA-89,Wearables,FitTrack Watch,50.0,149.0,CUST-483,Customer 483,Education,Japan,APAC,Tokyo,1,149.0,0.0%,0.00,149.00,50.00,99.00,66.4%,3.42,Overnight,Delayed,4
12-05-2024,14-05-2024,BE-11120,In-Store,Medium,PROD-MOB-72,Mobile,Quantum Phone X,400.0,899.0,CUST-165,Customer 165,Consumer,Japan,APAC,Tokyo,13,11687.0,20.0%,2337.40,9349.60,5200.00,4149.60,44.4%,57.84,Standard,Delivered,5
16-01-2025,18-01-2025,BE-11121,In-Store,Medium,PROD-AUD-44,Audio,Aero Headphones,80.0,199.0,CUST-974,Customer 974,Corporate,Japan,APAC,Tokyo,13,2587.0,15.0%,388.05,2198.95,1040.00,1158.95,52.7%,63.96,Overnight,Delivered,5
28-05-2026,31-05-2026,BE-11122,Online,High,PROD-COM-50,Computing,Titan Laptop,600.0,1299.0,CUST-835,Customer 835,Consumer,UK,EMEA,London,8,10392.0,0.0%,0.00,10392.00,4800.00,5592.00,53.8%,24.53,Express,Delivered,2
16-04-2026,19-04-2026,BE-11123,Distributor,Medium,PROD-MOB-39,Mobile,Quantum Phone X,400.0,899.0,CUST-492,Customer 492,Consumer,India,APAC,Mumbai,3,2697.0,0.0%,0.00,2697.00,1200.00,1497.00,55.5%,12.21,Standard,Delayed,4
12-10-2025,15-10-2025,BE-11124,In-Store,Medium,PROD-AUD-50,Audio,Aero Headphones,80.0,199.0,CUST-630,Customer 630,Corporate,Mexico,LATAM,Mexico City,12,2388.0,0.0%,0.00,2388.00,960.00,1428.00,59.8%,40.97,Standard,Delayed,1
13-06-2024,16-06-2024,BE-11125,Online,Medium,PROD-SMA-62,Smart Home,Beacon Camera,35.0,99.0,CUST-729,Customer 729,Consumer,India,APAC,Mumbai,12,1188.0,10.0%,118.80,1069.20,420.00,649.20,60.7%,40.28,Standard,Returned,2
23-03-2025,27-03-2025,BE-11126,Online,Medium,PROD-WEA-43,Wearables,FitTrack Watch,50.0,149.0,CUST-802,Customer 802,Consumer,UK,EMEA,London,13,1937.0,0.0%,0.00,1937.00,650.00,1287.00,66.4%,49.33,Express,Delivered,5
20-12-2025,23-12-2025,BE-11127,In-Store,Low,PROD-SMA-68,Smart Home,Beacon Camera,35.0,99.0,CUST-901,Customer 901,Education,Mexico,LATAM,Mexico City,1,99.0,20.0%,19.80,79.20,35.00,44.20,55.8%,3.97,Express,Delivered,4
18-09-2024,21-09-2024,BE-11128,Online,Medium,PROD-WEA-67,Wearables,Aura Smart Ring,70.0,199.0,CUST-609,Customer 609,Corporate,France,EMEA,Paris,7,1393.0,0.0%,0.00,1393.00,490.00,903.00,64.8%,22.96,Standard,Delivered,5
16-02-2025,21-02-2025,BE-11129,Distributor,Critical,PROD-SMA-31,Smart Home,Beacon Camera,35.0,99.0,CUST-551,Customer 551,Consumer,Canada,NA,Toronto,2,198.0,0.0%,0.00,198.00,70.00,128.00,64.7%,5.22,Express,Delivered,4
28-04-2025,01-05-2025,BE-11130,In-Store,High,PROD-MOB-15,Mobile,Quantum Phone X,400.0,899.0,CUST-313,Customer 313,Education,USA,NA,Los Angeles,7,6293.0,5.0%,314.65,5978.35,2800.00,3178.35,53.2%,24.18,Express,Delivered,4
06-06-2024,08-06-2024,BE-11131,Online,Medium,PROD-AUD-89,Audio,NeoBuds Pro,45.0,120.0,CUST-507,Customer 507,Education,Australia,APAC,Sydney,6,720.0,20.0%,144.00,576.00,270.00,306.00,53.1%,22.42,Express,Delivered,5
14-05-2025,17-05-2025,BE-11132,Online,High,PROD-COM-21,Computing,Apex Desktop,750.0,1599.0,CUST-159,Customer 159,Corporate,USA,NA,New York,3,4797.0,0.0%,0.00,4797.00,2250.00,2547.00,53.1%,9.32,Overnight,Delivered,4
03-05-2025,05-05-2025,BE-11133,In-Store,High,PROD-WEA-41,Wearables,FitTrack Watch,50.0,149.0,CUST-289,Customer 289,Education,Brazil,LATAM,Sao Paulo,5,745.0,5.0%,37.25,707.75,250.00,457.75,64.7%,12.77,Overnight,Delayed,4
21-05-2024,25-05-2024,BE-11134,In-Store,Medium,PROD-WEA-72,Wearables,Aura Smart Ring,70.0,199.0,CUST-447,Customer 447,Corporate,Germany,EMEA,Berlin,8,1592.0,10.0%,159.20,1432.80,560.00,872.80,60.9%,27.82,Standard,Delivered,4
22-02-2026,25-02-2026,BE-11135,In-Store,Medium,PROD-SMA-46,Smart Home,Beacon Camera,35.0,99.0,CUST-515,Customer 515,Education,Brazil,LATAM,Sao Paulo,8,792.0,0.0%,0.00,792.00,280.00,512.00,64.7%,23.26,Overnight,Delivered,4
15-01-2026,18-01-2026,BE-11136,In-Store,High,PROD-COM-89,Computing,Titan Laptop,600.0,1299.0,CUST-553,Customer 553,Corporate,Germany,EMEA,Berlin,12,15588.0,0.0%,0.00,15588.00,7200.00,8388.00,53.8%,46.56,Overnight,Delivered,1
23-06-2024,27-06-2024,BE-11137,Distributor,Medium,PROD-SMA-48,Smart Home,Omni Speaker,25.0,69.0,CUST-413,Customer 413,Corporate,UK,EMEA,London,11,759.0,0.0%,0.00,759.00,275.00,484.00,63.8%,48.05,Overnight,Delivered,1
14-02-2025,18-02-2025,BE-11138,In-Store,High,PROD-COM-28,Computing,Apex Desktop,750.0,1599.0,CUST-327,Customer 327,Education,Australia,APAC,Sydney,5,7995.0,0.0%,0.00,7995.00,3750.00,4245.00,53.1%,11.98,Overnight,Delivered,5
31-01-2026,03-02-2026,BE-11139,Online,Medium,PROD-AUD-78,Audio,Wave Soundbar,110.0,299.0,CUST-427,Customer 427,Corporate,Brazil,LATAM,Sao Paulo,11,3289.0,0.0%,0.00,3289.00,1210.00,2079.00,63.2%,23.85,Express,Delivered,5
20-07-2024,23-07-2024,BE-11140,Distributor,Low,PROD-WEA-90,Wearables,Aura Smart Ring,70.0,199.0,CUST-555,Customer 555,Education,Canada,NA,Toronto,13,2587.0,0.0%,0.00,2587.00,910.00,1677.00,64.8%,39.83,Standard,Delayed,5
26-10-2025,29-10-2025,BE-11141,Online,Low,PROD-MOB-43,Mobile,Quantum Phone X,400.0,899.0,CUST-913,Customer 913,Corporate,Canada,NA,Toronto,7,6293.0,0.0%,0.00,6293.00,2800.00,3493.00,55.5%,15.30,Overnight,Delivered,3
25-06-2024,28-06-2024,BE-11142,Distributor,Medium,PROD-WEA-13,Wearables,Aura Smart Ring,70.0,199.0,CUST-949,Customer 949,Consumer,France,EMEA,Paris,3,597.0,0.0%,0.00,597.00,210.00,387.00,64.8%,14.92,Overnight,Delivered,4
03-03-2025,06-03-2025,BE-11143,In-Store,High,PROD-SMA-70,Smart Home,Beacon Camera,35.0,99.0,CUST-843,Customer 843,Education,Canada,NA,Toronto,1,99.0,15.0%,14.85,84.15,35.00,49.15,58.4%,2.05,Express,Delayed,4
25-04-2026,02-05-2026,BE-11144,Distributor,Medium,PROD-WEA-61,Wearables,Aura Smart Ring,70.0,199.0,CUST-240,Customer 240,Consumer,France,EMEA,Paris,7,1393.0,5.0%,69.65,1323.35,490.00,833.35,63.0%,34.54,Standard,Delivered,1
11-03-2025,16-03-2025,BE-11145,Online,Medium,PROD-MOB-46,Mobile,Quantum Phone X,400.0,899.0,CUST-414,Customer 414,Education,UK,EMEA,London,12,10788.0,10.0%,1078.80,9709.20,4800.00,4909.20,50.6%,43.37,Express,Delivered,4
28-11-2024,02-12-2024,BE-11146,Distributor,Medium,PROD-SMA-39,Smart Home,Omni Speaker,25.0,69.0,CUST-364,Customer 364,Consumer,India,APAC,Mumbai,7,483.0,0.0%,0.00,483.00,175.00,308.00,63.8%,33.10,Overnight,Returned,5
10-05-2025,13-05-2025,BE-11147,Distributor,High,PROD-WEA-19,Wearables,FitTrack Watch,50.0,149.0,CUST-926,Customer 926,Consumer,Germany,EMEA,Berlin,14,2086.0,0.0%,0.00,2086.00,700.00,1386.00,66.4%,30.59,Standard,Delivered,4
15-07-2025,16-07-2025,BE-11148,Online,Medium,PROD-SMA-69,Smart Home,Beacon Camera,35.0,99.0,CUST-883,Customer 883,Corporate,Mexico,LATAM,Mexico City,8,792.0,0.0%,0.00,792.00,280.00,512.00,64.7%,37.37,Standard,Delivered,4
04-11-2024,09-11-2024,BE-11149,In-Store,Medium,PROD-SMA-29,Smart Home,Omni Speaker,25.0,69.0,CUST-613,Customer 613,Education,France,EMEA,Paris,11,759.0,5.0%,37.95,721.05,275.00,446.05,61.9%,51.26,Overnight,Delivered,3
12-05-2024,16-05-2024,BE-11150,Online,Medium,PROD-WEA-25,Wearables,FitTrack Watch,50.0,149.0,CUST-467,Customer 467,Education,Australia,APAC,Sydney,9,1341.0,10.0%,134.10,1206.90,450.00,756.90,62.7%,38.23,Standard,Delayed,4
18-10-2025,20-10-2025,BE-11151,Distributor,Medium,PROD-AUD-90,Audio,Aero Headphones,80.0,199.0,CUST-616,Customer 616,Consumer,Brazil,LATAM,Sao Paulo,13,2587.0,0.0%,0.00,2587.00,1040.00,1547.00,59.8%,35.08,Express,Delivered,4
27-12-2025,29-12-2025,BE-11152,Distributor,High,PROD-WEA-37,Wearables,Aura Smart Ring,70.0,199.0,CUST-154,Customer 154,Education,Canada,NA,Toronto,10,1990.0,5.0%,99.50,1890.50,700.00,1190.50,63.0%,21.03,Standard,Delivered,4
22-05-2024,25-05-2024,BE-11153,Distributor,Medium,PROD-MOB-80,Mobile,Alpha Lite,150.0,349.0,CUST-492,Customer 492,Consumer,UK,EMEA,London,8,2792.0,0.0%,0.00,2792.00,1200.00,1592.00,57.0%,34.98,Overnight,Delivered,4
02-04-2024,08-04-2024,BE-11154,Online,Medium,PROD-SMA-69,Smart Home,Beacon Camera,35.0,99.0,CUST-629,Customer 629,Consumer,Australia,APAC,Sydney,8,792.0,0.0%,0.00,792.00,280.00,512.00,64.7%,23.01,Standard,Delivered,1
31-12-2024,02-01-2025,BE-11155,In-Store,High,PROD-MOB-32,Mobile,Quantum Phone X,400.0,899.0,CUST-599,Customer 599,Consumer,USA,NA,New York,4,3596.0,10.0%,359.60,3236.40,1600.00,1636.40,50.6%,14.16,Express,Delayed,5
12-08-2025,15-08-2025,BE-11156,In-Store,Medium,PROD-WEA-83,Wearables,Aura Smart Ring,70.0,199.0,CUST-619,Customer 619,Education,UK,EMEA,London,9,1791.0,15.0%,268.65,1522.35,630.00,892.35,58.6%,28.42,Express,Delivered,5
21-12-2024,26-12-2024,BE-11157,Distributor,Critical,PROD-COM-64,Computing,Pro Monitor 27,120.0,279.0,CUST-153,Customer 153,Education,Mexico,LATAM,Mexico City,4,1116.0,20.0%,223.20,892.80,480.00,412.80,46.2%,8.59,Express,Delivered,4
12-06-2024,13-06-2024,BE-11158,Distributor,Medium,PROD-SMA-30,Smart Home,Omni Speaker,25.0,69.0,CUST-591,Customer 591,Corporate,Brazil,LATAM,Sao Paulo,5,345.0,0.0%,0.00,345.00,125.00,220.00,63.8%,22.17,Express,Delivered,4
21-02-2026,27-02-2026,BE-11159,In-Store,Medium,PROD-AUD-78,Audio,NeoBuds Pro,45.0,120.0,CUST-987,Customer 987,Consumer,Canada,NA,Toronto,10,1200.0,5.0%,60.00,1140.00,450.00,690.00,60.5%,49.99,Overnight,Delivered,5
30-12-2025,04-01-2026,BE-11160,In-Store,Low,PROD-MOB-22,Mobile,Quantum Phone X,400.0,899.0,CUST-737,Customer 737,Corporate,Japan,APAC,Tokyo,5,4495.0,5.0%,224.75,4270.25,2000.00,2270.25,53.2%,17.66,Standard,Delivered,3
16-08-2024,21-08-2024,BE-11161,Distributor,Medium,PROD-AUD-10,Audio,NeoBuds Pro,45.0,120.0,CUST-302,Customer 302,Education,USA,NA,Los Angeles,1,120.0,10.0%,12.00,108.00,45.00,63.00,58.3%,3.95,Overnight,Delivered,5
02-03-2026,04-03-2026,BE-11162,In-Store,Low,PROD-WEA-22,Wearables,Aura Smart Ring,70.0,199.0,CUST-581,Customer 581,Corporate,Brazil,LATAM,Sao Paulo,11,2189.0,5.0%,109.45,2079.55,770.00,1309.55,63.0%,38.63,Standard,Delivered,5
13-05-2025,15-05-2025,BE-11163,Distributor,High,PROD-SMA-33,Smart Home,Beacon Camera,35.0,99.0,CUST-519,Customer 519,Consumer,India,APAC,Mumbai,9,891.0,5.0%,44.55,846.45,315.00,531.45,62.8%,28.02,Overnight,Delivered,5
11-03-2025,16-03-2025,BE-11164,In-Store,Medium,PROD-MOB-77,Mobile,Alpha Lite,150.0,349.0,CUST-873,Customer 873,Consumer,USA,NA,New York,11,3839.0,0.0%,0.00,3839.00,1650.00,2189.00,57.0%,52.32,Overnight,Delayed,3
20-08-2024,23-08-2024,BE-11165,Distributor,Low,PROD-MOB-20,Mobile,Quantum Phone X,400.0,899.0,CUST-260,Customer 260,Consumer,Japan,APAC,Tokyo,3,2697.0,5.0%,134.85,2562.15,1200.00,1362.15,53.2%,7.29,Standard,Delivered,5
17-05-2026,21-05-2026,BE-11166,Distributor,Medium,PROD-WEA-55,Wearables,FitTrack Watch,50.0,149.0,CUST-666,Customer 666,Corporate,Brazil,LATAM,Sao Paulo,3,447.0,15.0%,67.05,379.95,150.00,229.95,60.5%,7.36,Express,Delivered,3
15-07-2024,17-07-2024,BE-11167,Online,Medium,PROD-MOB-41,Mobile,Alpha Lite,150.0,349.0,CUST-699,Customer 699,Consumer,USA,NA,New York,1,349.0,0.0%,0.00,349.00,150.00,199.00,57.0%,3.51,Standard,Delivered,1
11-10-2025,14-10-2025,BE-11168,In-Store,Low,PROD-SMA-97,Smart Home,Beacon Camera,35.0,99.0,CUST-538,Customer 538,Consumer,Canada,NA,Toronto,9,891.0,0.0%,0.00,891.00,315.00,576.00,64.7%,28.36,Express,Delivered,3
09-01-2026,11-01-2026,BE-11169,Distributor,Medium,PROD-MOB-27,Mobile,Quantum Phone X,400.0,899.0,CUST-275,Customer 275,Corporate,Germany,EMEA,Berlin,5,4495.0,5.0%,224.75,4270.25,2000.00,2270.25,53.2%,17.37,Standard,Delivered,1
18-08-2024,21-08-2024,BE-11170,Online,Medium,PROD-COM-32,Computing,Apex Desktop,750.0,1599.0,CUST-766,Customer 766,Consumer,France,EMEA,Paris,4,6396.0,5.0%,319.80,6076.20,3000.00,3076.20,50.6%,13.35,Express,Delivered,5
11-10-2024,16-10-2024,BE-11171,In-Store,Low,PROD-WEA-83,Wearables,FitTrack Watch,50.0,149.0,CUST-697,Customer 697,Corporate,USA,NA,New York,10,1490.0,0.0%,0.00,1490.00,500.00,990.00,66.4%,35.41,Express,Delivered,3
21-02-2025,28-02-2025,BE-11172,In-Store,Critical,PROD-AUD-17,Audio,Aero Headphones,80.0,199.0,CUST-791,Customer 791,Education,France,EMEA,Paris,13,2587.0,5.0%,129.35,2457.65,1040.00,1417.65,57.7%,41.74,Overnight,Delivered,5
07-07-2024,14-07-2024,BE-11173,Distributor,Medium,PROD-AUD-98,Audio,Wave Soundbar,110.0,299.0,CUST-581,Customer 581,Consumer,USA,NA,Los Angeles,2,598.0,0.0%,0.00,598.00,220.00,378.00,63.2%,4.47,Standard,Delayed,5
13-05-2025,16-05-2025,BE-11174,Online,Critical,PROD-AUD-64,Audio,NeoBuds Pro,45.0,120.0,CUST-445,Customer 445,Consumer,Japan,APAC,Tokyo,8,960.0,10.0%,96.00,864.00,360.00,504.00,58.3%,23.93,Standard,Delivered,3
13-05-2025,15-05-2025,BE-11175,Distributor,Low,PROD-MOB-47,Mobile,Quantum Phone X,400.0,899.0,CUST-304,Customer 304,Education,Australia,APAC,Sydney,10,8990.0,10.0%,899.00,8091.00,4000.00,4091.00,50.6%,29.80,Standard,Delivered,2
20-06-2025,22-06-2025,BE-11176,Online,Medium,PROD-COM-67,Computing,Pro Monitor 27,120.0,279.0,CUST-187,Customer 187,Education,India,APAC,Mumbai,2,558.0,0.0%,0.00,558.00,240.00,318.00,57.0%,7.31,Overnight,Delivered,4
28-02-2026,05-03-2026,BE-11177,In-Store,Medium,PROD-AUD-12,Audio,NeoBuds Pro,45.0,120.0,CUST-366,Customer 366,Consumer,Brazil,LATAM,Sao Paulo,6,720.0,0.0%,0.00,720.00,270.00,450.00,62.5%,12.17,Express,Delivered,3
12-06-2024,15-06-2024,BE-11178,Distributor,Low,PROD-AUD-94,Audio,Aero Headphones,80.0,199.0,CUST-542,Customer 542,Consumer,Brazil,LATAM,Sao Paulo,11,2189.0,5.0%,109.45,2079.55,880.00,1199.55,57.7%,50.31,Standard,Delivered,5
10-08-2024,12-08-2024,BE-11179,In-Store,Medium,PROD-MOB-53,Mobile,Alpha Lite,150.0,349.0,CUST-130,Customer 130,Consumer,Japan,APAC,Tokyo,8,2792.0,20.0%,558.40,2233.60,1200.00,1033.60,46.3%,20.72,Express,Delivered,5
09-01-2025,11-01-2025,BE-11180,In-Store,Critical,PROD-WEA-93,Wearables,Aura Smart Ring,70.0,199.0,CUST-566,Customer 566,Consumer,USA,NA,Los Angeles,5,995.0,15.0%,149.25,845.75,350.00,495.75,58.6%,16.24,Express,Delivered,5
09-11-2025,11-11-2025,BE-11181,Distributor,Medium,PROD-SMA-90,Smart Home,Omni Speaker,25.0,69.0,CUST-881,Customer 881,Education,UK,EMEA,London,7,483.0,0.0%,0.00,483.00,175.00,308.00,63.8%,26.82,Express,Delayed,5
09-03-2025,14-03-2025,BE-11182,In-Store,Medium,PROD-COM-14,Computing,Pro Monitor 27,120.0,279.0,CUST-414,Customer 414,Consumer,France,EMEA,Paris,9,2511.0,0.0%,0.00,2511.00,1080.00,1431.00,57.0%,22.93,Express,Delivered,5
01-03-2025,04-03-2025,BE-11183,In-Store,Medium,PROD-COM-33,Computing,Apex Desktop,750.0,1599.0,CUST-457,Customer 457,Corporate,Australia,APAC,Sydney,9,14391.0,20.0%,2878.20,11512.80,6750.00,4762.80,41.4%,43.28,Overnight,Delivered,4
04-07-2024,05-07-2024,BE-11184,Distributor,Critical,PROD-AUD-71,Audio,NeoBuds Pro,45.0,120.0,CUST-900,Customer 900,Consumer,USA,NA,Los Angeles,6,720.0,5.0%,36.00,684.00,270.00,414.00,60.5%,24.44,Overnight,Delivered,5
16-11-2025,23-11-2025,BE-11185,Online,Critical,PROD-COM-89,Computing,Titan Laptop,600.0,1299.0,CUST-279,Customer 279,Consumer,USA,NA,New York,4,5196.0,5.0%,259.80,4936.20,2400.00,2536.20,51.4%,19.17,Express,Delivered,5
22-02-2025,24-02-2025,BE-11186,Online,High,PROD-COM-90,Computing,Apex Desktop,750.0,1599.0,CUST-243,Customer 243,Consumer,USA,NA,Los Angeles,8,12792.0,0.0%,0.00,12792.00,6000.00,6792.00,53.1%,27.64,Standard,Delivered,2
23-12-2025,25-12-2025,BE-11187,Online,Medium,PROD-SMA-21,Smart Home,Omni Speaker,25.0,69.0,CUST-322,Customer 322,Education,UK,EMEA,London,1,69.0,0.0%,0.00,69.00,25.00,44.00,63.8%,4.74,Express,Delivered,5
17-04-2025,20-04-2025,BE-11188,In-Store,Medium,PROD-WEA-64,Wearables,Aura Smart Ring,70.0,199.0,CUST-934,Customer 934,Education,Brazil,LATAM,Sao Paulo,10,1990.0,10.0%,199.00,1791.00,700.00,1091.00,60.9%,45.01,Overnight,Delivered,5
06-03-2024,09-03-2024,BE-11189,In-Store,Critical,PROD-MOB-22,Mobile,Alpha Lite,150.0,349.0,CUST-246,Customer 246,Corporate,Germany,EMEA,Berlin,1,349.0,0.0%,0.00,349.00,150.00,199.00,57.0%,3.88,Standard,Delivered,5
04-04-2026,07-04-2026,BE-11190,Online,High,PROD-AUD-23,Audio,Aero Headphones,80.0,199.0,CUST-903,Customer 903,Corporate,USA,NA,Los Angeles,3,597.0,0.0%,0.00,597.00,240.00,357.00,59.8%,7.68,Express,Delivered,4
25-07-2024,29-07-2024,BE-11191,Online,Critical,PROD-AUD-28,Audio,Wave Soundbar,110.0,299.0,CUST-216,Customer 216,Education,USA,NA,New York,12,3588.0,15.0%,538.20,3049.80,1320.00,1729.80,56.7%,49.67,Standard,Delayed,5
15-01-2025,17-01-2025,BE-11192,Online,High,PROD-WEA-42,Wearables,FitTrack Watch,50.0,149.0,CUST-702,Customer 702,Consumer,Mexico,LATAM,Mexico City,2,298.0,15.0%,44.70,253.30,100.00,153.30,60.5%,6.56,Express,Delivered,5
09-02-2025,11-02-2025,BE-11193,Distributor,High,PROD-COM-11,Computing,Titan Laptop,600.0,1299.0,CUST-998,Customer 998,Education,India,APAC,Mumbai,10,12990.0,10.0%,1299.00,11691.00,6000.00,5691.00,48.7%,28.54,Express,Delivered,5
20-07-2024,25-07-2024,BE-11194,Distributor,Medium,PROD-COM-64,Computing,Pro Monitor 27,120.0,279.0,CUST-996,Customer 996,Consumer,Germany,EMEA,Berlin,2,558.0,10.0%,55.80,502.20,240.00,262.20,52.2%,7.76,Express,Delivered,5
28-02-2024,03-03-2024,BE-11195,In-Store,Medium,PROD-SMA-57,Smart Home,Beacon Camera,35.0,99.0,CUST-325,Customer 325,Education,France,EMEA,Paris,13,1287.0,10.0%,128.70,1158.30,455.00,703.30,60.7%,43.37,Standard,Delivered,4
20-03-2024,21-03-2024,BE-11196,In-Store,Medium,PROD-SMA-87,Smart Home,Beacon Camera,35.0,99.0,CUST-790,Customer 790,Consumer,Brazil,LATAM,Sao Paulo,9,891.0,0.0%,0.00,891.00,315.00,576.00,64.7%,43.90,Overnight,Delivered,4
26-11-2025,28-11-2025,BE-11197,Distributor,Medium,PROD-AUD-15,Audio,Wave Soundbar,110.0,299.0,CUST-259,Customer 259,Consumer,Brazil,LATAM,Sao Paulo,10,2990.0,15.0%,448.50,2541.50,1100.00,1441.50,56.7%,41.09,Standard,Delivered,5
08-06-2025,12-06-2025,BE-11198,Distributor,High,PROD-MOB-90,Mobile,Quantum Phone X,400.0,899.0,CUST-914,Customer 914,Consumer,Germany,EMEA,Berlin,6,5394.0,5.0%,269.70,5124.30,2400.00,2724.30,53.2%,21.48,Standard,Delivered,5
20-04-2025,27-04-2025,BE-11199,In-Store,Medium,PROD-AUD-66,Audio,Wave Soundbar,110.0,299.0,CUST-447,Customer 447,Consumer,Germany,EMEA,Berlin,8,2392.0,10.0%,239.20,2152.80,880.00,1272.80,59.1%,36.49,Express,Delivered,5
19-02-2026,21-02-2026,BE-11200,Distributor,Medium,PROD-AUD-17,Audio,Wave Soundbar,110.0,299.0,CUST-556,Customer 556,Education,USA,NA,New York,13,3887.0,15.0%,583.05,3303.95,1430.00,1873.95,56.7%,63.46,Standard,Delivered,4
11-10-2025,14-10-2025,BE-11201,Distributor,Medium,PROD-MOB-58,Mobile,Alpha Lite,150.0,349.0,CUST-705,Customer 705,Consumer,UK,EMEA,London,7,2443.0,15.0%,366.45,2076.55,1050.00,1026.55,49.4%,29.21,Overnight,Delivered,4
04-08-2024,09-08-2024,BE-11202,Online,Critical,PROD-WEA-18,Wearables,Aura Smart Ring,70.0,199.0,CUST-813,Customer 813,Education,USA,NA,Los Angeles,14,2786.0,5.0%,139.30,2646.70,980.00,1666.70,63.0%,33.48,Express,Delivered,4
04-08-2025,05-08-2025,BE-11203,Online,Medium,PROD-SMA-82,Smart Home,Beacon Camera,35.0,99.0,CUST-185,Customer 185,Corporate,Mexico,LATAM,Mexico City,5,495.0,5.0%,24.75,470.25,175.00,295.25,62.8%,18.02,Express,Delivered,5
15-02-2024,18-02-2024,BE-11204,Online,Medium,PROD-COM-38,Computing,Titan Laptop,600.0,1299.0,CUST-721,Customer 721,Education,Germany,EMEA,Berlin,6,7794.0,0.0%,0.00,7794.00,3600.00,4194.00,53.8%,25.80,Overnight,Delivered,4
02-01-2026,04-01-2026,BE-11205,Online,Medium,PROD-WEA-16,Wearables,FitTrack Watch,50.0,149.0,CUST-654,Customer 654,Corporate,UK,EMEA,London,7,1043.0,0.0%,0.00,1043.00,350.00,693.00,66.4%,19.61,Express,Delivered,3
12-12-2024,16-12-2024,BE-11206,In-Store,Critical,PROD-WEA-22,Wearables,FitTrack Watch,50.0,149.0,CUST-570,Customer 570,Education,USA,NA,Los Angeles,12,1788.0,10.0%,178.80,1609.20,600.00,1009.20,62.7%,57.92,Express,Delivered,5
05-11-2024,12-11-2024,BE-11207,Online,Low,PROD-AUD-65,Audio,NeoBuds Pro,45.0,120.0,CUST-432,Customer 432,Education,France,EMEA,Paris,14,1680.0,10.0%,168.00,1512.00,630.00,882.00,58.3%,55.74,Express,Delivered,3
27-05-2025,30-05-2025,BE-11208,In-Store,Low,PROD-COM-60,Computing,Apex Desktop,750.0,1599.0,CUST-956,Customer 956,Consumer,Mexico,LATAM,Mexico City,2,3198.0,0.0%,0.00,3198.00,1500.00,1698.00,53.1%,8.70,Overnight,Delivered,4
26-02-2024,28-02-2024,BE-11209,In-Store,Medium,PROD-AUD-79,Audio,NeoBuds Pro,45.0,120.0,CUST-538,Customer 538,Education,India,APAC,Mumbai,7,840.0,20.0%,168.00,672.00,315.00,357.00,53.1%,23.14,Express,Delivered,5
08-01-2026,11-01-2026,BE-11210,In-Store,High,PROD-SMA-84,Smart Home,Omni Speaker,25.0,69.0,CUST-600,Customer 600,Corporate,Brazil,LATAM,Sao Paulo,12,828.0,15.0%,124.20,703.80,300.00,403.80,57.4%,28.06,Overnight,Delivered,4
22-05-2025,25-05-2025,BE-11211,Distributor,High,PROD-COM-10,Computing,Apex Desktop,750.0,1599.0,CUST-831,Customer 831,Consumer,Mexico,LATAM,Mexico City,13,20787.0,5.0%,1039.35,19747.65,9750.00,9997.65,50.6%,48.51,Standard,Delivered,3
16-05-2026,17-05-2026,BE-11212,In-Store,Medium,PROD-AUD-52,Audio,Aero Headphones,80.0,199.0,CUST-380,Customer 380,Consumer,Canada,NA,Toronto,4,796.0,10.0%,79.60,716.40,320.00,396.40,55.3%,12.33,Standard,Delivered,4
24-02-2026,27-02-2026,BE-11213,In-Store,Low,PROD-SMA-40,Smart Home,Beacon Camera,35.0,99.0,CUST-667,Customer 667,Consumer,France,EMEA,Paris,11,1089.0,15.0%,163.35,925.65,385.00,540.65,58.4%,34.93,Standard,Delivered,5
04-09-2025,09-09-2025,BE-11214,In-Store,Medium,PROD-COM-75,Computing,Titan Laptop,600.0,1299.0,CUST-108,Customer 108,Education,Australia,APAC,Sydney,11,14289.0,10.0%,1428.90,12860.10,6600.00,6260.10,48.7%,47.13,Standard,Delayed,3
02-07-2024,08-07-2024,BE-11215,In-Store,Medium,PROD-AUD-76,Audio,NeoBuds Pro,45.0,120.0,CUST-652,Customer 652,Corporate,France,EMEA,Paris,11,1320.0,5.0%,66.00,1254.00,495.00,759.00,60.5%,26.02,Express,Delivered,4
01-06-2026,03-06-2026,BE-11216,In-Store,Critical,PROD-AUD-57,Audio,Wave Soundbar,110.0,299.0,CUST-542,Customer 542,Consumer,France,EMEA,Paris,6,1794.0,5.0%,89.70,1704.30,660.00,1044.30,61.3%,21.89,Standard,Delivered,1
28-10-2024,31-10-2024,BE-11217,In-Store,Low,PROD-SMA-26,Smart Home,Omni Speaker,25.0,69.0,CUST-383,Customer 383,Corporate,France,EMEA,Paris,10,690.0,10.0%,69.00,621.00,250.00,371.00,59.7%,26.98,Overnight,Delivered,5
11-03-2024,14-03-2024,BE-11218,In-Store,Low,PROD-AUD-55,Audio,Aero Headphones,80.0,199.0,CUST-716,Customer 716,Corporate,Brazil,LATAM,Sao Paulo,11,2189.0,0.0%,0.00,2189.00,880.00,1309.00,59.8%,41.81,Standard,Delivered,5
08-02-2026,11-02-2026,BE-11219,In-Store,Medium,PROD-MOB-24,Mobile,Alpha Lite,150.0,349.0,CUST-194,Customer 194,Education,USA,NA,New York,4,1396.0,0.0%,0.00,1396.00,600.00,796.00,57.0%,10.66,Standard,Delivered,5
01-08-2025,08-08-2025,BE-11220,Online,Medium,PROD-AUD-45,Audio,Aero Headphones,80.0,199.0,CUST-491,Customer 491,Education,Japan,APAC,Tokyo,7,1393.0,0.0%,0.00,1393.00,560.00,833.00,59.8%,20.14,Standard,Delivered,3
11-01-2024,15-01-2024,BE-11221,In-Store,Medium,PROD-WEA-29,Wearables,FitTrack Watch,50.0,149.0,CUST-618,Customer 618,Education,UK,EMEA,London,9,1341.0,15.0%,201.15,1139.85,450.00,689.85,60.5%,44.45,Standard,Delivered,3
29-05-2024,04-06-2024,BE-11222,In-Store,Medium,PROD-WEA-89,Wearables,Aura Smart Ring,70.0,199.0,CUST-938,Customer 938,Consumer,Australia,APAC,Sydney,12,2388.0,0.0%,0.00,2388.00,840.00,1548.00,64.8%,52.41,Express,Delivered,5
03-07-2024,05-07-2024,BE-11223,Distributor,High,PROD-COM-12,Computing,Titan Laptop,600.0,1299.0,CUST-357,Customer 357,Corporate,India,APAC,Mumbai,5,6495.0,5.0%,324.75,6170.25,3000.00,3170.25,51.4%,19.29,Standard,Delivered,4
31-01-2024,02-02-2024,BE-11224,Online,Medium,PROD-SMA-72,Smart Home,Beacon Camera,35.0,99.0,CUST-837,Customer 837,Consumer,UK,EMEA,London,4,396.0,15.0%,59.40,336.60,140.00,196.60,58.4%,16.72,Overnight,Delivered,5
15-01-2026,17-01-2026,BE-11225,In-Store,High,PROD-AUD-97,Audio,Wave Soundbar,110.0,299.0,CUST-894,Customer 894,Education,Canada,NA,Toronto,4,1196.0,0.0%,0.00,1196.00,440.00,756.00,63.2%,14.73,Overnight,Delivered,3
25-11-2024,28-11-2024,BE-11226,Distributor,Medium,PROD-WEA-46,Wearables,Aura Smart Ring,70.0,199.0,CUST-743,Customer 743,Education,USA,NA,New York,7,1393.0,15.0%,208.95,1184.05,490.00,694.05,58.6%,32.73,Express,Delayed,4
28-09-2025,29-09-2025,BE-11227,Online,Low,PROD-COM-19,Computing,Pro Monitor 27,120.0,279.0,CUST-507,Customer 507,Corporate,USA,NA,Los Angeles,1,279.0,5.0%,13.95,265.05,120.00,145.05,54.7%,2.47,Overnight,Delivered,4
19-07-2024,22-07-2024,BE-11228,Online,Low,PROD-SMA-92,Smart Home,Beacon Camera,35.0,99.0,CUST-904,Customer 904,Corporate,Mexico,LATAM,Mexico City,8,792.0,0.0%,0.00,792.00,280.00,512.00,64.7%,29.53,Express,Returned,4
09-09-2025,10-09-2025,BE-11229,In-Store,Medium,PROD-COM-79,Computing,Apex Desktop,750.0,1599.0,CUST-360,Customer 360,Corporate,Japan,APAC,Tokyo,10,15990.0,0.0%,0.00,15990.00,7500.00,8490.00,53.1%,32.57,Express,Delivered,5
21-12-2025,25-12-2025,BE-11230,In-Store,Medium,PROD-SMA-38,Smart Home,Omni Speaker,25.0,69.0,CUST-951,Customer 951,Consumer,France,EMEA,Paris,14,966.0,0.0%,0.00,966.00,350.00,616.00,63.8%,42.40,Overnight,Delivered,5
06-10-2025,08-10-2025,BE-11231,Online,Low,PROD-MOB-39,Mobile,Alpha Lite,150.0,349.0,CUST-840,Customer 840,Corporate,Germany,EMEA,Berlin,4,1396.0,5.0%,69.80,1326.20,600.00,726.20,54.8%,13.88,Standard,Delivered,5
18-04-2026,20-04-2026,BE-11232,Distributor,High,PROD-AUD-13,Audio,Wave Soundbar,110.0,299.0,CUST-565,Customer 565,Consumer,Japan,APAC,Tokyo,12,3588.0,0.0%,0.00,3588.00,1320.00,2268.00,63.2%,33.46,Overnight,Delivered,5
24-01-2024,25-01-2024,BE-11233,Distributor,Medium,PROD-COM-54,Computing,Apex Desktop,750.0,1599.0,CUST-745,Customer 745,Consumer,Brazil,LATAM,Sao Paulo,10,15990.0,0.0%,0.00,15990.00,7500.00,8490.00,53.1%,49.67,Standard,Delivered,4
07-05-2026,08-05-2026,BE-11234,In-Store,Medium,PROD-AUD-74,Audio,NeoBuds Pro,45.0,120.0,CUST-461,Customer 461,Consumer,USA,NA,Los Angeles,3,360.0,10.0%,36.00,324.00,135.00,189.00,58.3%,12.19,Standard,Delivered,3
23-04-2024,26-04-2024,BE-11235,In-Store,Medium,PROD-MOB-47,Mobile,Alpha Lite,150.0,349.0,CUST-387,Customer 387,Corporate,Canada,NA,Toronto,13,4537.0,0.0%,0.00,4537.00,1950.00,2587.00,57.0%,39.05,Standard,Delivered,5
05-11-2024,07-11-2024,BE-11236,In-Store,High,PROD-SMA-98,Smart Home,Beacon Camera,35.0,99.0,CUST-509,Customer 509,Corporate,Germany,EMEA,Berlin,14,1386.0,0.0%,0.00,1386.00,490.00,896.00,64.7%,46.61,Overnight,Delivered,4
06-04-2026,08-04-2026,BE-11237,In-Store,Medium,PROD-SMA-25,Smart Home,Beacon Camera,35.0,99.0,CUST-851,Customer 851,Education,UK,EMEA,London,8,792.0,0.0%,0.00,792.00,280.00,512.00,64.7%,36.04,Express,Delivered,5
19-11-2025,26-11-2025,BE-11238,Distributor,Medium,PROD-WEA-41,Wearables,FitTrack Watch,50.0,149.0,CUST-392,Customer 392,Education,UK,EMEA,London,6,894.0,5.0%,44.70,849.30,300.00,549.30,64.7%,21.37,Standard,Delivered,5
01-03-2025,03-03-2025,BE-11239,Online,High,PROD-COM-76,Computing,Titan Laptop,600.0,1299.0,CUST-577,Customer 577,Education,Brazil,LATAM,Sao Paulo,3,3897.0,0.0%,0.00,3897.00,1800.00,2097.00,53.8%,10.25,Express,Delivered,3
31-07-2025,01-08-2025,BE-11240,In-Store,Low,PROD-COM-83,Computing,Apex Desktop,750.0,1599.0,CUST-290,Customer 290,Corporate,USA,NA,Los Angeles,7,11193.0,20.0%,2238.60,8954.40,5250.00,3704.40,41.4%,18.37,Standard,Returned,5
17-03-2024,24-03-2024,BE-11241,In-Store,High,PROD-MOB-67,Mobile,Alpha Lite,150.0,349.0,CUST-400,Customer 400,Corporate,Germany,EMEA,Berlin,7,2443.0,10.0%,244.30,2198.70,1050.00,1148.70,52.2%,19.32,Standard,Delivered,5
21-10-2024,24-10-2024,BE-11242,Online,High,PROD-SMA-57,Smart Home,Beacon Camera,35.0,99.0,CUST-851,Customer 851,Education,Germany,EMEA,Berlin,2,198.0,0.0%,0.00,198.00,70.00,128.00,64.7%,4.66,Standard,Delivered,3
29-03-2024,30-03-2024,BE-11243,Distributor,Medium,PROD-COM-68,Computing,Pro Monitor 27,120.0,279.0,CUST-168,Customer 168,Corporate,Germany,EMEA,Berlin,6,1674.0,0.0%,0.00,1674.00,720.00,954.00,57.0%,28.21,Standard,Delivered,1
20-06-2025,27-06-2025,BE-11244,Online,High,PROD-MOB-41,Mobile,Alpha Lite,150.0,349.0,CUST-927,Customer 927,Corporate,Germany,EMEA,Berlin,13,4537.0,5.0%,226.85,4310.15,1950.00,2360.15,54.8%,50.52,Express,Delivered,2
05-01-2025,07-01-2025,BE-11245,In-Store,High,PROD-COM-57,Computing,Apex Desktop,750.0,1599.0,CUST-793,Customer 793,Consumer,Australia,APAC,Sydney,8,12792.0,0.0%,0.00,12792.00,6000.00,6792.00,53.1%,34.68,Express,Delivered,3
06-10-2025,13-10-2025,BE-11246,In-Store,High,PROD-WEA-38,Wearables,FitTrack Watch,50.0,149.0,CUST-286,Customer 286,Consumer,Germany,EMEA,Berlin,14,2086.0,5.0%,104.30,1981.70,700.00,1281.70,64.7%,44.50,Overnight,Returned,4
27-07-2025,30-07-2025,BE-11247,In-Store,Medium,PROD-SMA-88,Smart Home,Omni Speaker,25.0,69.0,CUST-798,Customer 798,Consumer,USA,NA,New York,5,345.0,0.0%,0.00,345.00,125.00,220.00,63.8%,17.08,Express,Delivered,3
21-08-2024,23-08-2024,BE-11248,Online,Medium,PROD-SMA-65,Smart Home,Beacon Camera,35.0,99.0,CUST-903,Customer 903,Corporate,Brazil,LATAM,Sao Paulo,5,495.0,0.0%,0.00,495.00,175.00,320.00,64.7%,14.75,Standard,Delivered,3
22-11-2025,25-11-2025,BE-11249,Online,Medium,PROD-SMA-29,Smart Home,Beacon Camera,35.0,99.0,CUST-867,Customer 867,Consumer,Germany,EMEA,Berlin,7,693.0,10.0%,69.30,623.70,245.00,378.70,60.7%,33.54,Standard,Delivered,3
25-10-2024,28-10-2024,BE-11250,Distributor,Medium,PROD-MOB-23,Mobile,Alpha Lite,150.0,349.0,CUST-450,Customer 450,Consumer,Canada,NA,Toronto,10,3490.0,0.0%,0.00,3490.00,1500.00,1990.00,57.0%,23.99,Express,Delivered,5
06-06-2025,11-06-2025,BE-11251,In-Store,Medium,PROD-AUD-28,Audio,Wave Soundbar,110.0,299.0,CUST-387,Customer 387,Corporate,Mexico,LATAM,Mexico City,11,3289.0,0.0%,0.00,3289.00,1210.00,2079.00,63.2%,23.86,Standard,Delivered,3
08-03-2024,12-03-2024,BE-11252,Distributor,High,PROD-SMA-51,Smart Home,Omni Speaker,25.0,69.0,CUST-977,Customer 977,Corporate,Canada,NA,Toronto,6,414.0,0.0%,0.00,414.00,150.00,264.00,63.8%,23.69,Standard,Delivered,4
28-11-2025,03-12-2025,BE-11253,In-Store,Medium,PROD-SMA-96,Smart Home,Beacon Camera,35.0,99.0,CUST-457,Customer 457,Corporate,Japan,APAC,Tokyo,12,1188.0,10.0%,118.80,1069.20,420.00,649.20,60.7%,55.82,Standard,Delivered,3
29-07-2025,01-08-2025,BE-11254,Online,Critical,PROD-WEA-23,Wearables,FitTrack Watch,50.0,149.0,CUST-402,Customer 402,Corporate,India,APAC,Mumbai,5,745.0,5.0%,37.25,707.75,250.00,457.75,64.7%,12.23,Express,Delivered,5
13-04-2026,15-04-2026,BE-11255,In-Store,Medium,PROD-SMA-56,Smart Home,Omni Speaker,25.0,69.0,CUST-490,Customer 490,Corporate,Australia,APAC,Sydney,4,276.0,0.0%,0.00,276.00,100.00,176.00,63.8%,15.12,Standard,Delivered,5
06-05-2025,07-05-2025,BE-11256,In-Store,Critical,PROD-SMA-61,Smart Home,Beacon Camera,35.0,99.0,CUST-491,Customer 491,Education,USA,NA,New York,8,792.0,0.0%,0.00,792.00,280.00,512.00,64.7%,23.80,Express,Delivered,5
29-07-2024,01-08-2024,BE-11257,In-Store,Low,PROD-COM-11,Computing,Apex Desktop,750.0,1599.0,CUST-829,Customer 829,Consumer,France,EMEA,Paris,4,6396.0,10.0%,639.60,5756.40,3000.00,2756.40,47.9%,14.66,Overnight,Delivered,5
01-06-2026,04-06-2026,BE-11258,Online,Medium,PROD-AUD-14,Audio,NeoBuds Pro,45.0,120.0,CUST-232,Customer 232,Corporate,France,EMEA,Paris,1,120.0,15.0%,18.00,102.00,45.00,57.00,55.9%,2.95,Express,Delivered,4
21-12-2025,23-12-2025,BE-11259,Online,Medium,PROD-AUD-16,Audio,Wave Soundbar,110.0,299.0,CUST-269,Customer 269,Education,Canada,NA,Toronto,3,897.0,0.0%,0.00,897.00,330.00,567.00,63.2%,13.08,Overnight,Delivered,3
30-06-2025,07-07-2025,BE-11260,In-Store,High,PROD-WEA-46,Wearables,FitTrack Watch,50.0,149.0,CUST-697,Customer 697,Corporate,Mexico,LATAM,Mexico City,9,1341.0,15.0%,201.15,1139.85,450.00,689.85,60.5%,25.33,Express,Delivered,3
23-09-2024,25-09-2024,BE-11261,Distributor,High,PROD-WEA-53,Wearables,Aura Smart Ring,70.0,199.0,CUST-302,Customer 302,Consumer,Germany,EMEA,Berlin,8,1592.0,5.0%,79.60,1512.40,560.00,952.40,63.0%,39.83,Express,Delivered,5
18-05-2025,23-05-2025,BE-11262,Online,Critical,PROD-WEA-69,Wearables,Aura Smart Ring,70.0,199.0,CUST-553,Customer 553,Corporate,Canada,NA,Toronto,11,2189.0,5.0%,109.45,2079.55,770.00,1309.55,63.0%,32.34,Express,Delivered,4
06-07-2025,10-07-2025,BE-11263,Distributor,Medium,PROD-COM-67,Computing,Pro Monitor 27,120.0,279.0,CUST-762,Customer 762,Consumer,Canada,NA,Toronto,7,1953.0,15.0%,292.95,1660.05,840.00,820.05,49.4%,14.76,Standard,Delivered,5
26-01-2024,30-01-2024,BE-11264,In-Store,Critical,PROD-MOB-45,Mobile,Quantum Phone X,400.0,899.0,CUST-952,Customer 952,Consumer,Mexico,LATAM,Mexico City,13,11687.0,0.0%,0.00,11687.00,5200.00,6487.00,55.5%,33.71,Express,Delivered,5
29-11-2025,03-12-2025,BE-11265,Distributor,Critical,PROD-AUD-50,Audio,NeoBuds Pro,45.0,120.0,CUST-773,Customer 773,Corporate,Mexico,LATAM,Mexico City,5,600.0,0.0%,0.00,600.00,225.00,375.00,62.5%,12.51,Overnight,Delivered,5
22-03-2025,25-03-2025,BE-11266,Online,Low,PROD-AUD-54,Audio,Aero Headphones,80.0,199.0,CUST-679,Customer 679,Consumer,UK,EMEA,London,6,1194.0,5.0%,59.70,1134.30,480.00,654.30,57.7%,28.03,Express,Returned,2
15-04-2024,18-04-2024,BE-11267,Online,Medium,PROD-SMA-39,Smart Home,Omni Speaker,25.0,69.0,CUST-426,Customer 426,Corporate,Japan,APAC,Tokyo,5,345.0,5.0%,17.25,327.75,125.00,202.75,61.9%,13.82,Express,Delivered,1
19-04-2026,22-04-2026,BE-11268,In-Store,Medium,PROD-AUD-70,Audio,Wave Soundbar,110.0,299.0,CUST-695,Customer 695,Education,Canada,NA,Toronto,5,1495.0,15.0%,224.25,1270.75,550.00,720.75,56.7%,13.57,Overnight,Delivered,4
24-07-2025,27-07-2025,BE-11269,Distributor,Medium,PROD-SMA-77,Smart Home,Beacon Camera,35.0,99.0,CUST-936,Customer 936,Consumer,France,EMEA,Paris,6,594.0,0.0%,0.00,594.00,210.00,384.00,64.7%,17.57,Standard,Delivered,3
24-11-2025,01-12-2025,BE-11270,In-Store,Medium,PROD-WEA-64,Wearables,Aura Smart Ring,70.0,199.0,CUST-991,Customer 991,Corporate,Mexico,LATAM,Mexico City,13,2587.0,0.0%,0.00,2587.00,910.00,1677.00,64.8%,37.80,Overnight,Delayed,3
17-06-2025,20-06-2025,BE-11271,In-Store,High,PROD-AUD-22,Audio,Aero Headphones,80.0,199.0,CUST-117,Customer 117,Education,USA,NA,New York,2,398.0,0.0%,0.00,398.00,160.00,238.00,59.8%,9.80,Overnight,Delivered,4
26-06-2025,02-07-2025,BE-11272,In-Store,Low,PROD-AUD-61,Audio,NeoBuds Pro,45.0,120.0,CUST-498,Customer 498,Consumer,France,EMEA,Paris,1,120.0,5.0%,6.00,114.00,45.00,69.00,60.5%,3.33,Standard,Delivered,5
15-11-2025,17-11-2025,BE-11273,In-Store,High,PROD-WEA-83,Wearables,FitTrack Watch,50.0,149.0,CUST-876,Customer 876,Corporate,Australia,APAC,Sydney,5,745.0,0.0%,0.00,745.00,250.00,495.00,66.4%,13.82,Express,Delayed,4
02-02-2025,07-02-2025,BE-11274,Distributor,High,PROD-SMA-28,Smart Home,Beacon Camera,35.0,99.0,CUST-255,Customer 255,Corporate,Australia,APAC,Sydney,4,396.0,10.0%,39.60,356.40,140.00,216.40,60.7%,9.87,Standard,Delivered,5
25-06-2025,29-06-2025,BE-11275,Online,Medium,PROD-SMA-12,Smart Home,Omni Speaker,25.0,69.0,CUST-215,Customer 215,Corporate,Australia,APAC,Sydney,8,552.0,0.0%,0.00,552.00,200.00,352.00,63.8%,20.06,Overnight,Delivered,5
13-01-2026,14-01-2026,BE-11276,In-Store,Low,PROD-MOB-15,Mobile,Alpha Lite,150.0,349.0,CUST-618,Customer 618,Education,India,APAC,Mumbai,6,2094.0,15.0%,314.10,1779.90,900.00,879.90,49.4%,20.72,Express,Delivered,5
26-02-2026,01-03-2026,BE-11277,Distributor,Critical,PROD-COM-23,Computing,Apex Desktop,750.0,1599.0,CUST-448,Customer 448,Education,India,APAC,Mumbai,8,12792.0,0.0%,0.00,12792.00,6000.00,6792.00,53.1%,25.48,Overnight,Delivered,5
02-05-2026,04-05-2026,BE-11278,In-Store,Medium,PROD-MOB-25,Mobile,Quantum Phone X,400.0,899.0,CUST-422,Customer 422,Corporate,Brazil,LATAM,Sao Paulo,14,12586.0,0.0%,0.00,12586.00,5600.00,6986.00,55.5%,66.03,Overnight,Delivered,4
26-10-2024,31-10-2024,BE-11279,Distributor,Medium,PROD-SMA-56,Smart Home,Beacon Camera,35.0,99.0,CUST-266,Customer 266,Education,France,EMEA,Paris,6,594.0,15.0%,89.10,504.90,210.00,294.90,58.4%,24.95,Express,Delivered,1
08-07-2025,10-07-2025,BE-11280,Online,Medium,PROD-SMA-68,Smart Home,Beacon Camera,35.0,99.0,CUST-720,Customer 720,Corporate,France,EMEA,Paris,11,1089.0,15.0%,163.35,925.65,385.00,540.65,58.4%,25.23,Standard,Delivered,3
30-08-2024,03-09-2024,BE-11281,In-Store,Medium,PROD-SMA-80,Smart Home,Omni Speaker,25.0,69.0,CUST-948,Customer 948,Education,Mexico,LATAM,Mexico City,13,897.0,0.0%,0.00,897.00,325.00,572.00,63.8%,55.58,Express,Returned,4
15-01-2025,20-01-2025,BE-11282,In-Store,Low,PROD-WEA-50,Wearables,Aura Smart Ring,70.0,199.0,CUST-963,Customer 963,Consumer,India,APAC,Mumbai,10,1990.0,20.0%,398.00,1592.00,700.00,892.00,56.0%,48.40,Overnight,Delivered,4
04-02-2026,07-02-2026,BE-11283,Distributor,Low,PROD-MOB-86,Mobile,Quantum Phone X,400.0,899.0,CUST-622,Customer 622,Corporate,Australia,APAC,Sydney,6,5394.0,0.0%,0.00,5394.00,2400.00,2994.00,55.5%,25.28,Overnight,Delivered,5
01-03-2024,04-03-2024,BE-11284,In-Store,Medium,PROD-AUD-51,Audio,Wave Soundbar,110.0,299.0,CUST-997,Customer 997,Consumer,France,EMEA,Paris,14,4186.0,10.0%,418.60,3767.40,1540.00,2227.40,59.1%,34.93,Express,Delivered,5
04-07-2025,08-07-2025,BE-11285,In-Store,Low,PROD-AUD-68,Audio,NeoBuds Pro,45.0,120.0,CUST-162,Customer 162,Consumer,Japan,APAC,Tokyo,1,120.0,5.0%,6.00,114.00,45.00,69.00,60.5%,4.86,Standard,Delivered,4
23-02-2025,26-02-2025,BE-11286,Online,High,PROD-WEA-66,Wearables,FitTrack Watch,50.0,149.0,CUST-646,Customer 646,Education,Australia,APAC,Sydney,6,894.0,5.0%,44.70,849.30,300.00,549.30,64.7%,29.34,Express,Delivered,5
13-12-2024,15-12-2024,BE-11287,Distributor,Medium,PROD-AUD-66,Audio,NeoBuds Pro,45.0,120.0,CUST-944,Customer 944,Consumer,Brazil,LATAM,Sao Paulo,10,1200.0,5.0%,60.00,1140.00,450.00,690.00,60.5%,27.64,Standard,Delivered,4
30-08-2024,02-09-2024,BE-11288,In-Store,Medium,PROD-AUD-90,Audio,NeoBuds Pro,45.0,120.0,CUST-431,Customer 431,Education,Brazil,LATAM,Sao Paulo,2,240.0,5.0%,12.00,228.00,90.00,138.00,60.5%,6.94,Overnight,Returned,4
31-08-2025,02-09-2025,BE-11289,Distributor,High,PROD-SMA-63,Smart Home,Omni Speaker,25.0,69.0,CUST-153,Customer 153,Education,Brazil,LATAM,Sao Paulo,6,414.0,0.0%,0.00,414.00,150.00,264.00,63.8%,20.97,Standard,Delayed,3
04-09-2025,06-09-2025,BE-11290,Distributor,Medium,PROD-AUD-70,Audio,Aero Headphones,80.0,199.0,CUST-755,Customer 755,Education,USA,NA,Los Angeles,8,1592.0,5.0%,79.60,1512.40,640.00,872.40,57.7%,29.57,Overnight,Delivered,1
31-01-2026,05-02-2026,BE-11291,Distributor,Medium,PROD-COM-65,Computing,Apex Desktop,750.0,1599.0,CUST-270,Customer 270,Corporate,Japan,APAC,Tokyo,2,3198.0,10.0%,319.80,2878.20,1500.00,1378.20,47.9%,6.81,Overnight,Delivered,5
22-07-2024,26-07-2024,BE-11292,In-Store,Low,PROD-MOB-25,Mobile,Alpha Lite,150.0,349.0,CUST-306,Customer 306,Education,Canada,NA,Toronto,4,1396.0,10.0%,139.60,1256.40,600.00,656.40,52.2%,9.01,Standard,Delivered,4
07-04-2025,10-04-2025,BE-11293,In-Store,Medium,PROD-AUD-85,Audio,Wave Soundbar,110.0,299.0,CUST-759,Customer 759,Education,Brazil,LATAM,Sao Paulo,6,1794.0,0.0%,0.00,1794.00,660.00,1134.00,63.2%,13.05,Overnight,Delivered,2
20-06-2025,21-06-2025,BE-11294,Online,High,PROD-AUD-14,Audio,Aero Headphones,80.0,199.0,CUST-369,Customer 369,Consumer,Germany,EMEA,Berlin,14,2786.0,20.0%,557.20,2228.80,1120.00,1108.80,49.8%,53.45,Express,Delivered,4
17-02-2025,24-02-2025,BE-11295,In-Store,Medium,PROD-MOB-77,Mobile,Quantum Phone X,400.0,899.0,CUST-645,Customer 645,Education,Germany,EMEA,Berlin,7,6293.0,5.0%,314.65,5978.35,2800.00,3178.35,53.2%,30.01,Overnight,Delivered,5
25-01-2024,29-01-2024,BE-11296,Online,Critical,PROD-SMA-18,Smart Home,Beacon Camera,35.0,99.0,CUST-545,Customer 545,Consumer,Japan,APAC,Tokyo,7,693.0,0.0%,0.00,693.00,245.00,448.00,64.7%,17.85,Standard,Delivered,5
28-03-2026,31-03-2026,BE-11297,Distributor,Low,PROD-COM-77,Computing,Titan Laptop,600.0,1299.0,CUST-117,Customer 117,Consumer,Japan,APAC,Tokyo,10,12990.0,0.0%,0.00,12990.00,6000.00,6990.00,53.8%,43.84,Standard,Delivered,3
21-05-2025,25-05-2025,BE-11298,Distributor,Medium,PROD-WEA-43,Wearables,FitTrack Watch,50.0,149.0,CUST-342,Customer 342,Consumer,Japan,APAC,Tokyo,8,1192.0,5.0%,59.60,1132.40,400.00,732.40,64.7%,26.54,Express,Delivered,3
20-11-2025,24-11-2025,BE-11299,In-Store,Medium,PROD-WEA-28,Wearables,Aura Smart Ring,70.0,199.0,CUST-176,Customer 176,Education,India,APAC,Mumbai,10,1990.0,20.0%,398.00,1592.00,700.00,892.00,56.0%,49.36,Overnight,Delivered,5
13-09-2025,16-09-2025,BE-11300,Online,Low,PROD-COM-32,Computing,Pro Monitor 27,120.0,279.0,CUST-279,Customer 279,Education,Germany,EMEA,Berlin,14,3906.0,5.0%,195.30,3710.70,1680.00,2030.70,54.7%,34.84,Express,Delayed,5
03-09-2025,04-09-2025,BE-11301,In-Store,Medium,PROD-WEA-83,Wearables,Aura Smart Ring,70.0,199.0,CUST-162,Customer 162,Consumer,Japan,APAC,Tokyo,7,1393.0,0.0%,0.00,1393.00,490.00,903.00,64.8%,20.51,Express,Delivered,5
17-05-2026,21-05-2026,BE-11302,Online,Low,PROD-SMA-54,Smart Home,Omni Speaker,25.0,69.0,CUST-948,Customer 948,Corporate,France,EMEA,Paris,4,276.0,5.0%,13.80,262.20,100.00,162.20,61.9%,18.87,Standard,Delivered,5
12-06-2025,15-06-2025,BE-11303,In-Store,Medium,PROD-SMA-44,Smart Home,Beacon Camera,35.0,99.0,CUST-438,Customer 438,Consumer,Mexico,LATAM,Mexico City,8,792.0,0.0%,0.00,792.00,280.00,512.00,64.7%,28.26,Standard,Delivered,3
21-02-2024,22-02-2024,BE-11304,In-Store,High,PROD-MOB-88,Mobile,Quantum Phone X,400.0,899.0,CUST-365,Customer 365,Corporate,Brazil,LATAM,Sao Paulo,9,8091.0,5.0%,404.55,7686.45,3600.00,4086.45,53.2%,20.53,Overnight,Delivered,5
29-12-2024,04-01-2025,BE-11305,In-Store,Low,PROD-MOB-88,Mobile,Alpha Lite,150.0,349.0,CUST-728,Customer 728,Consumer,Mexico,LATAM,Mexico City,8,2792.0,15.0%,418.80,2373.20,1200.00,1173.20,49.4%,28.73,Standard,Delayed,1
31-10-2024,05-11-2024,BE-11306,Distributor,Medium,PROD-AUD-26,Audio,Wave Soundbar,110.0,299.0,CUST-915,Customer 915,Corporate,India,APAC,Mumbai,6,1794.0,15.0%,269.10,1524.90,660.00,864.90,56.7%,29.65,Express,Delivered,5
27-02-2024,29-02-2024,BE-11307,Distributor,Critical,PROD-WEA-32,Wearables,FitTrack Watch,50.0,149.0,CUST-446,Customer 446,Education,Australia,APAC,Sydney,2,298.0,5.0%,14.90,283.10,100.00,183.10,64.7%,7.73,Standard,Delivered,3
09-07-2024,12-07-2024,BE-11308,Distributor,Medium,PROD-COM-58,Computing,Titan Laptop,600.0,1299.0,CUST-146,Customer 146,Corporate,Japan,APAC,Tokyo,10,12990.0,0.0%,0.00,12990.00,6000.00,6990.00,53.8%,26.90,Standard,Delivered,5
17-06-2025,20-06-2025,BE-11309,Distributor,Medium,PROD-SMA-17,Smart Home,Omni Speaker,25.0,69.0,CUST-130,Customer 130,Education,UK,EMEA,London,12,828.0,0.0%,0.00,828.00,300.00,528.00,63.8%,37.22,Overnight,Delivered,4
25-06-2024,02-07-2024,BE-11310,Distributor,Medium,PROD-WEA-30,Wearables,FitTrack Watch,50.0,149.0,CUST-956,Customer 956,Education,Brazil,LATAM,Sao Paulo,10,1490.0,0.0%,0.00,1490.00,500.00,990.00,66.4%,33.52,Overnight,Delivered,3
21-04-2024,25-04-2024,BE-11311,In-Store,Medium,PROD-MOB-90,Mobile,Alpha Lite,150.0,349.0,CUST-390,Customer 390,Education,France,EMEA,Paris,11,3839.0,0.0%,0.00,3839.00,1650.00,2189.00,57.0%,48.25,Express,Delivered,4
01-09-2025,04-09-2025,BE-11312,Online,Medium,PROD-AUD-11,Audio,Wave Soundbar,110.0,299.0,CUST-441,Customer 441,Consumer,Japan,APAC,Tokyo,4,1196.0,0.0%,0.00,1196.00,440.00,756.00,63.2%,19.38,Express,Delivered,3
25-07-2024,31-07-2024,BE-11313,Distributor,Critical,PROD-AUD-94,Audio,NeoBuds Pro,45.0,120.0,CUST-723,Customer 723,Education,Brazil,LATAM,Sao Paulo,2,240.0,20.0%,48.00,192.00,90.00,102.00,53.1%,9.87,Standard,Delayed,4
01-07-2024,07-07-2024,BE-11314,Distributor,Medium,PROD-SMA-24,Smart Home,Omni Speaker,25.0,69.0,CUST-817,Customer 817,Corporate,Japan,APAC,Tokyo,12,828.0,10.0%,82.80,745.20,300.00,445.20,59.7%,32.07,Overnight,Delivered,4
10-03-2024,14-03-2024,BE-11315,Online,Medium,PROD-WEA-82,Wearables,FitTrack Watch,50.0,149.0,CUST-611,Customer 611,Corporate,Australia,APAC,Sydney,14,2086.0,15.0%,312.90,1773.10,700.00,1073.10,60.5%,36.26,Express,Delivered,5
29-10-2025,01-11-2025,BE-11316,Distributor,High,PROD-WEA-54,Wearables,Aura Smart Ring,70.0,199.0,CUST-664,Customer 664,Corporate,India,APAC,Mumbai,1,199.0,0.0%,0.00,199.00,70.00,129.00,64.8%,2.95,Express,Delivered,5
02-04-2026,05-04-2026,BE-11317,Distributor,Low,PROD-AUD-64,Audio,Wave Soundbar,110.0,299.0,CUST-242,Customer 242,Education,UK,EMEA,London,2,598.0,15.0%,89.70,508.30,220.00,288.30,56.7%,8.29,Standard,Delivered,2
10-02-2026,13-02-2026,BE-11318,In-Store,Low,PROD-MOB-25,Mobile,Quantum Phone X,400.0,899.0,CUST-490,Customer 490,Education,Brazil,LATAM,Sao Paulo,6,5394.0,5.0%,269.70,5124.30,2400.00,2724.30,53.2%,25.63,Express,Delivered,4
05-01-2024,09-01-2024,BE-11319,In-Store,Medium,PROD-MOB-16,Mobile,Alpha Lite,150.0,349.0,CUST-280,Customer 280,Education,Canada,NA,Toronto,1,349.0,10.0%,34.90,314.10,150.00,164.10,52.2%,2.32,Express,Returned,4
05-08-2025,07-08-2025,BE-11320,Distributor,Low,PROD-WEA-77,Wearables,Aura Smart Ring,70.0,199.0,CUST-168,Customer 168,Consumer,Germany,EMEA,Berlin,9,1791.0,0.0%,0.00,1791.00,630.00,1161.00,64.8%,35.47,Express,Delivered,1
26-04-2025,29-04-2025,BE-11321,Distributor,Low,PROD-WEA-49,Wearables,FitTrack Watch,50.0,149.0,CUST-451,Customer 451,Consumer,UK,EMEA,London,12,1788.0,0.0%,0.00,1788.00,600.00,1188.00,66.4%,53.25,Overnight,Delivered,5
24-03-2026,26-03-2026,BE-11322,Distributor,Medium,PROD-WEA-93,Wearables,Aura Smart Ring,70.0,199.0,CUST-611,Customer 611,Consumer,India,APAC,Mumbai,13,2587.0,0.0%,0.00,2587.00,910.00,1677.00,64.8%,31.59,Standard,Delivered,4
30-01-2024,03-02-2024,BE-11323,In-Store,Medium,PROD-WEA-86,Wearables,Aura Smart Ring,70.0,199.0,CUST-804,Customer 804,Consumer,Mexico,LATAM,Mexico City,1,199.0,5.0%,9.95,189.05,70.00,119.05,63.0%,4.88,Overnight,Returned,4
23-02-2026,26-02-2026,BE-11324,In-Store,Medium,PROD-AUD-49,Audio,Aero Headphones,80.0,199.0,CUST-950,Customer 950,Education,UK,EMEA,London,2,398.0,0.0%,0.00,398.00,160.00,238.00,59.8%,4.23,Standard,Delivered,4
26-02-2025,02-03-2025,BE-11325,In-Store,High,PROD-COM-93,Computing,Pro Monitor 27,120.0,279.0,CUST-919,Customer 919,Corporate,Australia,APAC,Sydney,2,558.0,15.0%,83.70,474.30,240.00,234.30,49.4%,7.91,Standard,Delivered,4
16-12-2024,18-12-2024,BE-11326,Online,Low,PROD-WEA-15,Wearables,FitTrack Watch,50.0,149.0,CUST-354,Customer 354,Corporate,France,EMEA,Paris,12,1788.0,0.0%,0.00,1788.00,600.00,1188.00,66.4%,35.91,Overnight,Delayed,4
17-02-2025,20-02-2025,BE-11327,In-Store,Low,PROD-WEA-93,Wearables,FitTrack Watch,50.0,149.0,CUST-129,Customer 129,Corporate,USA,NA,New York,5,745.0,10.0%,74.50,670.50,250.00,420.50,62.7%,23.59,Express,Delivered,5
14-02-2025,18-02-2025,BE-11328,In-Store,Medium,PROD-AUD-39,Audio,NeoBuds Pro,45.0,120.0,CUST-435,Customer 435,Education,Japan,APAC,Tokyo,8,960.0,10.0%,96.00,864.00,360.00,504.00,58.3%,24.02,Express,Delivered,5
17-07-2024,18-07-2024,BE-11329,Distributor,Critical,PROD-WEA-19,Wearables,Aura Smart Ring,70.0,199.0,CUST-689,Customer 689,Corporate,USA,NA,Los Angeles,2,398.0,5.0%,19.90,378.10,140.00,238.10,63.0%,6.14,Standard,Delivered,4
01-07-2024,04-07-2024,BE-11330,In-Store,Medium,PROD-WEA-86,Wearables,Aura Smart Ring,70.0,199.0,CUST-452,Customer 452,Consumer,Japan,APAC,Tokyo,9,1791.0,10.0%,179.10,1611.90,630.00,981.90,60.9%,44.33,Express,Delivered,3
13-05-2024,19-05-2024,BE-11331,Online,Medium,PROD-COM-59,Computing,Titan Laptop,600.0,1299.0,CUST-498,Customer 498,Consumer,Canada,NA,Toronto,4,5196.0,0.0%,0.00,5196.00,2400.00,2796.00,53.8%,9.78,Standard,Delivered,4
04-08-2024,08-08-2024,BE-11332,Online,Medium,PROD-MOB-27,Mobile,Quantum Phone X,400.0,899.0,CUST-357,Customer 357,Education,France,EMEA,Paris,1,899.0,5.0%,44.95,854.05,400.00,454.05,53.2%,3.40,Express,Delivered,4
16-12-2025,17-12-2025,BE-11333,In-Store,Low,PROD-COM-12,Computing,Pro Monitor 27,120.0,279.0,CUST-308,Customer 308,Corporate,France,EMEA,Paris,12,3348.0,0.0%,0.00,3348.00,1440.00,1908.00,57.0%,32.66,Express,Delayed,4
22-12-2024,24-12-2024,BE-11334,In-Store,Low,PROD-COM-88,Computing,Pro Monitor 27,120.0,279.0,CUST-113,Customer 113,Consumer,India,APAC,Mumbai,1,279.0,10.0%,27.90,251.10,120.00,131.10,52.2%,3.99,Overnight,Delivered,5
21-04-2026,22-04-2026,BE-11335,In-Store,Medium,PROD-WEA-66,Wearables,Aura Smart Ring,70.0,199.0,CUST-725,Customer 725,Corporate,Japan,APAC,Tokyo,14,2786.0,0.0%,0.00,2786.00,980.00,1806.00,64.8%,60.77,Overnight,Delayed,3
25-02-2025,28-02-2025,BE-11336,Online,Low,PROD-MOB-52,Mobile,Alpha Lite,150.0,349.0,CUST-313,Customer 313,Corporate,Brazil,LATAM,Sao Paulo,2,698.0,0.0%,0.00,698.00,300.00,398.00,57.0%,9.02,Express,Delivered,5
03-01-2024,05-01-2024,BE-11337,Distributor,High,PROD-AUD-25,Audio,Wave Soundbar,110.0,299.0,CUST-658,Customer 658,Consumer,Germany,EMEA,Berlin,7,2093.0,0.0%,0.00,2093.00,770.00,1323.00,63.2%,21.59,Overnight,Returned,5
26-12-2024,29-12-2024,BE-11338,In-Store,Medium,PROD-AUD-64,Audio,Wave Soundbar,110.0,299.0,CUST-876,Customer 876,Corporate,Australia,APAC,Sydney,7,2093.0,10.0%,209.30,1883.70,770.00,1113.70,59.1%,25.49,Express,Delivered,3
11-06-2025,13-06-2025,BE-11339,Distributor,High,PROD-SMA-93,Smart Home,Omni Speaker,25.0,69.0,CUST-629,Customer 629,Consumer,UK,EMEA,London,1,69.0,0.0%,0.00,69.00,25.00,44.00,63.8%,3.64,Overnight,Delivered,4
03-04-2024,04-04-2024,BE-11340,Online,Medium,PROD-MOB-47,Mobile,Quantum Phone X,400.0,899.0,CUST-656,Customer 656,Consumer,Japan,APAC,Tokyo,12,10788.0,5.0%,539.40,10248.60,4800.00,5448.60,53.2%,38.89,Standard,Delivered,4
08-10-2025,13-10-2025,BE-11341,Online,Low,PROD-COM-19,Computing,Titan Laptop,600.0,1299.0,CUST-719,Customer 719,Education,Canada,NA,Toronto,2,2598.0,5.0%,129.90,2468.10,1200.00,1268.10,51.4%,8.83,Express,Delivered,4
28-03-2024,01-04-2024,BE-11342,Online,Critical,PROD-SMA-25,Smart Home,Omni Speaker,25.0,69.0,CUST-213,Customer 213,Education,Germany,EMEA,Berlin,5,345.0,0.0%,0.00,345.00,125.00,220.00,63.8%,13.00,Overnight,Delivered,5
16-04-2026,18-04-2026,BE-11343,In-Store,Medium,PROD-MOB-78,Mobile,Alpha Lite,150.0,349.0,CUST-777,Customer 777,Consumer,India,APAC,Mumbai,6,2094.0,0.0%,0.00,2094.00,900.00,1194.00,57.0%,26.06,Express,Delivered,3
13-01-2024,16-01-2024,BE-11344,Distributor,Medium,PROD-MOB-57,Mobile,Quantum Phone X,400.0,899.0,CUST-692,Customer 692,Corporate,UK,EMEA,London,1,899.0,15.0%,134.85,764.15,400.00,364.15,47.7%,2.57,Overnight,Delivered,1
14-07-2025,15-07-2025,BE-11345,In-Store,Medium,PROD-WEA-74,Wearables,Aura Smart Ring,70.0,199.0,CUST-448,Customer 448,Corporate,Brazil,LATAM,Sao Paulo,14,2786.0,0.0%,0.00,2786.00,980.00,1806.00,64.8%,62.24,Standard,Delivered,2
11-06-2025,13-06-2025,BE-11346,Distributor,High,PROD-AUD-75,Audio,Wave Soundbar,110.0,299.0,CUST-277,Customer 277,Education,Mexico,LATAM,Mexico City,2,598.0,0.0%,0.00,598.00,220.00,378.00,63.2%,8.33,Standard,Delivered,1
11-11-2024,13-11-2024,BE-11347,Distributor,Low,PROD-AUD-26,Audio,Wave Soundbar,110.0,299.0,CUST-807,Customer 807,Corporate,Brazil,LATAM,Sao Paulo,14,4186.0,10.0%,418.60,3767.40,1540.00,2227.40,59.1%,30.76,Overnight,Delivered,5
08-07-2024,11-07-2024,BE-11348,Online,Medium,PROD-SMA-35,Smart Home,Beacon Camera,35.0,99.0,CUST-800,Customer 800,Education,Australia,APAC,Sydney,9,891.0,0.0%,0.00,891.00,315.00,576.00,64.7%,28.46,Standard,Delivered,4
09-05-2026,15-05-2026,BE-11349,Distributor,High,PROD-MOB-27,Mobile,Alpha Lite,150.0,349.0,CUST-913,Customer 913,Corporate,Japan,APAC,Tokyo,14,4886.0,0.0%,0.00,4886.00,2100.00,2786.00,57.0%,57.70,Standard,Delivered,5
22-03-2025,27-03-2025,BE-11350,In-Store,Medium,PROD-COM-29,Computing,Pro Monitor 27,120.0,279.0,CUST-909,Customer 909,Education,Mexico,LATAM,Mexico City,3,837.0,15.0%,125.55,711.45,360.00,351.45,49.4%,10.81,Express,Delivered,4
23-03-2025,25-03-2025,BE-11351,Distributor,Medium,PROD-SMA-95,Smart Home,Omni Speaker,25.0,69.0,CUST-181,Customer 181,Consumer,India,APAC,Mumbai,4,276.0,5.0%,13.80,262.20,100.00,162.20,61.9%,9.19,Overnight,Delivered,5
05-04-2024,12-04-2024,BE-11352,Online,Medium,PROD-MOB-60,Mobile,Alpha Lite,150.0,349.0,CUST-252,Customer 252,Consumer,Mexico,LATAM,Mexico City,4,1396.0,10.0%,139.60,1256.40,600.00,656.40,52.2%,12.53,Standard,Delivered,5
04-08-2025,08-08-2025,BE-11353,Online,Medium,PROD-MOB-55,Mobile,Alpha Lite,150.0,349.0,CUST-242,Customer 242,Education,Mexico,LATAM,Mexico City,3,1047.0,0.0%,0.00,1047.00,450.00,597.00,57.0%,11.31,Standard,Delivered,4
02-02-2025,06-02-2025,BE-11354,Online,Medium,PROD-MOB-42,Mobile,Alpha Lite,150.0,349.0,CUST-548,Customer 548,Corporate,USA,NA,New York,9,3141.0,15.0%,471.15,2669.85,1350.00,1319.85,49.4%,43.10,Overnight,Delivered,1
05-09-2025,10-09-2025,BE-11355,Distributor,Medium,PROD-AUD-32,Audio,Wave Soundbar,110.0,299.0,CUST-114,Customer 114,Consumer,Brazil,LATAM,Sao Paulo,2,598.0,10.0%,59.80,538.20,220.00,318.20,59.1%,8.87,Standard,Delivered,5
16-10-2025,20-10-2025,BE-11356,Online,Low,PROD-AUD-55,Audio,Wave Soundbar,110.0,299.0,CUST-795,Customer 795,Consumer,Mexico,LATAM,Mexico City,5,1495.0,15.0%,224.25,1270.75,550.00,720.75,56.7%,21.09,Standard,Delivered,3
17-04-2024,21-04-2024,BE-11357,In-Store,Medium,PROD-MOB-93,Mobile,Alpha Lite,150.0,349.0,CUST-369,Customer 369,Corporate,India,APAC,Mumbai,11,3839.0,15.0%,575.85,3263.15,1650.00,1613.15,49.4%,51.17,Express,Delivered,5
30-05-2026,03-06-2026,BE-11358,Distributor,High,PROD-SMA-96,Smart Home,Omni Speaker,25.0,69.0,CUST-671,Customer 671,Consumer,India,APAC,Mumbai,5,345.0,5.0%,17.25,327.75,125.00,202.75,61.9%,21.69,Express,Returned,4
14-05-2025,18-05-2025,BE-11359,Online,Medium,PROD-WEA-14,Wearables,FitTrack Watch,50.0,149.0,CUST-893,Customer 893,Corporate,Japan,APAC,Tokyo,2,298.0,10.0%,29.80,268.20,100.00,168.20,62.7%,9.53,Overnight,Delivered,3
04-06-2026,11-06-2026,BE-11360,In-Store,Low,PROD-AUD-14,Audio,NeoBuds Pro,45.0,120.0,CUST-923,Customer 923,Education,Brazil,LATAM,Sao Paulo,3,360.0,10.0%,36.00,324.00,135.00,189.00,58.3%,13.03,Overnight,Delayed,2
19-09-2025,21-09-2025,BE-11361,In-Store,Low,PROD-MOB-27,Mobile,Alpha Lite,150.0,349.0,CUST-612,Customer 612,Corporate,Brazil,LATAM,Sao Paulo,14,4886.0,5.0%,244.30,4641.70,2100.00,2541.70,54.8%,37.88,Express,Delivered,5
23-01-2025,25-01-2025,BE-11362,Distributor,Critical,PROD-SMA-16,Smart Home,Omni Speaker,25.0,69.0,CUST-801,Customer 801,Consumer,USA,NA,New York,12,828.0,0.0%,0.00,828.00,300.00,528.00,63.8%,29.72,Overnight,Delivered,1
16-01-2024,21-01-2024,BE-11363,Distributor,Low,PROD-SMA-67,Smart Home,Beacon Camera,35.0,99.0,CUST-679,Customer 679,Consumer,USA,NA,Los Angeles,2,198.0,0.0%,0.00,198.00,70.00,128.00,64.7%,6.35,Standard,Delivered,5
11-06-2024,12-06-2024,BE-11364,Online,Low,PROD-COM-98,Computing,Titan Laptop,600.0,1299.0,CUST-110,Customer 110,Education,India,APAC,Mumbai,6,7794.0,0.0%,0.00,7794.00,3600.00,4194.00,53.8%,15.98,Express,Delivered,5
29-04-2025,06-05-2025,BE-11365,In-Store,High,PROD-COM-64,Computing,Titan Laptop,600.0,1299.0,CUST-813,Customer 813,Education,USA,NA,Los Angeles,13,16887.0,0.0%,0.00,16887.00,7800.00,9087.00,53.8%,50.94,Overnight,Delivered,4
17-05-2024,20-05-2024,BE-11366,Online,Medium,PROD-MOB-47,Mobile,Quantum Phone X,400.0,899.0,CUST-485,Customer 485,Corporate,USA,NA,New York,2,1798.0,0.0%,0.00,1798.00,800.00,998.00,55.5%,4.28,Overnight,Delivered,5
11-12-2025,13-12-2025,BE-11367,In-Store,Critical,PROD-MOB-42,Mobile,Quantum Phone X,400.0,899.0,CUST-440,Customer 440,Corporate,Germany,EMEA,Berlin,2,1798.0,0.0%,0.00,1798.00,800.00,998.00,55.5%,9.44,Express,Returned,5
26-10-2025,28-10-2025,BE-11368,Distributor,Medium,PROD-SMA-66,Smart Home,Omni Speaker,25.0,69.0,CUST-818,Customer 818,Consumer,UK,EMEA,London,1,69.0,10.0%,6.90,62.10,25.00,37.10,59.7%,2.35,Standard,Delivered,2
29-01-2024,05-02-2024,BE-11369,Online,Medium,PROD-AUD-54,Audio,Aero Headphones,80.0,199.0,CUST-425,Customer 425,Education,France,EMEA,Paris,4,796.0,20.0%,159.20,636.80,320.00,316.80,49.8%,16.39,Standard,Delivered,5
29-12-2025,30-12-2025,BE-11370,Distributor,Critical,PROD-SMA-35,Smart Home,Beacon Camera,35.0,99.0,CUST-435,Customer 435,Consumer,Canada,NA,Toronto,8,792.0,10.0%,79.20,712.80,280.00,432.80,60.7%,18.69,Express,Delivered,5
31-03-2025,02-04-2025,BE-11371,In-Store,Low,PROD-WEA-54,Wearables,FitTrack Watch,50.0,149.0,CUST-958,Customer 958,Education,Australia,APAC,Sydney,9,1341.0,10.0%,134.10,1206.90,450.00,756.90,62.7%,30.70,Overnight,Delivered,5
17-11-2024,23-11-2024,BE-11372,Distributor,Low,PROD-AUD-59,Audio,Wave Soundbar,110.0,299.0,CUST-829,Customer 829,Consumer,India,APAC,Mumbai,12,3588.0,15.0%,538.20,3049.80,1320.00,1729.80,56.7%,47.10,Overnight,Delivered,4
03-11-2025,05-11-2025,BE-11373,In-Store,High,PROD-AUD-32,Audio,Wave Soundbar,110.0,299.0,CUST-274,Customer 274,Corporate,Mexico,LATAM,Mexico City,4,1196.0,0.0%,0.00,1196.00,440.00,756.00,63.2%,8.28,Express,Delivered,2
13-03-2025,20-03-2025,BE-11374,Online,Medium,PROD-SMA-57,Smart Home,Omni Speaker,25.0,69.0,CUST-940,Customer 940,Corporate,Australia,APAC,Sydney,5,345.0,0.0%,0.00,345.00,125.00,220.00,63.8%,20.87,Express,Delivered,1
26-04-2025,30-04-2025,BE-11375,Distributor,Medium,PROD-COM-25,Computing,Apex Desktop,750.0,1599.0,CUST-583,Customer 583,Corporate,Australia,APAC,Sydney,14,22386.0,10.0%,2238.60,20147.40,10500.00,9647.40,47.9%,57.75,Standard,Delivered,5
04-02-2025,08-02-2025,BE-11376,Online,High,PROD-AUD-59,Audio,Aero Headphones,80.0,199.0,CUST-855,Customer 855,Education,USA,NA,New York,10,1990.0,20.0%,398.00,1592.00,800.00,792.00,49.8%,36.91,Express,Delivered,5
07-02-2025,09-02-2025,BE-11377,In-Store,Low,PROD-WEA-95,Wearables,Aura Smart Ring,70.0,199.0,CUST-142,Customer 142,Education,Brazil,LATAM,Sao Paulo,5,995.0,15.0%,149.25,845.75,350.00,495.75,58.6%,13.83,Express,Returned,5
30-09-2025,02-10-2025,BE-11378,In-Store,Medium,PROD-MOB-49,Mobile,Quantum Phone X,400.0,899.0,CUST-745,Customer 745,Corporate,USA,NA,New York,10,8990.0,0.0%,0.00,8990.00,4000.00,4990.00,55.5%,46.38,Standard,Delivered,4
28-05-2026,30-05-2026,BE-11379,In-Store,High,PROD-AUD-69,Audio,NeoBuds Pro,45.0,120.0,CUST-680,Customer 680,Corporate,USA,NA,New York,3,360.0,0.0%,0.00,360.00,135.00,225.00,62.5%,12.09,Express,Delivered,5
21-09-2025,27-09-2025,BE-11380,Distributor,Low,PROD-MOB-14,Mobile,Alpha Lite,150.0,349.0,CUST-918,Customer 918,Consumer,Germany,EMEA,Berlin,11,3839.0,0.0%,0.00,3839.00,1650.00,2189.00,57.0%,23.77,Express,Delivered,3
10-04-2025,13-04-2025,BE-11381,Distributor,Critical,PROD-MOB-11,Mobile,Alpha Lite,150.0,349.0,CUST-175,Customer 175,Education,Mexico,LATAM,Mexico City,4,1396.0,5.0%,69.80,1326.20,600.00,726.20,54.8%,18.54,Standard,Delivered,4
10-01-2024,16-01-2024,BE-11382,In-Store,Critical,PROD-AUD-31,Audio,Wave Soundbar,110.0,299.0,CUST-810,Customer 810,Corporate,Australia,APAC,Sydney,13,3887.0,0.0%,0.00,3887.00,1430.00,2457.00,63.2%,53.07,Express,Delivered,4
04-05-2025,07-05-2025,BE-11383,In-Store,Critical,PROD-WEA-50,Wearables,FitTrack Watch,50.0,149.0,CUST-646,Customer 646,Corporate,Mexico,LATAM,Mexico City,11,1639.0,5.0%,81.95,1557.05,550.00,1007.05,64.7%,29.84,Standard,Delivered,3
23-11-2024,27-11-2024,BE-11384,In-Store,Critical,PROD-AUD-89,Audio,Aero Headphones,80.0,199.0,CUST-331,Customer 331,Education,France,EMEA,Paris,14,2786.0,0.0%,0.00,2786.00,1120.00,1666.00,59.8%,53.89,Overnight,Delivered,3
25-05-2025,27-05-2025,BE-11385,Distributor,Medium,PROD-MOB-61,Mobile,Alpha Lite,150.0,349.0,CUST-709,Customer 709,Corporate,Mexico,LATAM,Mexico City,13,4537.0,15.0%,680.55,3856.45,1950.00,1906.45,49.4%,26.82,Express,Delivered,4
27-02-2026,01-03-2026,BE-11386,Distributor,Medium,PROD-WEA-95,Wearables,FitTrack Watch,50.0,149.0,CUST-989,Customer 989,Education,USA,NA,Los Angeles,4,596.0,0.0%,0.00,596.00,200.00,396.00,66.4%,12.44,Overnight,Delivered,5
25-07-2024,31-07-2024,BE-11387,Online,High,PROD-AUD-28,Audio,NeoBuds Pro,45.0,120.0,CUST-155,Customer 155,Education,France,EMEA,Paris,1,120.0,15.0%,18.00,102.00,45.00,57.00,55.9%,4.26,Express,Delivered,4
30-08-2024,03-09-2024,BE-11388,In-Store,High,PROD-AUD-93,Audio,Aero Headphones,80.0,199.0,CUST-939,Customer 939,Consumer,USA,NA,Los Angeles,5,995.0,0.0%,0.00,995.00,400.00,595.00,59.8%,21.36,Overnight,Delivered,4
31-12-2025,02-01-2026,BE-11389,Online,High,PROD-MOB-75,Mobile,Alpha Lite,150.0,349.0,CUST-112,Customer 112,Consumer,India,APAC,Mumbai,2,698.0,0.0%,0.00,698.00,300.00,398.00,57.0%,4.19,Overnight,Delivered,4
12-06-2024,15-06-2024,BE-11390,In-Store,Low,PROD-AUD-94,Audio,NeoBuds Pro,45.0,120.0,CUST-212,Customer 212,Education,Japan,APAC,Tokyo,1,120.0,10.0%,12.00,108.00,45.00,63.00,58.3%,3.62,Overnight,Delivered,5
05-09-2024,07-09-2024,BE-11391,Distributor,Low,PROD-MOB-28,Mobile,Alpha Lite,150.0,349.0,CUST-134,Customer 134,Education,Japan,APAC,Tokyo,9,3141.0,0.0%,0.00,3141.00,1350.00,1791.00,57.0%,40.99,Standard,Delivered,4
08-01-2026,09-01-2026,BE-11392,Distributor,Critical,PROD-MOB-78,Mobile,Alpha Lite,150.0,349.0,CUST-115,Customer 115,Consumer,Brazil,LATAM,Sao Paulo,2,698.0,5.0%,34.90,663.10,300.00,363.10,54.8%,7.06,Overnight,Delivered,5
26-01-2025,02-02-2025,BE-11393,In-Store,Medium,PROD-WEA-50,Wearables,Aura Smart Ring,70.0,199.0,CUST-644,Customer 644,Corporate,Japan,APAC,Tokyo,14,2786.0,10.0%,278.60,2507.40,980.00,1527.40,60.9%,59.32,Express,Delayed,4
30-06-2024,05-07-2024,BE-11394,In-Store,Medium,PROD-AUD-97,Audio,Aero Headphones,80.0,199.0,CUST-820,Customer 820,Corporate,USA,NA,New York,11,2189.0,5.0%,109.45,2079.55,880.00,1199.55,57.7%,52.75,Standard,Delivered,5
21-05-2024,24-05-2024,BE-11395,In-Store,Medium,PROD-SMA-50,Smart Home,Beacon Camera,35.0,99.0,CUST-606,Customer 606,Corporate,Mexico,LATAM,Mexico City,7,693.0,10.0%,69.30,623.70,245.00,378.70,60.7%,29.48,Express,Delivered,5
16-03-2024,23-03-2024,BE-11396,Distributor,Critical,PROD-WEA-77,Wearables,Aura Smart Ring,70.0,199.0,CUST-769,Customer 769,Corporate,India,APAC,Mumbai,5,995.0,10.0%,99.50,895.50,350.00,545.50,60.9%,22.35,Overnight,Delivered,5
25-02-2025,27-02-2025,BE-11397,Online,Low,PROD-WEA-19,Wearables,FitTrack Watch,50.0,149.0,CUST-480,Customer 480,Consumer,France,EMEA,Paris,2,298.0,20.0%,59.60,238.40,100.00,138.40,58.1%,7.51,Standard,Delivered,5
31-03-2024,04-04-2024,BE-11398,Distributor,Medium,PROD-AUD-31,Audio,NeoBuds Pro,45.0,120.0,CUST-866,Customer 866,Education,UK,EMEA,London,3,360.0,0.0%,0.00,360.00,135.00,225.00,62.5%,8.39,Overnight,Delivered,2
16-09-2025,19-09-2025,BE-11399,Online,Critical,PROD-SMA-72,Smart Home,Omni Speaker,25.0,69.0,CUST-948,Customer 948,Education,Australia,APAC,Sydney,1,69.0,0.0%,0.00,69.00,25.00,44.00,63.8%,3.12,Standard,Returned,4
14-11-2025,17-11-2025,BE-11400,Online,Critical,PROD-AUD-46,Audio,NeoBuds Pro,45.0,120.0,CUST-667,Customer 667,Consumer,India,APAC,Mumbai,13,1560.0,0.0%,0.00,1560.00,585.00,975.00,62.5%,48.63,Overnight,Delivered,5
26-02-2026,01-03-2026,BE-11401,Distributor,Low,PROD-SMA-10,Smart Home,Beacon Camera,35.0,99.0,CUST-245,Customer 245,Consumer,Canada,NA,Toronto,2,198.0,0.0%,0.00,198.00,70.00,128.00,64.7%,7.12,Express,Delivered,5
29-03-2025,03-04-2025,BE-11402,In-Store,Medium,PROD-AUD-65,Audio,Wave Soundbar,110.0,299.0,CUST-586,Customer 586,Corporate,Japan,APAC,Tokyo,7,2093.0,0.0%,0.00,2093.00,770.00,1323.00,63.2%,28.42,Express,Delivered,5
19-08-2024,23-08-2024,BE-11403,Distributor,Medium,PROD-COM-74,Computing,Pro Monitor 27,120.0,279.0,CUST-717,Customer 717,Education,USA,NA,Los Angeles,12,3348.0,15.0%,502.20,2845.80,1440.00,1405.80,49.4%,59.44,Overnight,Delivered,4
19-10-2024,22-10-2024,BE-11404,Online,High,PROD-AUD-38,Audio,NeoBuds Pro,45.0,120.0,CUST-935,Customer 935,Corporate,France,EMEA,Paris,14,1680.0,10.0%,168.00,1512.00,630.00,882.00,58.3%,65.68,Overnight,Delivered,3
06-06-2026,08-06-2026,BE-11405,In-Store,High,PROD-AUD-76,Audio,NeoBuds Pro,45.0,120.0,CUST-920,Customer 920,Corporate,UK,EMEA,London,13,1560.0,10.0%,156.00,1404.00,585.00,819.00,58.3%,27.56,Express,Delivered,4
17-03-2024,20-03-2024,BE-11406,Online,Critical,PROD-SMA-17,Smart Home,Omni Speaker,25.0,69.0,CUST-503,Customer 503,Corporate,Mexico,LATAM,Mexico City,6,414.0,0.0%,0.00,414.00,150.00,264.00,63.8%,26.73,Standard,Delivered,5
06-01-2026,11-01-2026,BE-11407,Distributor,Medium,PROD-COM-10,Computing,Pro Monitor 27,120.0,279.0,CUST-905,Customer 905,Consumer,USA,NA,New York,3,837.0,5.0%,41.85,795.15,360.00,435.15,54.7%,9.95,Standard,Delivered,5
06-02-2026,13-02-2026,BE-11408,Online,Medium,PROD-COM-38,Computing,Apex Desktop,750.0,1599.0,CUST-452,Customer 452,Education,Mexico,LATAM,Mexico City,3,4797.0,0.0%,0.00,4797.00,2250.00,2547.00,53.1%,7.00,Overnight,Returned,5
17-10-2024,22-10-2024,BE-11409,Online,High,PROD-WEA-93,Wearables,Aura Smart Ring,70.0,199.0,CUST-956,Customer 956,Consumer,Japan,APAC,Tokyo,4,796.0,0.0%,0.00,796.00,280.00,516.00,64.8%,14.88,Standard,Delivered,1
05-11-2024,06-11-2024,BE-11410,Online,Low,PROD-WEA-60,Wearables,Aura Smart Ring,70.0,199.0,CUST-553,Customer 553,Consumer,Brazil,LATAM,Sao Paulo,11,2189.0,5.0%,109.45,2079.55,770.00,1309.55,63.0%,34.03,Standard,Delivered,3
17-02-2024,20-02-2024,BE-11411,Distributor,High,PROD-SMA-13,Smart Home,Omni Speaker,25.0,69.0,CUST-675,Customer 675,Consumer,Brazil,LATAM,Sao Paulo,2,138.0,0.0%,0.00,138.00,50.00,88.00,63.8%,7.56,Standard,Delivered,5
15-07-2025,19-07-2025,BE-11412,Distributor,Medium,PROD-COM-85,Computing,Pro Monitor 27,120.0,279.0,CUST-101,Customer 101,Education,Canada,NA,Toronto,1,279.0,10.0%,27.90,251.10,120.00,131.10,52.2%,2.83,Overnight,Delivered,3
15-02-2026,19-02-2026,BE-11413,Online,Low,PROD-MOB-42,Mobile,Quantum Phone X,400.0,899.0,CUST-259,Customer 259,Consumer,UK,EMEA,London,11,9889.0,5.0%,494.45,9394.55,4400.00,4994.55,53.2%,26.15,Express,Delivered,5
30-11-2024,03-12-2024,BE-11414,Distributor,Low,PROD-WEA-76,Wearables,Aura Smart Ring,70.0,199.0,CUST-632,Customer 632,Education,Canada,NA,Toronto,3,597.0,0.0%,0.00,597.00,210.00,387.00,64.8%,12.66,Express,Returned,4
05-03-2025,08-03-2025,BE-11415,Distributor,Critical,PROD-AUD-86,Audio,Aero Headphones,80.0,199.0,CUST-792,Customer 792,Corporate,Japan,APAC,Tokyo,1,199.0,5.0%,9.95,189.05,80.00,109.05,57.7%,2.40,Overnight,Delivered,5
11-05-2025,18-05-2025,BE-11416,In-Store,Low,PROD-COM-50,Computing,Pro Monitor 27,120.0,279.0,CUST-106,Customer 106,Education,Japan,APAC,Tokyo,10,2790.0,0.0%,0.00,2790.00,1200.00,1590.00,57.0%,39.64,Express,Delayed,4
28-01-2026,30-01-2026,BE-11417,Online,Low,PROD-MOB-20,Mobile,Quantum Phone X,400.0,899.0,CUST-167,Customer 167,Consumer,Mexico,LATAM,Mexico City,9,8091.0,10.0%,809.10,7281.90,3600.00,3681.90,50.6%,26.71,Standard,Delivered,5
04-03-2025,06-03-2025,BE-11418,In-Store,Low,PROD-COM-79,Computing,Pro Monitor 27,120.0,279.0,CUST-976,Customer 976,Consumer,USA,NA,New York,12,3348.0,5.0%,167.40,3180.60,1440.00,1740.60,54.7%,50.79,Standard,Delivered,5
08-02-2024,10-02-2024,BE-11419,Online,High,PROD-MOB-38,Mobile,Alpha Lite,150.0,349.0,CUST-675,Customer 675,Education,Canada,NA,Toronto,9,3141.0,5.0%,157.05,2983.95,1350.00,1633.95,54.8%,41.07,Express,Delivered,5
20-12-2024,23-12-2024,BE-11420,Distributor,Critical,PROD-MOB-54,Mobile,Quantum Phone X,400.0,899.0,CUST-505,Customer 505,Corporate,Japan,APAC,Tokyo,12,10788.0,0.0%,0.00,10788.00,4800.00,5988.00,55.5%,42.14,Express,Delivered,4
13-06-2024,16-06-2024,BE-11421,Online,Low,PROD-AUD-73,Audio,NeoBuds Pro,45.0,120.0,CUST-139,Customer 139,Corporate,India,APAC,Mumbai,10,1200.0,0.0%,0.00,1200.00,450.00,750.00,62.5%,21.77,Standard,Delivered,5
03-03-2025,05-03-2025,BE-11422,Distributor,Medium,PROD-SMA-10,Smart Home,Beacon Camera,35.0,99.0,CUST-983,Customer 983,Education,Mexico,LATAM,Mexico City,9,891.0,0.0%,0.00,891.00,315.00,576.00,64.7%,35.79,Express,Delivered,5
15-11-2025,17-11-2025,BE-11423,Online,Critical,PROD-COM-27,Computing,Apex Desktop,750.0,1599.0,CUST-967,Customer 967,Corporate,India,APAC,Mumbai,4,6396.0,5.0%,319.80,6076.20,3000.00,3076.20,50.6%,14.83,Express,Delivered,3
13-02-2024,18-02-2024,BE-11424,Distributor,Medium,PROD-SMA-22,Smart Home,Beacon Camera,35.0,99.0,CUST-180,Customer 180,Education,Mexico,LATAM,Mexico City,4,396.0,0.0%,0.00,396.00,140.00,256.00,64.7%,17.65,Standard,Delayed,3
13-10-2025,17-10-2025,BE-11425,In-Store,Medium,PROD-AUD-67,Audio,NeoBuds Pro,45.0,120.0,CUST-217,Customer 217,Education,Brazil,LATAM,Sao Paulo,3,360.0,5.0%,18.00,342.00,135.00,207.00,60.5%,9.37,Standard,Delivered,5
22-04-2026,23-04-2026,BE-11426,Distributor,Low,PROD-AUD-89,Audio,NeoBuds Pro,45.0,120.0,CUST-709,Customer 709,Consumer,Mexico,LATAM,Mexico City,11,1320.0,0.0%,0.00,1320.00,495.00,825.00,62.5%,47.24,Standard,Returned,3
02-06-2026,04-06-2026,BE-11427,Online,Low,PROD-COM-62,Computing,Pro Monitor 27,120.0,279.0,CUST-844,Customer 844,Consumer,Germany,EMEA,Berlin,6,1674.0,5.0%,83.70,1590.30,720.00,870.30,54.7%,23.95,Express,Delivered,2
18-06-2025,22-06-2025,BE-11428,In-Store,Medium,PROD-WEA-59,Wearables,FitTrack Watch,50.0,149.0,CUST-486,Customer 486,Consumer,Brazil,LATAM,Sao Paulo,5,745.0,0.0%,0.00,745.00,250.00,495.00,66.4%,23.80,Standard,Delivered,4
16-05-2024,19-05-2024,BE-11429,In-Store,Low,PROD-COM-18,Computing,Titan Laptop,600.0,1299.0,CUST-172,Customer 172,Consumer,France,EMEA,Paris,11,14289.0,5.0%,714.45,13574.55,6600.00,6974.55,51.4%,41.01,Overnight,Delivered,5
27-02-2026,03-03-2026,BE-11430,Online,Medium,PROD-MOB-27,Mobile,Quantum Phone X,400.0,899.0,CUST-477,Customer 477,Corporate,Brazil,LATAM,Sao Paulo,13,11687.0,0.0%,0.00,11687.00,5200.00,6487.00,55.5%,45.83,Overnight,Delivered,4
29-08-2024,01-09-2024,BE-11431,Distributor,Medium,PROD-SMA-37,Smart Home,Beacon Camera,35.0,99.0,CUST-680,Customer 680,Consumer,Brazil,LATAM,Sao Paulo,7,693.0,15.0%,103.95,589.05,245.00,344.05,58.4%,18.51,Standard,Delivered,4
07-06-2026,10-06-2026,BE-11432,Distributor,Critical,PROD-WEA-26,Wearables,FitTrack Watch,50.0,149.0,CUST-704,Customer 704,Education,Mexico,LATAM,Mexico City,4,596.0,0.0%,0.00,596.00,200.00,396.00,66.4%,16.61,Express,Delivered,4
12-08-2024,17-08-2024,BE-11433,Online,Medium,PROD-SMA-93,Smart Home,Omni Speaker,25.0,69.0,CUST-705,Customer 705,Education,Australia,APAC,Sydney,5,345.0,0.0%,0.00,345.00,125.00,220.00,63.8%,17.78,Express,Delivered,5
12-05-2026,15-05-2026,BE-11434,Distributor,High,PROD-WEA-41,Wearables,Aura Smart Ring,70.0,199.0,CUST-804,Customer 804,Education,Brazil,LATAM,Sao Paulo,8,1592.0,0.0%,0.00,1592.00,560.00,1032.00,64.8%,23.57,Overnight,Returned,4
27-03-2026,30-03-2026,BE-11435,In-Store,Medium,PROD-AUD-80,Audio,NeoBuds Pro,45.0,120.0,CUST-463,Customer 463,Consumer,Japan,APAC,Tokyo,7,840.0,0.0%,0.00,840.00,315.00,525.00,62.5%,29.34,Express,Delivered,4
14-06-2025,16-06-2025,BE-11436,Online,High,PROD-MOB-97,Mobile,Quantum Phone X,400.0,899.0,CUST-196,Customer 196,Education,India,APAC,Mumbai,4,3596.0,0.0%,0.00,3596.00,1600.00,1996.00,55.5%,18.57,Standard,Delivered,4
12-01-2026,15-01-2026,BE-11437,In-Store,Medium,PROD-WEA-56,Wearables,Aura Smart Ring,70.0,199.0,CUST-965,Customer 965,Consumer,Canada,NA,Toronto,9,1791.0,5.0%,89.55,1701.45,630.00,1071.45,63.0%,37.34,Express,Delivered,5
17-07-2025,22-07-2025,BE-11438,Distributor,Medium,PROD-COM-61,Computing,Apex Desktop,750.0,1599.0,CUST-922,Customer 922,Education,Brazil,LATAM,Sao Paulo,12,19188.0,20.0%,3837.60,15350.40,9000.00,6350.40,41.4%,34.76,Standard,Delivered,5
20-09-2024,21-09-2024,BE-11439,Online,Low,PROD-SMA-44,Smart Home,Beacon Camera,35.0,99.0,CUST-431,Customer 431,Corporate,Japan,APAC,Tokyo,14,1386.0,10.0%,138.60,1247.40,490.00,757.40,60.7%,44.27,Standard,Delivered,1
20-01-2026,23-01-2026,BE-11440,In-Store,Medium,PROD-COM-84,Computing,Pro Monitor 27,120.0,279.0,CUST-762,Customer 762,Consumer,UK,EMEA,London,14,3906.0,5.0%,195.30,3710.70,1680.00,2030.70,54.7%,48.77,Overnight,Delayed,4
03-09-2025,07-09-2025,BE-11441,Online,Low,PROD-COM-66,Computing,Pro Monitor 27,120.0,279.0,CUST-338,Customer 338,Consumer,Canada,NA,Toronto,6,1674.0,0.0%,0.00,1674.00,720.00,954.00,57.0%,13.81,Overnight,Delivered,5
23-03-2025,25-03-2025,BE-11442,In-Store,Medium,PROD-WEA-76,Wearables,Aura Smart Ring,70.0,199.0,CUST-529,Customer 529,Education,Germany,EMEA,Berlin,8,1592.0,0.0%,0.00,1592.00,560.00,1032.00,64.8%,17.58,Overnight,Delivered,5
26-07-2025,29-07-2025,BE-11443,Online,High,PROD-MOB-40,Mobile,Quantum Phone X,400.0,899.0,CUST-789,Customer 789,Corporate,USA,NA,New York,3,2697.0,10.0%,269.70,2427.30,1200.00,1227.30,50.6%,13.08,Express,Delivered,1
09-11-2025,11-11-2025,BE-11444,In-Store,Low,PROD-MOB-11,Mobile,Alpha Lite,150.0,349.0,CUST-240,Customer 240,Consumer,Brazil,LATAM,Sao Paulo,10,3490.0,20.0%,698.00,2792.00,1500.00,1292.00,46.3%,49.26,Overnight,Delayed,5
23-04-2026,27-04-2026,BE-11445,Distributor,Critical,PROD-AUD-15,Audio,Aero Headphones,80.0,199.0,CUST-387,Customer 387,Corporate,Australia,APAC,Sydney,13,2587.0,10.0%,258.70,2328.30,1040.00,1288.30,55.3%,40.68,Overnight,Delivered,2
14-08-2024,16-08-2024,BE-11446,Distributor,Medium,PROD-SMA-70,Smart Home,Beacon Camera,35.0,99.0,CUST-384,Customer 384,Education,Mexico,LATAM,Mexico City,3,297.0,10.0%,29.70,267.30,105.00,162.30,60.7%,12.16,Standard,Delayed,5
30-12-2024,31-12-2024,BE-11447,Online,Medium,PROD-COM-26,Computing,Apex Desktop,750.0,1599.0,CUST-226,Customer 226,Corporate,UK,EMEA,London,1,1599.0,0.0%,0.00,1599.00,750.00,849.00,53.1%,3.16,Overnight,Delivered,5
30-06-2024,05-07-2024,BE-11448,Distributor,Medium,PROD-COM-43,Computing,Apex Desktop,750.0,1599.0,CUST-386,Customer 386,Consumer,Brazil,LATAM,Sao Paulo,3,4797.0,0.0%,0.00,4797.00,2250.00,2547.00,53.1%,7.34,Express,Delivered,5
02-12-2025,06-12-2025,BE-11449,Distributor,High,PROD-WEA-28,Wearables,Aura Smart Ring,70.0,199.0,CUST-971,Customer 971,Corporate,USA,NA,New York,3,597.0,10.0%,59.70,537.30,210.00,327.30,60.9%,8.20,Standard,Delivered,5
14-07-2025,17-07-2025,BE-11450,In-Store,Critical,PROD-SMA-89,Smart Home,Beacon Camera,35.0,99.0,CUST-151,Customer 151,Consumer,Germany,EMEA,Berlin,4,396.0,0.0%,0.00,396.00,140.00,256.00,64.7%,15.95,Standard,Delivered,5
28-03-2025,01-04-2025,BE-11451,Online,Critical,PROD-COM-51,Computing,Titan Laptop,600.0,1299.0,CUST-513,Customer 513,Corporate,Mexico,LATAM,Mexico City,9,11691.0,0.0%,0.00,11691.00,5400.00,6291.00,53.8%,24.04,Overnight,Delivered,5
09-12-2024,13-12-2024,BE-11452,Distributor,High,PROD-WEA-31,Wearables,FitTrack Watch,50.0,149.0,CUST-291,Customer 291,Consumer,USA,NA,New York,6,894.0,0.0%,0.00,894.00,300.00,594.00,66.4%,24.61,Overnight,Delivered,5
08-03-2024,14-03-2024,BE-11453,Distributor,High,PROD-WEA-36,Wearables,FitTrack Watch,50.0,149.0,CUST-915,Customer 915,Education,Brazil,LATAM,Sao Paulo,2,298.0,0.0%,0.00,298.00,100.00,198.00,66.4%,5.15,Standard,Delivered,3
05-03-2026,07-03-2026,BE-11454,In-Store,High,PROD-AUD-25,Audio,Aero Headphones,80.0,199.0,CUST-977,Customer 977,Consumer,Brazil,LATAM,Sao Paulo,14,2786.0,0.0%,0.00,2786.00,1120.00,1666.00,59.8%,52.39,Standard,Delivered,3
24-04-2025,26-04-2025,BE-11455,In-Store,Low,PROD-COM-84,Computing,Apex Desktop,750.0,1599.0,CUST-431,Customer 431,Corporate,Brazil,LATAM,Sao Paulo,10,15990.0,5.0%,799.50,15190.50,7500.00,7690.50,50.6%,41.91,Express,Delivered,5
16-06-2025,19-06-2025,BE-11456,In-Store,Low,PROD-SMA-52,Smart Home,Beacon Camera,35.0,99.0,CUST-485,Customer 485,Education,Germany,EMEA,Berlin,13,1287.0,0.0%,0.00,1287.00,455.00,832.00,64.7%,30.14,Standard,Delivered,4
27-03-2025,31-03-2025,BE-11457,Online,High,PROD-WEA-18,Wearables,Aura Smart Ring,70.0,199.0,CUST-214,Customer 214,Education,UK,EMEA,London,9,1791.0,15.0%,268.65,1522.35,630.00,892.35,58.6%,32.46,Overnight,Delivered,4
27-05-2025,29-05-2025,BE-11458,Distributor,Low,PROD-WEA-57,Wearables,Aura Smart Ring,70.0,199.0,CUST-665,Customer 665,Education,Mexico,LATAM,Mexico City,13,2587.0,0.0%,0.00,2587.00,910.00,1677.00,64.8%,39.99,Standard,Delayed,5
05-06-2024,12-06-2024,BE-11459,Distributor,Medium,PROD-SMA-17,Smart Home,Omni Speaker,25.0,69.0,CUST-239,Customer 239,Corporate,India,APAC,Mumbai,11,759.0,0.0%,0.00,759.00,275.00,484.00,63.8%,45.68,Express,Delayed,4
19-05-2024,22-05-2024,BE-11460,In-Store,Medium,PROD-MOB-57,Mobile,Alpha Lite,150.0,349.0,CUST-920,Customer 920,Education,Canada,NA,Toronto,8,2792.0,0.0%,0.00,2792.00,1200.00,1592.00,57.0%,24.32,Standard,Delivered,4
09-05-2025,11-05-2025,BE-11461,In-Store,Medium,PROD-MOB-91,Mobile,Alpha Lite,150.0,349.0,CUST-688,Customer 688,Education,Brazil,LATAM,Sao Paulo,7,2443.0,15.0%,366.45,2076.55,1050.00,1026.55,49.4%,21.42,Overnight,Delivered,5
30-06-2024,06-07-2024,BE-11462,In-Store,Medium,PROD-MOB-83,Mobile,Alpha Lite,150.0,349.0,CUST-360,Customer 360,Consumer,France,EMEA,Paris,1,349.0,0.0%,0.00,349.00,150.00,199.00,57.0%,4.00,Express,Delivered,3
05-03-2025,08-03-2025,BE-11463,Online,Medium,PROD-WEA-88,Wearables,Aura Smart Ring,70.0,199.0,CUST-442,Customer 442,Consumer,France,EMEA,Paris,9,1791.0,10.0%,179.10,1611.90,630.00,981.90,60.9%,39.06,Express,Delivered,4
16-05-2025,18-05-2025,BE-11464,Distributor,Medium,PROD-COM-46,Computing,Apex Desktop,750.0,1599.0,CUST-609,Customer 609,Education,UK,EMEA,London,7,11193.0,0.0%,0.00,11193.00,5250.00,5943.00,53.1%,34.89,Overnight,Delayed,4
05-03-2025,08-03-2025,BE-11465,In-Store,High,PROD-WEA-20,Wearables,FitTrack Watch,50.0,149.0,CUST-108,Customer 108,Corporate,Australia,APAC,Sydney,9,1341.0,5.0%,67.05,1273.95,450.00,823.95,64.7%,18.12,Standard,Delivered,5
30-03-2025,04-04-2025,BE-11466,In-Store,Critical,PROD-MOB-60,Mobile,Quantum Phone X,400.0,899.0,CUST-340,Customer 340,Corporate,USA,NA,Los Angeles,1,899.0,15.0%,134.85,764.15,400.00,364.15,47.7%,3.31,Overnight,Delivered,5
27-01-2026,29-01-2026,BE-11467,Distributor,High,PROD-MOB-79,Mobile,Alpha Lite,150.0,349.0,CUST-718,Customer 718,Education,Mexico,LATAM,Mexico City,2,698.0,15.0%,104.70,593.30,300.00,293.30,49.4%,6.58,Express,Delivered,5
28-03-2024,30-03-2024,BE-11468,Distributor,Medium,PROD-WEA-88,Wearables,Aura Smart Ring,70.0,199.0,CUST-158,Customer 158,Corporate,India,APAC,Mumbai,12,2388.0,0.0%,0.00,2388.00,840.00,1548.00,64.8%,42.05,Overnight,Delivered,5
05-04-2024,10-04-2024,BE-11469,Distributor,High,PROD-COM-27,Computing,Apex Desktop,750.0,1599.0,CUST-902,Customer 902,Education,France,EMEA,Paris,5,7995.0,5.0%,399.75,7595.25,3750.00,3845.25,50.6%,19.78,Standard,Delivered,5
10-03-2026,13-03-2026,BE-11470,Online,Medium,PROD-MOB-56,Mobile,Quantum Phone X,400.0,899.0,CUST-362,Customer 362,Consumer,Canada,NA,Toronto,6,5394.0,0.0%,0.00,5394.00,2400.00,2994.00,55.5%,16.67,Overnight,Delivered,4
15-11-2025,16-11-2025,BE-11471,Online,Medium,PROD-COM-81,Computing,Apex Desktop,750.0,1599.0,CUST-997,Customer 997,Education,Brazil,LATAM,Sao Paulo,5,7995.0,0.0%,0.00,7995.00,3750.00,4245.00,53.1%,19.45,Overnight,Delivered,5
18-01-2024,22-01-2024,BE-11472,Distributor,Low,PROD-WEA-27,Wearables,FitTrack Watch,50.0,149.0,CUST-763,Customer 763,Consumer,Brazil,LATAM,Sao Paulo,14,2086.0,15.0%,312.90,1773.10,700.00,1073.10,60.5%,42.52,Overnight,Delivered,5
15-04-2026,19-04-2026,BE-11473,Distributor,Medium,PROD-COM-15,Computing,Pro Monitor 27,120.0,279.0,CUST-572,Customer 572,Education,Mexico,LATAM,Mexico City,5,1395.0,5.0%,69.75,1325.25,600.00,725.25,54.7%,23.88,Standard,Delayed,5
24-01-2026,26-01-2026,BE-11474,Online,Critical,PROD-SMA-89,Smart Home,Omni Speaker,25.0,69.0,CUST-502,Customer 502,Consumer,USA,NA,Los Angeles,5,345.0,0.0%,0.00,345.00,125.00,220.00,63.8%,12.23,Overnight,Delivered,5
23-01-2026,24-01-2026,BE-11475,Distributor,Low,PROD-AUD-90,Audio,Aero Headphones,80.0,199.0,CUST-593,Customer 593,Education,Mexico,LATAM,Mexico City,6,1194.0,10.0%,119.40,1074.60,480.00,594.60,55.3%,28.17,Express,Returned,5
14-01-2025,17-01-2025,BE-11476,In-Store,Medium,PROD-COM-48,Computing,Pro Monitor 27,120.0,279.0,CUST-389,Customer 389,Education,India,APAC,Mumbai,11,3069.0,5.0%,153.45,2915.55,1320.00,1595.55,54.7%,52.93,Standard,Delivered,5
10-03-2026,14-03-2026,BE-11477,Online,Medium,PROD-MOB-70,Mobile,Alpha Lite,150.0,349.0,CUST-854,Customer 854,Corporate,Germany,EMEA,Berlin,4,1396.0,0.0%,0.00,1396.00,600.00,796.00,57.0%,10.03,Overnight,Delivered,3
16-01-2024,19-01-2024,BE-11478,Distributor,Low,PROD-SMA-45,Smart Home,Beacon Camera,35.0,99.0,CUST-333,Customer 333,Corporate,UK,EMEA,London,12,1188.0,5.0%,59.40,1128.60,420.00,708.60,62.8%,36.52,Express,Delivered,1
18-08-2024,22-08-2024,BE-11479,Distributor,Medium,PROD-COM-86,Computing,Pro Monitor 27,120.0,279.0,CUST-495,Customer 495,Education,Japan,APAC,Tokyo,5,1395.0,0.0%,0.00,1395.00,600.00,795.00,57.0%,14.14,Overnight,Delivered,1
30-04-2026,04-05-2026,BE-11480,In-Store,High,PROD-MOB-90,Mobile,Quantum Phone X,400.0,899.0,CUST-839,Customer 839,Consumer,USA,NA,New York,4,3596.0,0.0%,0.00,3596.00,1600.00,1996.00,55.5%,19.80,Express,Delivered,5
02-01-2026,05-01-2026,BE-11481,Distributor,Medium,PROD-SMA-18,Smart Home,Omni Speaker,25.0,69.0,CUST-875,Customer 875,Consumer,Mexico,LATAM,Mexico City,9,621.0,0.0%,0.00,621.00,225.00,396.00,63.8%,32.94,Standard,Delivered,5
15-02-2025,17-02-2025,BE-11482,Online,Low,PROD-AUD-24,Audio,Wave Soundbar,110.0,299.0,CUST-945,Customer 945,Education,USA,NA,Los Angeles,14,4186.0,5.0%,209.30,3976.70,1540.00,2436.70,61.3%,50.13,Overnight,Returned,4
28-02-2024,01-03-2024,BE-11483,Distributor,Low,PROD-COM-91,Computing,Titan Laptop,600.0,1299.0,CUST-339,Customer 339,Education,USA,NA,New York,14,18186.0,0.0%,0.00,18186.00,8400.00,9786.00,53.8%,33.44,Standard,Delivered,4
31-10-2024,04-11-2024,BE-11484,Distributor,Medium,PROD-SMA-87,Smart Home,Beacon Camera,35.0,99.0,CUST-908,Customer 908,Consumer,India,APAC,Mumbai,11,1089.0,5.0%,54.45,1034.55,385.00,649.55,62.8%,36.67,Express,Delivered,5
02-12-2024,08-12-2024,BE-11485,In-Store,High,PROD-MOB-81,Mobile,Alpha Lite,150.0,349.0,CUST-157,Customer 157,Consumer,India,APAC,Mumbai,6,2094.0,0.0%,0.00,2094.00,900.00,1194.00,57.0%,21.43,Overnight,Returned,4
13-06-2026,17-06-2026,BE-11486,Distributor,Critical,PROD-MOB-52,Mobile,Quantum Phone X,400.0,899.0,CUST-240,Customer 240,Corporate,Brazil,LATAM,Sao Paulo,4,3596.0,0.0%,0.00,3596.00,1600.00,1996.00,55.5%,18.38,Overnight,Delivered,5
03-08-2025,06-08-2025,BE-11487,Distributor,High,PROD-COM-53,Computing,Pro Monitor 27,120.0,279.0,CUST-254,Customer 254,Corporate,Mexico,LATAM,Mexico City,13,3627.0,0.0%,0.00,3627.00,1560.00,2067.00,57.0%,57.65,Overnight,Delivered,5
05-11-2024,09-11-2024,BE-11488,Online,Critical,PROD-MOB-52,Mobile,Quantum Phone X,400.0,899.0,CUST-467,Customer 467,Corporate,UK,EMEA,London,12,10788.0,0.0%,0.00,10788.00,4800.00,5988.00,55.5%,38.87,Standard,Delivered,3
01-12-2024,04-12-2024,BE-11489,In-Store,Low,PROD-MOB-11,Mobile,Alpha Lite,150.0,349.0,CUST-898,Customer 898,Education,Australia,APAC,Sydney,4,1396.0,0.0%,0.00,1396.00,600.00,796.00,57.0%,18.98,Overnight,Delivered,3
23-07-2025,24-07-2025,BE-11490,Online,Critical,PROD-AUD-24,Audio,Wave Soundbar,110.0,299.0,CUST-443,Customer 443,Education,USA,NA,New York,8,2392.0,0.0%,0.00,2392.00,880.00,1512.00,63.2%,23.67,Express,Delivered,4
04-06-2025,07-06-2025,BE-11491,In-Store,Medium,PROD-AUD-12,Audio,NeoBuds Pro,45.0,120.0,CUST-498,Customer 498,Education,USA,NA,New York,8,960.0,0.0%,0.00,960.00,360.00,600.00,62.5%,37.96,Standard,Delivered,5
07-11-2025,11-11-2025,BE-11492,Distributor,Medium,PROD-COM-95,Computing,Titan Laptop,600.0,1299.0,CUST-543,Customer 543,Corporate,Mexico,LATAM,Mexico City,6,7794.0,15.0%,1169.10,6624.90,3600.00,3024.90,45.7%,22.08,Express,Delivered,4
05-03-2026,08-03-2026,BE-11493,Distributor,Critical,PROD-SMA-56,Smart Home,Omni Speaker,25.0,69.0,CUST-617,Customer 617,Corporate,France,EMEA,Paris,13,897.0,20.0%,179.40,717.60,325.00,392.60,54.7%,40.16,Overnight,Delivered,5
24-05-2024,27-05-2024,BE-11494,In-Store,High,PROD-MOB-42,Mobile,Quantum Phone X,400.0,899.0,CUST-496,Customer 496,Consumer,Japan,APAC,Tokyo,7,6293.0,5.0%,314.65,5978.35,2800.00,3178.35,53.2%,21.58,Overnight,Delivered,3
29-11-2024,30-11-2024,BE-11495,Distributor,High,PROD-WEA-66,Wearables,FitTrack Watch,50.0,149.0,CUST-270,Customer 270,Education,Brazil,LATAM,Sao Paulo,10,1490.0,10.0%,149.00,1341.00,500.00,841.00,62.7%,25.31,Express,Delayed,4
31-08-2024,03-09-2024,BE-11496,Online,Medium,PROD-WEA-16,Wearables,Aura Smart Ring,70.0,199.0,CUST-593,Customer 593,Consumer,India,APAC,Mumbai,13,2587.0,0.0%,0.00,2587.00,910.00,1677.00,64.8%,28.48,Standard,Delayed,4
02-12-2025,06-12-2025,BE-11497,Online,Medium,PROD-WEA-10,Wearables,FitTrack Watch,50.0,149.0,CUST-897,Customer 897,Education,USA,NA,Los Angeles,7,1043.0,0.0%,0.00,1043.00,350.00,693.00,66.4%,17.42,Overnight,Delivered,5
19-11-2024,24-11-2024,BE-11498,Online,Medium,PROD-AUD-32,Audio,NeoBuds Pro,45.0,120.0,CUST-446,Customer 446,Education,UK,EMEA,London,12,1440.0,15.0%,216.00,1224.00,540.00,684.00,55.9%,30.07,Express,Delivered,5
21-09-2024,25-09-2024,BE-11499,Online,High,PROD-MOB-42,Mobile,Alpha Lite,150.0,349.0,CUST-984,Customer 984,Corporate,Canada,NA,Toronto,12,4188.0,0.0%,0.00,4188.00,1800.00,2388.00,57.0%,29.20,Standard,Delivered,5
26-06-2024,30-06-2024,BE-11500,In-Store,Low,PROD-WEA-47,Wearables,FitTrack Watch,50.0,149.0,CUST-847,Customer 847,Education,Germany,EMEA,Berlin,1,149.0,0.0%,0.00,149.00,50.00,99.00,66.4%,4.85,Express,Delivered,4
30-10-2024,05-11-2024,BE-11501,Online,Medium,PROD-AUD-17,Audio,Aero Headphones,80.0,199.0,CUST-566,Customer 566,Education,Brazil,LATAM,Sao Paulo,9,1791.0,0.0%,0.00,1791.00,720.00,1071.00,59.8%,28.04,Overnight,Delivered,5
18-02-2024,21-02-2024,BE-11502,In-Store,Medium,PROD-AUD-19,Audio,Aero Headphones,80.0,199.0,CUST-711,Customer 711,Consumer,USA,NA,Los Angeles,11,2189.0,0.0%,0.00,2189.00,880.00,1309.00,59.8%,26.87,Express,Delayed,5
15-06-2025,22-06-2025,BE-11503,Online,Low,PROD-AUD-76,Audio,Wave Soundbar,110.0,299.0,CUST-108,Customer 108,Corporate,Mexico,LATAM,Mexico City,3,897.0,0.0%,0.00,897.00,330.00,567.00,63.2%,9.99,Express,Delivered,4
09-06-2024,12-06-2024,BE-11504,Distributor,High,PROD-COM-66,Computing,Apex Desktop,750.0,1599.0,CUST-268,Customer 268,Consumer,UK,EMEA,London,13,20787.0,0.0%,0.00,20787.00,9750.00,11037.00,53.1%,62.15,Express,Delivered,4
03-04-2026,05-04-2026,BE-11505,Distributor,Medium,PROD-SMA-68,Smart Home,Beacon Camera,35.0,99.0,CUST-135,Customer 135,Corporate,USA,NA,Los Angeles,7,693.0,5.0%,34.65,658.35,245.00,413.35,62.8%,14.86,Express,Delivered,3
10-10-2025,11-10-2025,BE-11506,In-Store,Medium,PROD-SMA-80,Smart Home,Omni Speaker,25.0,69.0,CUST-388,Customer 388,Corporate,France,EMEA,Paris,7,483.0,5.0%,24.15,458.85,175.00,283.85,61.9%,31.90,Standard,Delivered,5
18-04-2025,21-04-2025,BE-11507,In-Store,Medium,PROD-WEA-10,Wearables,FitTrack Watch,50.0,149.0,CUST-854,Customer 854,Education,USA,NA,New York,5,745.0,10.0%,74.50,670.50,250.00,420.50,62.7%,20.93,Standard,Delivered,5
25-01-2024,27-01-2024,BE-11508,Online,Critical,PROD-MOB-43,Mobile,Alpha Lite,150.0,349.0,CUST-914,Customer 914,Consumer,Mexico,LATAM,Mexico City,8,2792.0,0.0%,0.00,2792.00,1200.00,1592.00,57.0%,38.38,Standard,Delivered,5
28-05-2024,30-05-2024,BE-11509,In-Store,Medium,PROD-WEA-87,Wearables,Aura Smart Ring,70.0,199.0,CUST-735,Customer 735,Education,Australia,APAC,Sydney,11,2189.0,5.0%,109.45,2079.55,770.00,1309.55,63.0%,34.72,Express,Delayed,4
07-11-2024,11-11-2024,BE-11510,In-Store,Medium,PROD-MOB-75,Mobile,Quantum Phone X,400.0,899.0,CUST-224,Customer 224,Corporate,Japan,APAC,Tokyo,7,6293.0,0.0%,0.00,6293.00,2800.00,3493.00,55.5%,27.25,Standard,Delivered,3
20-12-2024,21-12-2024,BE-11511,Distributor,High,PROD-SMA-53,Smart Home,Omni Speaker,25.0,69.0,CUST-989,Customer 989,Consumer,Canada,NA,Toronto,11,759.0,15.0%,113.85,645.15,275.00,370.15,57.4%,40.21,Overnight,Delivered,1
15-01-2025,19-01-2025,BE-11512,In-Store,Low,PROD-COM-18,Computing,Apex Desktop,750.0,1599.0,CUST-629,Customer 629,Consumer,Japan,APAC,Tokyo,4,6396.0,0.0%,0.00,6396.00,3000.00,3396.00,53.1%,14.74,Overnight,Delivered,5
12-01-2025,16-01-2025,BE-11513,Distributor,High,PROD-MOB-85,Mobile,Alpha Lite,150.0,349.0,CUST-720,Customer 720,Corporate,Japan,APAC,Tokyo,7,2443.0,15.0%,366.45,2076.55,1050.00,1026.55,49.4%,23.34,Express,Delivered,5
16-07-2025,20-07-2025,BE-11514,In-Store,High,PROD-MOB-58,Mobile,Quantum Phone X,400.0,899.0,CUST-537,Customer 537,Consumer,Brazil,LATAM,Sao Paulo,3,2697.0,15.0%,404.55,2292.45,1200.00,1092.45,47.7%,9.31,Overnight,Delivered,5
20-11-2024,22-11-2024,BE-11515,In-Store,High,PROD-SMA-59,Smart Home,Omni Speaker,25.0,69.0,CUST-832,Customer 832,Corporate,Japan,APAC,Tokyo,10,690.0,0.0%,0.00,690.00,250.00,440.00,63.8%,21.52,Express,Delivered,4
29-12-2025,03-01-2026,BE-11516,In-Store,Medium,PROD-COM-97,Computing,Pro Monitor 27,120.0,279.0,CUST-145,Customer 145,Corporate,USA,NA,Los Angeles,8,2232.0,15.0%,334.80,1897.20,960.00,937.20,49.4%,29.47,Overnight,Delivered,4
19-04-2024,21-04-2024,BE-11517,Distributor,Critical,PROD-COM-96,Computing,Pro Monitor 27,120.0,279.0,CUST-844,Customer 844,Consumer,India,APAC,Mumbai,13,3627.0,20.0%,725.40,2901.60,1560.00,1341.60,46.2%,44.57,Overnight,Delivered,2
18-09-2024,21-09-2024,BE-11518,In-Store,Medium,PROD-AUD-11,Audio,NeoBuds Pro,45.0,120.0,CUST-997,Customer 997,Corporate,Brazil,LATAM,Sao Paulo,4,480.0,10.0%,48.00,432.00,180.00,252.00,58.3%,14.30,Express,Delivered,3
24-05-2026,26-05-2026,BE-11519,Online,Medium,PROD-SMA-25,Smart Home,Beacon Camera,35.0,99.0,CUST-978,Customer 978,Education,UK,EMEA,London,7,693.0,15.0%,103.95,589.05,245.00,344.05,58.4%,24.66,Standard,Delivered,4
12-06-2026,19-06-2026,BE-11520,Online,Low,PROD-COM-23,Computing,Apex Desktop,750.0,1599.0,CUST-221,Customer 221,Corporate,Australia,APAC,Sydney,3,4797.0,5.0%,239.85,4557.15,2250.00,2307.15,50.6%,14.10,Express,Delivered,4
12-08-2025,15-08-2025,BE-11521,Online,Medium,PROD-COM-80,Computing,Apex Desktop,750.0,1599.0,CUST-494,Customer 494,Corporate,Australia,APAC,Sydney,3,4797.0,10.0%,479.70,4317.30,2250.00,2067.30,47.9%,9.35,Standard,Delivered,1
30-03-2026,04-04-2026,BE-11522,In-Store,High,PROD-AUD-95,Audio,Wave Soundbar,110.0,299.0,CUST-520,Customer 520,Education,Germany,EMEA,Berlin,4,1196.0,5.0%,59.80,1136.20,440.00,696.20,61.3%,15.17,Express,Delivered,1
08-01-2025,11-01-2025,BE-11523,Online,High,PROD-SMA-39,Smart Home,Omni Speaker,25.0,69.0,CUST-297,Customer 297,Consumer,Mexico,LATAM,Mexico City,6,414.0,5.0%,20.70,393.30,150.00,243.30,61.9%,20.21,Overnight,Delivered,5
15-01-2025,21-01-2025,BE-11524,Online,Critical,PROD-AUD-78,Audio,Wave Soundbar,110.0,299.0,CUST-647,Customer 647,Corporate,India,APAC,Mumbai,12,3588.0,0.0%,0.00,3588.00,1320.00,2268.00,63.2%,47.79,Overnight,Delivered,5
07-12-2024,10-12-2024,BE-11525,In-Store,Low,PROD-SMA-78,Smart Home,Beacon Camera,35.0,99.0,CUST-502,Customer 502,Education,Japan,APAC,Tokyo,5,495.0,0.0%,0.00,495.00,175.00,320.00,64.7%,11.82,Express,Delivered,5
26-05-2026,29-05-2026,BE-11526,Distributor,Medium,PROD-WEA-16,Wearables,FitTrack Watch,50.0,149.0,CUST-735,Customer 735,Corporate,UK,EMEA,London,12,1788.0,0.0%,0.00,1788.00,600.00,1188.00,66.4%,39.72,Overnight,Delivered,5
19-02-2025,21-02-2025,BE-11527,Online,Medium,PROD-SMA-26,Smart Home,Omni Speaker,25.0,69.0,CUST-302,Customer 302,Corporate,India,APAC,Mumbai,3,207.0,0.0%,0.00,207.00,75.00,132.00,63.8%,10.38,Standard,Delivered,4
13-01-2024,16-01-2024,BE-11528,In-Store,High,PROD-SMA-40,Smart Home,Omni Speaker,25.0,69.0,CUST-800,Customer 800,Consumer,Brazil,LATAM,Sao Paulo,3,207.0,5.0%,10.35,196.65,75.00,121.65,61.9%,14.67,Standard,Delivered,2
26-05-2025,29-05-2025,BE-11529,In-Store,Medium,PROD-AUD-44,Audio,Wave Soundbar,110.0,299.0,CUST-360,Customer 360,Corporate,UK,EMEA,London,9,2691.0,15.0%,403.65,2287.35,990.00,1297.35,56.7%,25.87,Express,Delivered,1
26-01-2024,30-01-2024,BE-11530,Online,Low,PROD-MOB-87,Mobile,Quantum Phone X,400.0,899.0,CUST-603,Customer 603,Education,Germany,EMEA,Berlin,7,6293.0,5.0%,314.65,5978.35,2800.00,3178.35,53.2%,28.40,Overnight,Delivered,2
31-10-2025,02-11-2025,BE-11531,In-Store,Medium,PROD-COM-31,Computing,Titan Laptop,600.0,1299.0,CUST-131,Customer 131,Education,Australia,APAC,Sydney,12,15588.0,0.0%,0.00,15588.00,7200.00,8388.00,53.8%,29.62,Express,Delivered,5
28-09-2025,02-10-2025,BE-11532,Online,Medium,PROD-COM-36,Computing,Pro Monitor 27,120.0,279.0,CUST-742,Customer 742,Consumer,USA,NA,Los Angeles,1,279.0,5.0%,13.95,265.05,120.00,145.05,54.7%,2.74,Express,Delivered,1
16-08-2024,19-08-2024,BE-11533,Online,High,PROD-WEA-33,Wearables,Aura Smart Ring,70.0,199.0,CUST-956,Customer 956,Education,USA,NA,Los Angeles,8,1592.0,0.0%,0.00,1592.00,560.00,1032.00,64.8%,34.61,Express,Delivered,4
08-03-2026,09-03-2026,BE-11534,Online,Medium,PROD-SMA-42,Smart Home,Omni Speaker,25.0,69.0,CUST-840,Customer 840,Corporate,Japan,APAC,Tokyo,5,345.0,0.0%,0.00,345.00,125.00,220.00,63.8%,17.98,Overnight,Delivered,4
12-09-2024,18-09-2024,BE-11535,Distributor,Medium,PROD-COM-16,Computing,Pro Monitor 27,120.0,279.0,CUST-471,Customer 471,Education,Brazil,LATAM,Sao Paulo,3,837.0,0.0%,0.00,837.00,360.00,477.00,57.0%,10.26,Standard,Delayed,5
25-08-2024,31-08-2024,BE-11536,In-Store,Medium,PROD-WEA-59,Wearables,Aura Smart Ring,70.0,199.0,CUST-414,Customer 414,Education,Australia,APAC,Sydney,11,2189.0,0.0%,0.00,2189.00,770.00,1419.00,64.8%,48.27,Overnight,Delivered,5
18-06-2024,20-06-2024,BE-11537,Distributor,Critical,PROD-COM-37,Computing,Apex Desktop,750.0,1599.0,CUST-879,Customer 879,Consumer,Canada,NA,Toronto,10,15990.0,10.0%,1599.00,14391.00,7500.00,6891.00,47.9%,23.45,Overnight,Delivered,5
16-02-2024,21-02-2024,BE-11538,In-Store,High,PROD-COM-24,Computing,Titan Laptop,600.0,1299.0,CUST-714,Customer 714,Corporate,UK,EMEA,London,11,14289.0,10.0%,1428.90,12860.10,6600.00,6260.10,48.7%,25.40,Express,Delivered,3
07-04-2025,12-04-2025,BE-11539,Distributor,Low,PROD-MOB-91,Mobile,Quantum Phone X,400.0,899.0,CUST-342,Customer 342,Education,France,EMEA,Paris,4,3596.0,10.0%,359.60,3236.40,1600.00,1636.40,50.6%,17.95,Standard,Delivered,3
18-07-2025,20-07-2025,BE-11540,Distributor,Low,PROD-COM-74,Computing,Apex Desktop,750.0,1599.0,CUST-161,Customer 161,Education,Canada,NA,Toronto,8,12792.0,0.0%,0.00,12792.00,6000.00,6792.00,53.1%,23.70,Standard,Delivered,3
13-01-2026,15-01-2026,BE-11541,Online,Low,PROD-COM-60,Computing,Titan Laptop,600.0,1299.0,CUST-185,Customer 185,Consumer,Brazil,LATAM,Sao Paulo,2,2598.0,15.0%,389.70,2208.30,1200.00,1008.30,45.7%,6.03,Standard,Delivered,2
10-05-2026,13-05-2026,BE-11542,Distributor,High,PROD-SMA-89,Smart Home,Beacon Camera,35.0,99.0,CUST-613,Customer 613,Consumer,India,APAC,Mumbai,7,693.0,0.0%,0.00,693.00,245.00,448.00,64.7%,29.49,Express,Delivered,5
02-12-2024,04-12-2024,BE-11543,In-Store,Critical,PROD-MOB-36,Mobile,Alpha Lite,150.0,349.0,CUST-157,Customer 157,Education,Mexico,LATAM,Mexico City,9,3141.0,0.0%,0.00,3141.00,1350.00,1791.00,57.0%,22.40,Overnight,Delivered,3
23-03-2024,27-03-2024,BE-11544,Distributor,Critical,PROD-AUD-26,Audio,NeoBuds Pro,45.0,120.0,CUST-490,Customer 490,Consumer,Brazil,LATAM,Sao Paulo,8,960.0,20.0%,192.00,768.00,360.00,408.00,53.1%,20.35,Express,Delivered,5
16-02-2026,17-02-2026,BE-11545,Online,Critical,PROD-MOB-46,Mobile,Quantum Phone X,400.0,899.0,CUST-247,Customer 247,Corporate,Japan,APAC,Tokyo,3,2697.0,5.0%,134.85,2562.15,1200.00,1362.15,53.2%,13.82,Overnight,Delivered,5
27-10-2024,28-10-2024,BE-11546,In-Store,Medium,PROD-SMA-90,Smart Home,Beacon Camera,35.0,99.0,CUST-893,Customer 893,Corporate,Australia,APAC,Sydney,4,396.0,10.0%,39.60,356.40,140.00,216.40,60.7%,16.02,Express,Delivered,5
03-05-2024,07-05-2024,BE-11547,Distributor,High,PROD-WEA-26,Wearables,Aura Smart Ring,70.0,199.0,CUST-520,Customer 520,Consumer,USA,NA,New York,6,1194.0,0.0%,0.00,1194.00,420.00,774.00,64.8%,29.62,Express,Delivered,3
14-09-2024,16-09-2024,BE-11548,Distributor,Medium,PROD-WEA-41,Wearables,FitTrack Watch,50.0,149.0,CUST-953,Customer 953,Education,India,APAC,Mumbai,6,894.0,0.0%,0.00,894.00,300.00,594.00,66.4%,24.77,Standard,Delivered,5
18-11-2024,21-11-2024,BE-11549,Distributor,Low,PROD-AUD-20,Audio,Aero Headphones,80.0,199.0,CUST-483,Customer 483,Consumer,India,APAC,Mumbai,13,2587.0,0.0%,0.00,2587.00,1040.00,1547.00,59.8%,38.73,Express,Delivered,3
20-08-2024,21-08-2024,BE-11550,Distributor,Medium,PROD-AUD-49,Audio,Aero Headphones,80.0,199.0,CUST-959,Customer 959,Corporate,UK,EMEA,London,9,1791.0,0.0%,0.00,1791.00,720.00,1071.00,59.8%,38.40,Express,Delivered,5
25-04-2024,27-04-2024,BE-11551,In-Store,Medium,PROD-WEA-75,Wearables,Aura Smart Ring,70.0,199.0,CUST-241,Customer 241,Consumer,Japan,APAC,Tokyo,9,1791.0,0.0%,0.00,1791.00,630.00,1161.00,64.8%,23.28,Standard,Delivered,5
11-05-2024,15-05-2024,BE-11552,Distributor,Critical,PROD-COM-90,Computing,Pro Monitor 27,120.0,279.0,CUST-810,Customer 810,Education,India,APAC,Mumbai,5,1395.0,15.0%,209.25,1185.75,600.00,585.75,49.4%,20.03,Standard,Delivered,2
03-04-2026,05-04-2026,BE-11553,Online,Medium,PROD-WEA-25,Wearables,Aura Smart Ring,70.0,199.0,CUST-274,Customer 274,Consumer,Japan,APAC,Tokyo,11,2189.0,0.0%,0.00,2189.00,770.00,1419.00,64.8%,37.49,Overnight,Delivered,5
03-04-2024,06-04-2024,BE-11554,Online,Medium,PROD-WEA-68,Wearables,FitTrack Watch,50.0,149.0,CUST-445,Customer 445,Consumer,USA,NA,New York,7,1043.0,10.0%,104.30,938.70,350.00,588.70,62.7%,15.77,Express,Delivered,2
10-01-2024,13-01-2024,BE-11555,In-Store,High,PROD-SMA-51,Smart Home,Beacon Camera,35.0,99.0,CUST-954,Customer 954,Corporate,France,EMEA,Paris,3,297.0,0.0%,0.00,297.00,105.00,192.00,64.7%,11.37,Standard,Delayed,1
05-11-2025,09-11-2025,BE-11556,In-Store,High,PROD-SMA-47,Smart Home,Beacon Camera,35.0,99.0,CUST-345,Customer 345,Consumer,India,APAC,Mumbai,14,1386.0,0.0%,0.00,1386.00,490.00,896.00,64.7%,67.18,Standard,Delivered,5
28-08-2025,30-08-2025,BE-11557,Distributor,High,PROD-SMA-65,Smart Home,Omni Speaker,25.0,69.0,CUST-641,Customer 641,Education,UK,EMEA,London,10,690.0,20.0%,138.00,552.00,250.00,302.00,54.7%,36.67,Overnight,Delivered,4
19-04-2025,23-04-2025,BE-11558,Distributor,Low,PROD-SMA-38,Smart Home,Omni Speaker,25.0,69.0,CUST-818,Customer 818,Corporate,USA,NA,Los Angeles,6,414.0,0.0%,0.00,414.00,150.00,264.00,63.8%,13.35,Standard,Returned,4
25-01-2026,01-02-2026,BE-11559,Distributor,Medium,PROD-AUD-21,Audio,Wave Soundbar,110.0,299.0,CUST-296,Customer 296,Corporate,France,EMEA,Paris,10,2990.0,0.0%,0.00,2990.00,1100.00,1890.00,63.2%,46.52,Standard,Delivered,4
05-03-2025,10-03-2025,BE-11560,In-Store,Medium,PROD-SMA-20,Smart Home,Omni Speaker,25.0,69.0,CUST-822,Customer 822,Corporate,Germany,EMEA,Berlin,8,552.0,15.0%,82.80,469.20,200.00,269.20,57.4%,22.76,Standard,Delivered,4
13-01-2025,16-01-2025,BE-11561,Online,High,PROD-MOB-52,Mobile,Quantum Phone X,400.0,899.0,CUST-671,Customer 671,Education,France,EMEA,Paris,13,11687.0,0.0%,0.00,11687.00,5200.00,6487.00,55.5%,31.83,Express,Delivered,4
13-03-2025,15-03-2025,BE-11562,Online,Critical,PROD-COM-31,Computing,Apex Desktop,750.0,1599.0,CUST-741,Customer 741,Consumer,Germany,EMEA,Berlin,3,4797.0,0.0%,0.00,4797.00,2250.00,2547.00,53.1%,8.01,Standard,Delivered,5
04-02-2025,05-02-2025,BE-11563,Distributor,High,PROD-WEA-80,Wearables,Aura Smart Ring,70.0,199.0,CUST-554,Customer 554,Corporate,UK,EMEA,London,11,2189.0,20.0%,437.80,1751.20,770.00,981.20,56.0%,23.98,Overnight,Delivered,3
10-01-2025,12-01-2025,BE-11564,Distributor,Low,PROD-AUD-92,Audio,Aero Headphones,80.0,199.0,CUST-227,Customer 227,Education,USA,NA,Los Angeles,7,1393.0,0.0%,0.00,1393.00,560.00,833.00,59.8%,22.69,Overnight,Delivered,3
09-11-2024,13-11-2024,BE-11565,Online,Critical,PROD-WEA-17,Wearables,Aura Smart Ring,70.0,199.0,CUST-969,Customer 969,Corporate,France,EMEA,Paris,8,1592.0,0.0%,0.00,1592.00,560.00,1032.00,64.8%,31.67,Standard,Delivered,4
10-06-2026,14-06-2026,BE-11566,Distributor,Medium,PROD-AUD-83,Audio,Aero Headphones,80.0,199.0,CUST-815,Customer 815,Corporate,France,EMEA,Paris,4,796.0,15.0%,119.40,676.60,320.00,356.60,52.7%,18.04,Overnight,Delivered,3
22-01-2024,26-01-2024,BE-11567,Online,Medium,PROD-MOB-94,Mobile,Alpha Lite,150.0,349.0,CUST-365,Customer 365,Consumer,Australia,APAC,Sydney,6,2094.0,0.0%,0.00,2094.00,900.00,1194.00,57.0%,28.51,Express,Delivered,4
10-01-2025,14-01-2025,BE-11568,Online,Medium,PROD-WEA-60,Wearables,Aura Smart Ring,70.0,199.0,CUST-471,Customer 471,Corporate,Mexico,LATAM,Mexico City,10,1990.0,5.0%,99.50,1890.50,700.00,1190.50,63.0%,47.61,Overnight,Delivered,3
31-12-2024,03-01-2025,BE-11569,Distributor,High,PROD-MOB-32,Mobile,Quantum Phone X,400.0,899.0,CUST-384,Customer 384,Education,USA,NA,Los Angeles,14,12586.0,10.0%,1258.60,11327.40,5600.00,5727.40,50.6%,39.49,Standard,Delivered,5
19-12-2025,22-12-2025,BE-11570,In-Store,Medium,PROD-WEA-58,Wearables,FitTrack Watch,50.0,149.0,CUST-646,Customer 646,Consumer,Australia,APAC,Sydney,9,1341.0,0.0%,0.00,1341.00,450.00,891.00,66.4%,29.35,Standard,Delivered,5
25-03-2025,31-03-2025,BE-11571,Distributor,Medium,PROD-AUD-95,Audio,NeoBuds Pro,45.0,120.0,CUST-731,Customer 731,Education,Mexico,LATAM,Mexico City,11,1320.0,10.0%,132.00,1188.00,495.00,693.00,58.3%,31.68,Standard,Delivered,5
16-06-2025,19-06-2025,BE-11572,In-Store,Medium,PROD-MOB-26,Mobile,Alpha Lite,150.0,349.0,CUST-134,Customer 134,Education,Australia,APAC,Sydney,3,1047.0,0.0%,0.00,1047.00,450.00,597.00,57.0%,14.00,Standard,Delivered,3
18-09-2024,22-09-2024,BE-11573,In-Store,High,PROD-SMA-71,Smart Home,Beacon Camera,35.0,99.0,CUST-942,Customer 942,Education,USA,NA,New York,11,1089.0,0.0%,0.00,1089.00,385.00,704.00,64.7%,47.05,Express,Delivered,4
01-07-2024,05-07-2024,BE-11574,In-Store,Medium,PROD-MOB-52,Mobile,Quantum Phone X,400.0,899.0,CUST-158,Customer 158,Consumer,Australia,APAC,Sydney,12,10788.0,5.0%,539.40,10248.60,4800.00,5448.60,53.2%,58.90,Express,Delayed,5
17-05-2025,21-05-2025,BE-11575,In-Store,Critical,PROD-MOB-10,Mobile,Quantum Phone X,400.0,899.0,CUST-716,Customer 716,Education,Germany,EMEA,Berlin,4,3596.0,0.0%,0.00,3596.00,1600.00,1996.00,55.5%,15.19,Standard,Delayed,5
25-08-2025,29-08-2025,BE-11576,Distributor,Critical,PROD-WEA-95,Wearables,Aura Smart Ring,70.0,199.0,CUST-456,Customer 456,Consumer,Australia,APAC,Sydney,7,1393.0,15.0%,208.95,1184.05,490.00,694.05,58.6%,19.82,Express,Delivered,4
10-05-2024,13-05-2024,BE-11577,In-Store,Medium,PROD-MOB-67,Mobile,Quantum Phone X,400.0,899.0,CUST-361,Customer 361,Consumer,Japan,APAC,Tokyo,1,899.0,0.0%,0.00,899.00,400.00,499.00,55.5%,2.80,Overnight,Delivered,4
08-08-2025,10-08-2025,BE-11578,Distributor,Low,PROD-SMA-12,Smart Home,Omni Speaker,25.0,69.0,CUST-892,Customer 892,Corporate,Mexico,LATAM,Mexico City,14,966.0,15.0%,144.90,821.10,350.00,471.10,57.4%,62.63,Overnight,Delivered,5
02-04-2024,06-04-2024,BE-11579,In-Store,Medium,PROD-MOB-81,Mobile,Quantum Phone X,400.0,899.0,CUST-424,Customer 424,Consumer,UK,EMEA,London,10,8990.0,0.0%,0.00,8990.00,4000.00,4990.00,55.5%,26.71,Express,Delivered,4
25-02-2026,27-02-2026,BE-11580,In-Store,High,PROD-WEA-21,Wearables,Aura Smart Ring,70.0,199.0,CUST-635,Customer 635,Consumer,Mexico,LATAM,Mexico City,12,2388.0,15.0%,358.20,2029.80,840.00,1189.80,58.6%,43.30,Overnight,Delivered,5
12-01-2024,17-01-2024,BE-11581,In-Store,Medium,PROD-WEA-22,Wearables,FitTrack Watch,50.0,149.0,CUST-277,Customer 277,Education,USA,NA,Los Angeles,4,596.0,0.0%,0.00,596.00,200.00,396.00,66.4%,18.01,Express,Delivered,4
22-10-2024,24-10-2024,BE-11582,Online,Medium,PROD-MOB-27,Mobile,Quantum Phone X,400.0,899.0,CUST-886,Customer 886,Corporate,France,EMEA,Paris,2,1798.0,15.0%,269.70,1528.30,800.00,728.30,47.7%,9.16,Overnight,Delivered,5
19-07-2024,23-07-2024,BE-11583,In-Store,High,PROD-AUD-78,Audio,Aero Headphones,80.0,199.0,CUST-578,Customer 578,Corporate,USA,NA,Los Angeles,2,398.0,0.0%,0.00,398.00,160.00,238.00,59.8%,4.38,Overnight,Delivered,5
19-10-2024,21-10-2024,BE-11584,Online,Medium,PROD-AUD-79,Audio,Wave Soundbar,110.0,299.0,CUST-801,Customer 801,Corporate,Mexico,LATAM,Mexico City,13,3887.0,10.0%,388.70,3498.30,1430.00,2068.30,59.1%,48.85,Overnight,Delivered,5
20-11-2024,24-11-2024,BE-11585,In-Store,Medium,PROD-SMA-41,Smart Home,Beacon Camera,35.0,99.0,CUST-811,Customer 811,Corporate,Mexico,LATAM,Mexico City,5,495.0,15.0%,74.25,420.75,175.00,245.75,58.4%,22.81,Express,Delivered,4
07-08-2025,14-08-2025,BE-11586,Online,Critical,PROD-WEA-90,Wearables,Aura Smart Ring,70.0,199.0,CUST-590,Customer 590,Corporate,USA,NA,New York,2,398.0,0.0%,0.00,398.00,140.00,258.00,64.8%,6.56,Express,Delivered,3
14-11-2025,16-11-2025,BE-11587,In-Store,High,PROD-WEA-22,Wearables,FitTrack Watch,50.0,149.0,CUST-409,Customer 409,Corporate,Brazil,LATAM,Sao Paulo,2,298.0,0.0%,0.00,298.00,100.00,198.00,66.4%,8.15,Overnight,Delivered,4
18-12-2025,20-12-2025,BE-11588,Distributor,Critical,PROD-COM-97,Computing,Pro Monitor 27,120.0,279.0,CUST-750,Customer 750,Corporate,Mexico,LATAM,Mexico City,14,3906.0,0.0%,0.00,3906.00,1680.00,2226.00,57.0%,52.44,Express,Delivered,3
16-03-2026,19-03-2026,BE-11589,In-Store,High,PROD-SMA-59,Smart Home,Beacon Camera,35.0,99.0,CUST-120,Customer 120,Education,Brazil,LATAM,Sao Paulo,3,297.0,20.0%,59.40,237.60,105.00,132.60,55.8%,6.20,Overnight,Delivered,5
02-11-2024,03-11-2024,BE-11590,In-Store,Critical,PROD-AUD-16,Audio,Wave Soundbar,110.0,299.0,CUST-414,Customer 414,Corporate,USA,NA,New York,7,2093.0,0.0%,0.00,2093.00,770.00,1323.00,63.2%,29.20,Standard,Delivered,3
01-01-2025,02-01-2025,BE-11591,Distributor,Medium,PROD-SMA-19,Smart Home,Beacon Camera,35.0,99.0,CUST-129,Customer 129,Education,Canada,NA,Toronto,12,1188.0,0.0%,0.00,1188.00,420.00,768.00,64.7%,37.03,Standard,Delivered,5
19-05-2024,22-05-2024,BE-11592,In-Store,Medium,PROD-WEA-50,Wearables,FitTrack Watch,50.0,149.0,CUST-422,Customer 422,Consumer,India,APAC,Mumbai,14,2086.0,0.0%,0.00,2086.00,700.00,1386.00,66.4%,42.12,Overnight,Delivered,5
05-06-2025,09-06-2025,BE-11593,Online,High,PROD-WEA-20,Wearables,FitTrack Watch,50.0,149.0,CUST-574,Customer 574,Education,France,EMEA,Paris,4,596.0,0.0%,0.00,596.00,200.00,396.00,66.4%,17.59,Standard,Delivered,5
27-01-2026,29-01-2026,BE-11594,In-Store,Medium,PROD-AUD-30,Audio,NeoBuds Pro,45.0,120.0,CUST-114,Customer 114,Education,Australia,APAC,Sydney,8,960.0,0.0%,0.00,960.00,360.00,600.00,62.5%,19.51,Express,Delivered,4
07-12-2024,13-12-2024,BE-11595,Online,Medium,PROD-MOB-26,Mobile,Alpha Lite,150.0,349.0,CUST-181,Customer 181,Consumer,Germany,EMEA,Berlin,7,2443.0,10.0%,244.30,2198.70,1050.00,1148.70,52.2%,15.97,Express,Delivered,5
24-08-2024,25-08-2024,BE-11596,Distributor,Medium,PROD-SMA-44,Smart Home,Omni Speaker,25.0,69.0,CUST-893,Customer 893,Education,USA,NA,New York,5,345.0,0.0%,0.00,345.00,125.00,220.00,63.8%,17.55,Express,Delivered,4
04-06-2025,07-06-2025,BE-11597,Distributor,Low,PROD-WEA-86,Wearables,Aura Smart Ring,70.0,199.0,CUST-239,Customer 239,Consumer,USA,NA,Los Angeles,9,1791.0,0.0%,0.00,1791.00,630.00,1161.00,64.8%,38.67,Overnight,Delivered,4
30-08-2024,02-09-2024,BE-11598,In-Store,High,PROD-WEA-61,Wearables,FitTrack Watch,50.0,149.0,CUST-153,Customer 153,Corporate,USA,NA,Los Angeles,13,1937.0,0.0%,0.00,1937.00,650.00,1287.00,66.4%,35.70,Overnight,Returned,3
26-01-2024,28-01-2024,BE-11599,Distributor,High,PROD-AUD-78,Audio,Aero Headphones,80.0,199.0,CUST-435,Customer 435,Consumer,UK,EMEA,London,4,796.0,0.0%,0.00,796.00,320.00,476.00,59.8%,17.78,Express,Delivered,4
24-04-2025,26-04-2025,BE-11600,Distributor,Medium,PROD-MOB-90,Mobile,Quantum Phone X,400.0,899.0,CUST-586,Customer 586,Education,Brazil,LATAM,Sao Paulo,8,7192.0,0.0%,0.00,7192.00,3200.00,3992.00,55.5%,27.48,Express,Returned,5
26-04-2024,01-05-2024,BE-11601,Online,Critical,PROD-AUD-13,Audio,Wave Soundbar,110.0,299.0,CUST-414,Customer 414,Corporate,Mexico,LATAM,Mexico City,12,3588.0,5.0%,179.40,3408.60,1320.00,2088.60,61.3%,37.62,Standard,Delivered,5
20-07-2025,25-07-2025,BE-11602,Online,Critical,PROD-AUD-11,Audio,Aero Headphones,80.0,199.0,CUST-678,Customer 678,Corporate,UK,EMEA,London,13,2587.0,10.0%,258.70,2328.30,1040.00,1288.30,55.3%,43.49,Overnight,Delivered,4
24-04-2026,27-04-2026,BE-11603,In-Store,Low,PROD-WEA-38,Wearables,Aura Smart Ring,70.0,199.0,CUST-352,Customer 352,Consumer,Australia,APAC,Sydney,4,796.0,0.0%,0.00,796.00,280.00,516.00,64.8%,18.10,Express,Returned,3
17-06-2025,22-06-2025,BE-11604,In-Store,Medium,PROD-MOB-52,Mobile,Quantum Phone X,400.0,899.0,CUST-550,Customer 550,Consumer,Japan,APAC,Tokyo,12,10788.0,0.0%,0.00,10788.00,4800.00,5988.00,55.5%,40.17,Express,Delivered,1
01-11-2024,03-11-2024,BE-11605,Distributor,High,PROD-WEA-97,Wearables,Aura Smart Ring,70.0,199.0,CUST-650,Customer 650,Corporate,India,APAC,Mumbai,14,2786.0,0.0%,0.00,2786.00,980.00,1806.00,64.8%,44.94,Standard,Delivered,1
22-12-2024,25-12-2024,BE-11606,Distributor,Critical,PROD-SMA-63,Smart Home,Omni Speaker,25.0,69.0,CUST-164,Customer 164,Consumer,USA,NA,Los Angeles,8,552.0,0.0%,0.00,552.00,200.00,352.00,63.8%,27.27,Overnight,Delivered,3
18-12-2024,21-12-2024,BE-11607,Distributor,Medium,PROD-SMA-76,Smart Home,Beacon Camera,35.0,99.0,CUST-795,Customer 795,Corporate,Germany,EMEA,Berlin,5,495.0,20.0%,99.00,396.00,175.00,221.00,55.8%,15.50,Overnight,Delivered,4
12-03-2024,18-03-2024,BE-11608,Online,Medium,PROD-MOB-70,Mobile,Alpha Lite,150.0,349.0,CUST-519,Customer 519,Education,France,EMEA,Paris,6,2094.0,15.0%,314.10,1779.90,900.00,879.90,49.4%,16.76,Standard,Delivered,4
04-04-2026,08-04-2026,BE-11609,In-Store,Medium,PROD-MOB-34,Mobile,Quantum Phone X,400.0,899.0,CUST-371,Customer 371,Education,USA,NA,Los Angeles,7,6293.0,15.0%,943.95,5349.05,2800.00,2549.05,47.7%,14.07,Express,Delivered,3
18-10-2024,22-10-2024,BE-11610,In-Store,Medium,PROD-AUD-52,Audio,Wave Soundbar,110.0,299.0,CUST-339,Customer 339,Corporate,Germany,EMEA,Berlin,4,1196.0,0.0%,0.00,1196.00,440.00,756.00,63.2%,18.40,Express,Delivered,5
10-05-2025,12-05-2025,BE-11611,In-Store,Medium,PROD-SMA-10,Smart Home,Omni Speaker,25.0,69.0,CUST-966,Customer 966,Education,Germany,EMEA,Berlin,2,138.0,10.0%,13.80,124.20,50.00,74.20,59.7%,5.72,Overnight,Delivered,1
08-05-2026,11-05-2026,BE-11612,Distributor,High,PROD-MOB-58,Mobile,Quantum Phone X,400.0,899.0,CUST-971,Customer 971,Corporate,USA,NA,New York,6,5394.0,5.0%,269.70,5124.30,2400.00,2724.30,53.2%,23.76,Overnight,Delayed,5
30-12-2024,05-01-2025,BE-11613,In-Store,Medium,PROD-SMA-40,Smart Home,Omni Speaker,25.0,69.0,CUST-789,Customer 789,Consumer,Brazil,LATAM,Sao Paulo,4,276.0,5.0%,13.80,262.20,100.00,162.20,61.9%,8.49,Standard,Delivered,5
15-03-2025,21-03-2025,BE-11614,In-Store,High,PROD-AUD-53,Audio,Wave Soundbar,110.0,299.0,CUST-567,Customer 567,Consumer,Germany,EMEA,Berlin,4,1196.0,0.0%,0.00,1196.00,440.00,756.00,63.2%,18.57,Standard,Delivered,5
19-12-2025,21-12-2025,BE-11615,Online,Low,PROD-MOB-13,Mobile,Quantum Phone X,400.0,899.0,CUST-788,Customer 788,Education,India,APAC,Mumbai,10,8990.0,0.0%,0.00,8990.00,4000.00,4990.00,55.5%,28.99,Standard,Delivered,4
14-01-2024,18-01-2024,BE-11616,Online,Low,PROD-AUD-67,Audio,Aero Headphones,80.0,199.0,CUST-179,Customer 179,Education,Japan,APAC,Tokyo,6,1194.0,10.0%,119.40,1074.60,480.00,594.60,55.3%,24.09,Overnight,Delivered,3
11-09-2025,13-09-2025,BE-11617,In-Store,Critical,PROD-COM-25,Computing,Titan Laptop,600.0,1299.0,CUST-911,Customer 911,Consumer,Canada,NA,Toronto,7,9093.0,15.0%,1363.95,7729.05,4200.00,3529.05,45.7%,33.65,Standard,Delivered,4
11-07-2025,14-07-2025,BE-11618,In-Store,Medium,PROD-WEA-54,Wearables,FitTrack Watch,50.0,149.0,CUST-166,Customer 166,Consumer,USA,NA,Los Angeles,11,1639.0,20.0%,327.80,1311.20,550.00,761.20,58.1%,34.70,Express,Delivered,4
04-11-2025,07-11-2025,BE-11619,Online,Critical,PROD-AUD-95,Audio,Aero Headphones,80.0,199.0,CUST-439,Customer 439,Corporate,France,EMEA,Paris,2,398.0,10.0%,39.80,358.20,160.00,198.20,55.3%,9.02,Overnight,Delivered,1
31-05-2025,07-06-2025,BE-11620,In-Store,Medium,PROD-WEA-78,Wearables,FitTrack Watch,50.0,149.0,CUST-154,Customer 154,Education,Germany,EMEA,Berlin,2,298.0,5.0%,14.90,283.10,100.00,183.10,64.7%,9.96,Express,Delivered,5
19-09-2025,23-09-2025,BE-11621,In-Store,Critical,PROD-AUD-65,Audio,Aero Headphones,80.0,199.0,CUST-908,Customer 908,Consumer,USA,NA,New York,13,2587.0,0.0%,0.00,2587.00,1040.00,1547.00,59.8%,39.02,Standard,Delivered,5
02-10-2025,08-10-2025,BE-11622,Distributor,Medium,PROD-MOB-51,Mobile,Alpha Lite,150.0,349.0,CUST-834,Customer 834,Education,France,EMEA,Paris,8,2792.0,15.0%,418.80,2373.20,1200.00,1173.20,49.4%,16.75,Standard,Delayed,4
05-05-2024,07-05-2024,BE-11623,In-Store,Medium,PROD-COM-51,Computing,Titan Laptop,600.0,1299.0,CUST-895,Customer 895,Consumer,USA,NA,New York,7,9093.0,0.0%,0.00,9093.00,4200.00,4893.00,53.8%,30.16,Standard,Delivered,4
13-04-2024,17-04-2024,BE-11624,In-Store,Medium,PROD-WEA-51,Wearables,FitTrack Watch,50.0,149.0,CUST-791,Customer 791,Corporate,UK,EMEA,London,5,745.0,0.0%,0.00,745.00,250.00,495.00,66.4%,22.35,Overnight,Delivered,5
03-04-2024,07-04-2024,BE-11625,Online,Low,PROD-SMA-67,Smart Home,Beacon Camera,35.0,99.0,CUST-650,Customer 650,Education,USA,NA,New York,8,792.0,0.0%,0.00,792.00,280.00,512.00,64.7%,30.53,Overnight,Delivered,5
09-06-2025,11-06-2025,BE-11626,Online,Medium,PROD-SMA-26,Smart Home,Beacon Camera,35.0,99.0,CUST-883,Customer 883,Consumer,USA,NA,Los Angeles,12,1188.0,10.0%,118.80,1069.20,420.00,649.20,60.7%,42.87,Overnight,Delayed,5
05-03-2026,08-03-2026,BE-11627,Online,Medium,PROD-COM-89,Computing,Titan Laptop,600.0,1299.0,CUST-256,Customer 256,Corporate,Brazil,LATAM,Sao Paulo,7,9093.0,0.0%,0.00,9093.00,4200.00,4893.00,53.8%,19.64,Express,Delivered,3
22-01-2026,24-01-2026,BE-11628,Online,Critical,PROD-AUD-84,Audio,Wave Soundbar,110.0,299.0,CUST-441,Customer 441,Education,Mexico,LATAM,Mexico City,10,2990.0,0.0%,0.00,2990.00,1100.00,1890.00,63.2%,45.75,Overnight,Returned,1
14-04-2024,16-04-2024,BE-11629,Distributor,Medium,PROD-MOB-69,Mobile,Quantum Phone X,400.0,899.0,CUST-894,Customer 894,Education,Canada,NA,Toronto,8,7192.0,0.0%,0.00,7192.00,3200.00,3992.00,55.5%,39.41,Express,Delivered,4
13-07-2025,16-07-2025,BE-11630,Online,Low,PROD-COM-78,Computing,Titan Laptop,600.0,1299.0,CUST-407,Customer 407,Consumer,Mexico,LATAM,Mexico City,4,5196.0,10.0%,519.60,4676.40,2400.00,2276.40,48.7%,15.57,Standard,Delivered,2
10-12-2025,16-12-2025,BE-11631,Online,Medium,PROD-WEA-33,Wearables,FitTrack Watch,50.0,149.0,CUST-492,Customer 492,Education,India,APAC,Mumbai,8,1192.0,0.0%,0.00,1192.00,400.00,792.00,66.4%,37.80,Overnight,Delivered,5
19-06-2025,21-06-2025,BE-11632,Distributor,High,PROD-SMA-90,Smart Home,Omni Speaker,25.0,69.0,CUST-725,Customer 725,Education,Japan,APAC,Tokyo,4,276.0,0.0%,0.00,276.00,100.00,176.00,63.8%,14.13,Express,Delivered,4
04-06-2024,06-06-2024,BE-11633,Distributor,High,PROD-COM-14,Computing,Titan Laptop,600.0,1299.0,CUST-141,Customer 141,Corporate,Canada,NA,Toronto,9,11691.0,5.0%,584.55,11106.45,5400.00,5706.45,51.4%,22.89,Overnight,Delivered,3
30-06-2024,02-07-2024,BE-11634,In-Store,Medium,PROD-MOB-92,Mobile,Quantum Phone X,400.0,899.0,CUST-426,Customer 426,Corporate,France,EMEA,Paris,4,3596.0,0.0%,0.00,3596.00,1600.00,1996.00,55.5%,12.64,Overnight,Delivered,4
30-06-2024,04-07-2024,BE-11635,In-Store,Medium,PROD-WEA-84,Wearables,FitTrack Watch,50.0,149.0,CUST-550,Customer 550,Education,Germany,EMEA,Berlin,3,447.0,0.0%,0.00,447.00,150.00,297.00,66.4%,6.35,Overnight,Delivered,5
27-01-2025,31-01-2025,BE-11636,Distributor,Medium,PROD-COM-34,Computing,Pro Monitor 27,120.0,279.0,CUST-502,Customer 502,Education,Brazil,LATAM,Sao Paulo,12,3348.0,0.0%,0.00,3348.00,1440.00,1908.00,57.0%,43.26,Express,Delivered,3
13-03-2025,16-03-2025,BE-11637,Distributor,Medium,PROD-SMA-24,Smart Home,Omni Speaker,25.0,69.0,CUST-812,Customer 812,Consumer,India,APAC,Mumbai,13,897.0,0.0%,0.00,897.00,325.00,572.00,63.8%,45.17,Standard,Delayed,4
06-08-2025,09-08-2025,BE-11638,Online,Critical,PROD-WEA-53,Wearables,Aura Smart Ring,70.0,199.0,CUST-588,Customer 588,Corporate,Mexico,LATAM,Mexico City,8,1592.0,5.0%,79.60,1512.40,560.00,952.40,63.0%,37.25,Standard,Delivered,4
20-02-2024,22-02-2024,BE-11639,In-Store,High,PROD-COM-54,Computing,Pro Monitor 27,120.0,279.0,CUST-732,Customer 732,Education,Mexico,LATAM,Mexico City,5,1395.0,0.0%,0.00,1395.00,600.00,795.00,57.0%,18.43,Overnight,Delivered,5
02-03-2025,06-03-2025,BE-11640,Online,Medium,PROD-COM-27,Computing,Pro Monitor 27,120.0,279.0,CUST-407,Customer 407,Corporate,USA,NA,Los Angeles,13,3627.0,0.0%,0.00,3627.00,1560.00,2067.00,57.0%,29.53,Overnight,Delivered,5
10-03-2026,11-03-2026,BE-11641,Online,High,PROD-MOB-97,Mobile,Alpha Lite,150.0,349.0,CUST-734,Customer 734,Corporate,Germany,EMEA,Berlin,11,3839.0,5.0%,191.95,3647.05,1650.00,1997.05,54.8%,54.48,Overnight,Delivered,4
21-05-2026,23-05-2026,BE-11642,Online,Medium,PROD-SMA-50,Smart Home,Omni Speaker,25.0,69.0,CUST-850,Customer 850,Corporate,UK,EMEA,London,9,621.0,5.0%,31.05,589.95,225.00,364.95,61.9%,29.82,Overnight,Delivered,5
28-11-2025,03-12-2025,BE-11643,Distributor,Medium,PROD-MOB-38,Mobile,Alpha Lite,150.0,349.0,CUST-527,Customer 527,Education,UK,EMEA,London,14,4886.0,0.0%,0.00,4886.00,2100.00,2786.00,57.0%,28.47,Overnight,Delayed,5
22-12-2025,25-12-2025,BE-11644,In-Store,Medium,PROD-MOB-71,Mobile,Alpha Lite,150.0,349.0,CUST-121,Customer 121,Consumer,Brazil,LATAM,Sao Paulo,10,3490.0,0.0%,0.00,3490.00,1500.00,1990.00,57.0%,30.80,Express,Delivered,5
05-03-2025,11-03-2025,BE-11645,In-Store,Medium,PROD-COM-70,Computing,Apex Desktop,750.0,1599.0,CUST-863,Customer 863,Consumer,Australia,APAC,Sydney,12,19188.0,10.0%,1918.80,17269.20,9000.00,8269.20,47.9%,44.94,Express,Delivered,5
30-08-2024,02-09-2024,BE-11646,Online,Critical,PROD-WEA-38,Wearables,Aura Smart Ring,70.0,199.0,CUST-505,Customer 505,Corporate,Australia,APAC,Sydney,11,2189.0,10.0%,218.90,1970.10,770.00,1200.10,60.9%,22.33,Express,Delivered,5
28-12-2025,01-01-2026,BE-11647,Distributor,Medium,PROD-SMA-92,Smart Home,Beacon Camera,35.0,99.0,CUST-888,Customer 888,Education,India,APAC,Mumbai,13,1287.0,0.0%,0.00,1287.00,455.00,832.00,64.7%,33.39,Overnight,Delivered,4
20-12-2024,23-12-2024,BE-11648,Online,High,PROD-MOB-23,Mobile,Alpha Lite,150.0,349.0,CUST-387,Customer 387,Education,Canada,NA,Toronto,12,4188.0,0.0%,0.00,4188.00,1800.00,2388.00,57.0%,28.49,Express,Delivered,1
01-02-2024,07-02-2024,BE-11649,Distributor,High,PROD-COM-19,Computing,Apex Desktop,750.0,1599.0,CUST-817,Customer 817,Corporate,Mexico,LATAM,Mexico City,2,3198.0,10.0%,319.80,2878.20,1500.00,1378.20,47.9%,6.07,Overnight,Delivered,4
01-10-2025,05-10-2025,BE-11650,Online,Critical,PROD-WEA-80,Wearables,FitTrack Watch,50.0,149.0,CUST-328,Customer 328,Corporate,USA,NA,New York,6,894.0,0.0%,0.00,894.00,300.00,594.00,66.4%,21.88,Standard,Delivered,2
11-06-2025,13-06-2025,BE-11651,In-Store,Medium,PROD-WEA-77,Wearables,Aura Smart Ring,70.0,199.0,CUST-450,Customer 450,Consumer,Mexico,LATAM,Mexico City,14,2786.0,20.0%,557.20,2228.80,980.00,1248.80,56.0%,63.21,Overnight,Delayed,4
13-01-2024,17-01-2024,BE-11652,Distributor,High,PROD-SMA-41,Smart Home,Omni Speaker,25.0,69.0,CUST-457,Customer 457,Consumer,Germany,EMEA,Berlin,7,483.0,15.0%,72.45,410.55,175.00,235.55,57.4%,25.71,Standard,Delivered,4
23-10-2024,27-10-2024,BE-11653,In-Store,Medium,PROD-SMA-66,Smart Home,Beacon Camera,35.0,99.0,CUST-397,Customer 397,Consumer,Canada,NA,Toronto,12,1188.0,0.0%,0.00,1188.00,420.00,768.00,64.7%,26.82,Express,Delayed,4
21-02-2026,23-02-2026,BE-11654,In-Store,High,PROD-SMA-48,Smart Home,Beacon Camera,35.0,99.0,CUST-452,Customer 452,Education,Mexico,LATAM,Mexico City,3,297.0,5.0%,14.85,282.15,105.00,177.15,62.8%,9.50,Overnight,Delivered,1
22-01-2024,23-01-2024,BE-11655,Online,High,PROD-WEA-30,Wearables,Aura Smart Ring,70.0,199.0,CUST-300,Customer 300,Consumer,Canada,NA,Toronto,10,1990.0,0.0%,0.00,1990.00,700.00,1290.00,64.8%,45.44,Overnight,Delivered,5
02-10-2024,06-10-2024,BE-11656,Distributor,Critical,PROD-WEA-10,Wearables,FitTrack Watch,50.0,149.0,CUST-670,Customer 670,Education,Brazil,LATAM,Sao Paulo,14,2086.0,0.0%,0.00,2086.00,700.00,1386.00,66.4%,38.21,Standard,Delivered,5
08-05-2024,11-05-2024,BE-11657,Online,High,PROD-SMA-63,Smart Home,Omni Speaker,25.0,69.0,CUST-905,Customer 905,Consumer,USA,NA,New York,3,207.0,0.0%,0.00,207.00,75.00,132.00,63.8%,7.35,Overnight,Delivered,5
19-03-2024,24-03-2024,BE-11658,In-Store,High,PROD-SMA-84,Smart Home,Omni Speaker,25.0,69.0,CUST-634,Customer 634,Education,Australia,APAC,Sydney,7,483.0,10.0%,48.30,434.70,175.00,259.70,59.7%,22.74,Express,Delivered,2
28-03-2025,31-03-2025,BE-11659,Distributor,Critical,PROD-WEA-23,Wearables,Aura Smart Ring,70.0,199.0,CUST-432,Customer 432,Consumer,France,EMEA,Paris,14,2786.0,0.0%,0.00,2786.00,980.00,1806.00,64.8%,64.99,Overnight,Delivered,4
01-02-2024,05-02-2024,BE-11660,Distributor,Medium,PROD-COM-58,Computing,Pro Monitor 27,120.0,279.0,CUST-498,Customer 498,Corporate,Canada,NA,Toronto,13,3627.0,5.0%,181.35,3445.65,1560.00,1885.65,54.7%,55.88,Standard,Delayed,3
10-07-2024,15-07-2024,BE-11661,In-Store,Medium,PROD-MOB-21,Mobile,Alpha Lite,150.0,349.0,CUST-300,Customer 300,Consumer,Brazil,LATAM,Sao Paulo,8,2792.0,20.0%,558.40,2233.60,1200.00,1033.60,46.3%,29.24,Express,Returned,5
28-01-2025,31-01-2025,BE-11662,Online,Low,PROD-SMA-26,Smart Home,Beacon Camera,35.0,99.0,CUST-573,Customer 573,Corporate,India,APAC,Mumbai,11,1089.0,15.0%,163.35,925.65,385.00,540.65,58.4%,49.96,Express,Delivered,5
05-05-2024,09-05-2024,BE-11663,In-Store,High,PROD-COM-53,Computing,Pro Monitor 27,120.0,279.0,CUST-275,Customer 275,Education,USA,NA,Los Angeles,10,2790.0,0.0%,0.00,2790.00,1200.00,1590.00,57.0%,47.15,Overnight,Delivered,5
21-12-2025,23-12-2025,BE-11664,Online,High,PROD-MOB-13,Mobile,Quantum Phone X,400.0,899.0,CUST-884,Customer 884,Education,UK,EMEA,London,11,9889.0,10.0%,988.90,8900.10,4400.00,4500.10,50.6%,27.64,Standard,Delivered,4
03-04-2026,05-04-2026,BE-11665,Online,Low,PROD-SMA-62,Smart Home,Beacon Camera,35.0,99.0,CUST-220,Customer 220,Consumer,UK,EMEA,London,8,792.0,0.0%,0.00,792.00,280.00,512.00,64.7%,29.85,Overnight,Delivered,5
28-04-2026,02-05-2026,BE-11666,In-Store,Medium,PROD-WEA-89,Wearables,Aura Smart Ring,70.0,199.0,CUST-982,Customer 982,Consumer,USA,NA,New York,2,398.0,5.0%,19.90,378.10,140.00,238.10,63.0%,7.51,Overnight,Delivered,5
11-08-2024,16-08-2024,BE-11667,Distributor,Medium,PROD-SMA-50,Smart Home,Beacon Camera,35.0,99.0,CUST-134,Customer 134,Corporate,India,APAC,Mumbai,7,693.0,5.0%,34.65,658.35,245.00,413.35,62.8%,21.46,Standard,Delivered,5
01-05-2026,03-05-2026,BE-11668,Online,Medium,PROD-WEA-51,Wearables,FitTrack Watch,50.0,149.0,CUST-544,Customer 544,Education,France,EMEA,Paris,9,1341.0,5.0%,67.05,1273.95,450.00,823.95,64.7%,23.76,Overnight,Delivered,4
12-05-2026,14-05-2026,BE-11669,Distributor,Medium,PROD-MOB-26,Mobile,Quantum Phone X,400.0,899.0,CUST-437,Customer 437,Consumer,Brazil,LATAM,Sao Paulo,13,11687.0,5.0%,584.35,11102.65,5200.00,5902.65,53.2%,29.53,Standard,Delivered,5
07-09-2025,09-09-2025,BE-11670,Distributor,Medium,PROD-COM-14,Computing,Apex Desktop,750.0,1599.0,CUST-197,Customer 197,Education,Mexico,LATAM,Mexico City,9,14391.0,0.0%,0.00,14391.00,6750.00,7641.00,53.1%,42.17,Express,Delivered,5
26-09-2024,03-10-2024,BE-11671,Distributor,Critical,PROD-AUD-77,Audio,Wave Soundbar,110.0,299.0,CUST-499,Customer 499,Corporate,Australia,APAC,Sydney,10,2990.0,0.0%,0.00,2990.00,1100.00,1890.00,63.2%,21.47,Express,Delayed,5
14-01-2025,17-01-2025,BE-11672,In-Store,High,PROD-WEA-34,Wearables,FitTrack Watch,50.0,149.0,CUST-243,Customer 243,Consumer,Canada,NA,Toronto,12,1788.0,0.0%,0.00,1788.00,600.00,1188.00,66.4%,56.28,Express,Delivered,4
13-11-2025,15-11-2025,BE-11673,Online,Low,PROD-MOB-61,Mobile,Quantum Phone X,400.0,899.0,CUST-427,Customer 427,Consumer,USA,NA,New York,3,2697.0,0.0%,0.00,2697.00,1200.00,1497.00,55.5%,11.65,Express,Delivered,4
06-10-2024,10-10-2024,BE-11674,Online,Low,PROD-AUD-35,Audio,NeoBuds Pro,45.0,120.0,CUST-296,Customer 296,Corporate,Mexico,LATAM,Mexico City,6,720.0,5.0%,36.00,684.00,270.00,414.00,60.5%,28.49,Standard,Delivered,3
22-02-2024,27-02-2024,BE-11675,Online,High,PROD-COM-45,Computing,Apex Desktop,750.0,1599.0,CUST-329,Customer 329,Corporate,Germany,EMEA,Berlin,4,6396.0,5.0%,319.80,6076.20,3000.00,3076.20,50.6%,10.63,Express,Delayed,5
06-02-2025,13-02-2025,BE-11676,Online,Medium,PROD-SMA-67,Smart Home,Omni Speaker,25.0,69.0,CUST-715,Customer 715,Education,Germany,EMEA,Berlin,1,69.0,15.0%,10.35,58.65,25.00,33.65,57.4%,4.79,Express,Delivered,4
30-11-2025,04-12-2025,BE-11677,Online,Low,PROD-SMA-72,Smart Home,Beacon Camera,35.0,99.0,CUST-198,Customer 198,Consumer,France,EMEA,Paris,8,792.0,10.0%,79.20,712.80,280.00,432.80,60.7%,22.69,Express,Delivered,1
02-06-2024,05-06-2024,BE-11678,Online,Medium,PROD-AUD-88,Audio,NeoBuds Pro,45.0,120.0,CUST-556,Customer 556,Consumer,USA,NA,Los Angeles,4,480.0,0.0%,0.00,480.00,180.00,300.00,62.5%,12.55,Overnight,Delivered,5
10-05-2024,14-05-2024,BE-11679,Distributor,Low,PROD-WEA-91,Wearables,Aura Smart Ring,70.0,199.0,CUST-763,Customer 763,Corporate,USA,NA,New York,4,796.0,10.0%,79.60,716.40,280.00,436.40,60.9%,18.82,Standard,Delivered,5
16-02-2024,17-02-2024,BE-11680,In-Store,Critical,PROD-AUD-73,Audio,NeoBuds Pro,45.0,120.0,CUST-501,Customer 501,Education,India,APAC,Mumbai,13,1560.0,5.0%,78.00,1482.00,585.00,897.00,60.5%,47.25,Standard,Delivered,5
24-02-2025,27-02-2025,BE-11681,Online,Medium,PROD-WEA-13,Wearables,Aura Smart Ring,70.0,199.0,CUST-650,Customer 650,Corporate,France,EMEA,Paris,13,2587.0,0.0%,0.00,2587.00,910.00,1677.00,64.8%,50.16,Standard,Delivered,4
12-01-2026,16-01-2026,BE-11682,In-Store,Medium,PROD-SMA-81,Smart Home,Omni Speaker,25.0,69.0,CUST-448,Customer 448,Corporate,UK,EMEA,London,6,414.0,0.0%,0.00,414.00,150.00,264.00,63.8%,12.40,Express,Delivered,3
22-01-2026,23-01-2026,BE-11683,Online,Medium,PROD-AUD-14,Audio,Aero Headphones,80.0,199.0,CUST-951,Customer 951,Education,USA,NA,New York,1,199.0,15.0%,29.85,169.15,80.00,89.15,52.7%,2.72,Standard,Delivered,5
27-07-2024,30-07-2024,BE-11684,In-Store,Critical,PROD-WEA-16,Wearables,Aura Smart Ring,70.0,199.0,CUST-749,Customer 749,Education,Mexico,LATAM,Mexico City,12,2388.0,0.0%,0.00,2388.00,840.00,1548.00,64.8%,59.48,Overnight,Delivered,5
01-12-2025,04-12-2025,BE-11685,In-Store,Medium,PROD-AUD-42,Audio,Wave Soundbar,110.0,299.0,CUST-368,Customer 368,Consumer,Germany,EMEA,Berlin,3,897.0,10.0%,89.70,807.30,330.00,477.30,59.1%,8.27,Standard,Delivered,5
23-10-2025,28-10-2025,BE-11686,Distributor,Medium,PROD-AUD-77,Audio,Aero Headphones,80.0,199.0,CUST-461,Customer 461,Education,India,APAC,Mumbai,6,1194.0,5.0%,59.70,1134.30,480.00,654.30,57.7%,22.58,Standard,Delivered,4
05-06-2024,08-06-2024,BE-11687,Online,Low,PROD-MOB-57,Mobile,Quantum Phone X,400.0,899.0,CUST-418,Customer 418,Corporate,France,EMEA,Paris,7,6293.0,10.0%,629.30,5663.70,2800.00,2863.70,50.6%,21.36,Overnight,Delivered,1
30-03-2026,02-04-2026,BE-11688,In-Store,Low,PROD-MOB-89,Mobile,Alpha Lite,150.0,349.0,CUST-823,Customer 823,Corporate,Brazil,LATAM,Sao Paulo,12,4188.0,0.0%,0.00,4188.00,1800.00,2388.00,57.0%,34.66,Overnight,Delivered,5
22-11-2025,24-11-2025,BE-11689,In-Store,Medium,PROD-AUD-12,Audio,Wave Soundbar,110.0,299.0,CUST-351,Customer 351,Education,France,EMEA,Paris,7,2093.0,20.0%,418.60,1674.40,770.00,904.40,54.0%,28.56,Overnight,Delivered,4
13-04-2025,18-04-2025,BE-11690,Online,High,PROD-SMA-33,Smart Home,Beacon Camera,35.0,99.0,CUST-713,Customer 713,Consumer,Brazil,LATAM,Sao Paulo,12,1188.0,0.0%,0.00,1188.00,420.00,768.00,64.7%,43.06,Express,Delivered,4
26-03-2026,31-03-2026,BE-11691,In-Store,Low,PROD-SMA-61,Smart Home,Omni Speaker,25.0,69.0,CUST-683,Customer 683,Consumer,Japan,APAC,Tokyo,14,966.0,15.0%,144.90,821.10,350.00,471.10,57.4%,33.60,Express,Delivered,4
07-02-2026,09-02-2026,BE-11692,In-Store,High,PROD-MOB-46,Mobile,Alpha Lite,150.0,349.0,CUST-560,Customer 560,Education,Canada,NA,Toronto,14,4886.0,5.0%,244.30,4641.70,2100.00,2541.70,54.8%,68.23,Express,Returned,3
24-09-2024,25-09-2024,BE-11693,Online,Critical,PROD-COM-58,Computing,Pro Monitor 27,120.0,279.0,CUST-841,Customer 841,Education,India,APAC,Mumbai,5,1395.0,20.0%,279.00,1116.00,600.00,516.00,46.2%,10.89,Overnight,Delivered,4
19-08-2025,21-08-2025,BE-11694,Distributor,Low,PROD-SMA-69,Smart Home,Beacon Camera,35.0,99.0,CUST-498,Customer 498,Consumer,USA,NA,New York,7,693.0,15.0%,103.95,589.05,245.00,344.05,58.4%,23.36,Express,Returned,3
30-01-2026,01-02-2026,BE-11695,Distributor,Medium,PROD-SMA-94,Smart Home,Omni Speaker,25.0,69.0,CUST-495,Customer 495,Consumer,Australia,APAC,Sydney,7,483.0,5.0%,24.15,458.85,175.00,283.85,61.9%,23.22,Express,Delayed,5
16-01-2025,18-01-2025,BE-11696,Distributor,Low,PROD-WEA-73,Wearables,FitTrack Watch,50.0,149.0,CUST-136,Customer 136,Consumer,Canada,NA,Toronto,3,447.0,0.0%,0.00,447.00,150.00,297.00,66.4%,14.12,Overnight,Returned,3
14-06-2026,15-06-2026,BE-11697,In-Store,Medium,PROD-COM-88,Computing,Pro Monitor 27,120.0,279.0,CUST-148,Customer 148,Consumer,Canada,NA,Toronto,8,2232.0,10.0%,223.20,2008.80,960.00,1048.80,52.2%,36.34,Overnight,Delivered,3
05-06-2024,08-06-2024,BE-11698,In-Store,Critical,PROD-AUD-15,Audio,Wave Soundbar,110.0,299.0,CUST-465,Customer 465,Consumer,Canada,NA,Toronto,6,1794.0,5.0%,89.70,1704.30,660.00,1044.30,61.3%,22.68,Standard,Delivered,5
24-02-2025,03-03-2025,BE-11699,Distributor,Medium,PROD-MOB-45,Mobile,Alpha Lite,150.0,349.0,CUST-881,Customer 881,Education,India,APAC,Mumbai,3,1047.0,15.0%,157.05,889.95,450.00,439.95,49.4%,11.70,Standard,Delayed,5
28-04-2024,30-04-2024,BE-11700,In-Store,High,PROD-COM-22,Computing,Apex Desktop,750.0,1599.0,CUST-196,Customer 196,Corporate,USA,NA,New York,11,17589.0,20.0%,3517.80,14071.20,8250.00,5821.20,41.4%,26.46,Overnight,Delayed,4
05-12-2025,07-12-2025,BE-11701,Distributor,Medium,PROD-SMA-74,Smart Home,Omni Speaker,25.0,69.0,CUST-113,Customer 113,Education,Canada,NA,Toronto,10,690.0,0.0%,0.00,690.00,250.00,440.00,63.8%,32.43,Overnight,Delivered,3
25-05-2026,28-05-2026,BE-11702,Online,Low,PROD-COM-40,Computing,Apex Desktop,750.0,1599.0,CUST-728,Customer 728,Consumer,Brazil,LATAM,Sao Paulo,2,3198.0,15.0%,479.70,2718.30,1500.00,1218.30,44.8%,6.72,Overnight,Delayed,4
21-12-2024,28-12-2024,BE-11703,Distributor,Medium,PROD-AUD-46,Audio,Aero Headphones,80.0,199.0,CUST-522,Customer 522,Corporate,Germany,EMEA,Berlin,1,199.0,20.0%,39.80,159.20,80.00,79.20,49.8%,2.82,Overnight,Delivered,5
09-05-2025,13-05-2025,BE-11704,Online,Medium,PROD-COM-71,Computing,Apex Desktop,750.0,1599.0,CUST-393,Customer 393,Consumer,USA,NA,New York,12,19188.0,0.0%,0.00,19188.00,9000.00,10188.00,53.1%,45.30,Standard,Delivered,4
22-03-2025,24-03-2025,BE-11705,In-Store,Medium,PROD-AUD-57,Audio,NeoBuds Pro,45.0,120.0,CUST-169,Customer 169,Education,Japan,APAC,Tokyo,5,600.0,10.0%,60.00,540.00,225.00,315.00,58.3%,12.16,Overnight,Delayed,2
15-04-2026,17-04-2026,BE-11706,In-Store,Medium,PROD-SMA-80,Smart Home,Omni Speaker,25.0,69.0,CUST-895,Customer 895,Consumer,Germany,EMEA,Berlin,1,69.0,0.0%,0.00,69.00,25.00,44.00,63.8%,4.69,Standard,Delivered,3
28-10-2025,31-10-2025,BE-11707,In-Store,Critical,PROD-WEA-57,Wearables,Aura Smart Ring,70.0,199.0,CUST-485,Customer 485,Corporate,France,EMEA,Paris,2,398.0,0.0%,0.00,398.00,140.00,258.00,64.8%,9.22,Overnight,Delivered,5
26-12-2024,02-01-2025,BE-11708,Online,Medium,PROD-SMA-83,Smart Home,Omni Speaker,25.0,69.0,CUST-461,Customer 461,Consumer,Canada,NA,Toronto,1,69.0,0.0%,0.00,69.00,25.00,44.00,63.8%,4.73,Standard,Delivered,5
06-01-2026,12-01-2026,BE-11709,Online,High,PROD-SMA-19,Smart Home,Omni Speaker,25.0,69.0,CUST-147,Customer 147,Education,USA,NA,Los Angeles,4,276.0,0.0%,0.00,276.00,100.00,176.00,63.8%,14.71,Overnight,Delivered,3
03-07-2024,08-07-2024,BE-11710,In-Store,Medium,PROD-COM-86,Computing,Titan Laptop,600.0,1299.0,CUST-257,Customer 257,Corporate,Japan,APAC,Tokyo,1,1299.0,0.0%,0.00,1299.00,600.00,699.00,53.8%,2.40,Standard,Delivered,5
10-12-2025,17-12-2025,BE-11711,In-Store,Low,PROD-WEA-18,Wearables,FitTrack Watch,50.0,149.0,CUST-209,Customer 209,Consumer,Brazil,LATAM,Sao Paulo,4,596.0,0.0%,0.00,596.00,200.00,396.00,66.4%,11.29,Express,Delivered,4
19-05-2026,22-05-2026,BE-11712,In-Store,Low,PROD-COM-75,Computing,Apex Desktop,750.0,1599.0,CUST-374,Customer 374,Corporate,Brazil,LATAM,Sao Paulo,3,4797.0,10.0%,479.70,4317.30,2250.00,2067.30,47.9%,9.76,Overnight,Delivered,5
22-07-2025,23-07-2025,BE-11713,Online,High,PROD-WEA-91,Wearables,Aura Smart Ring,70.0,199.0,CUST-834,Customer 834,Consumer,USA,NA,New York,4,796.0,20.0%,159.20,636.80,280.00,356.80,56.0%,12.71,Standard,Delivered,4
05-06-2026,08-06-2026,BE-11714,In-Store,Medium,PROD-AUD-85,Audio,NeoBuds Pro,45.0,120.0,CUST-390,Customer 390,Education,India,APAC,Mumbai,10,1200.0,0.0%,0.00,1200.00,450.00,750.00,62.5%,24.65,Standard,Delivered,5
18-10-2025,20-10-2025,BE-11715,In-Store,Medium,PROD-WEA-21,Wearables,FitTrack Watch,50.0,149.0,CUST-566,Customer 566,Consumer,India,APAC,Mumbai,1,149.0,0.0%,0.00,149.00,50.00,99.00,66.4%,4.79,Overnight,Delivered,5
14-01-2026,17-01-2026,BE-11716,In-Store,Medium,PROD-WEA-41,Wearables,Aura Smart Ring,70.0,199.0,CUST-120,Customer 120,Consumer,Mexico,LATAM,Mexico City,13,2587.0,0.0%,0.00,2587.00,910.00,1677.00,64.8%,41.18,Standard,Delivered,3
26-10-2024,30-10-2024,BE-11717,Online,Medium,PROD-AUD-46,Audio,Aero Headphones,80.0,199.0,CUST-371,Customer 371,Corporate,UK,EMEA,London,14,2786.0,0.0%,0.00,2786.00,1120.00,1666.00,59.8%,46.95,Standard,Delivered,4
28-09-2024,01-10-2024,BE-11718,In-Store,Medium,PROD-WEA-32,Wearables,Aura Smart Ring,70.0,199.0,CUST-520,Customer 520,Consumer,USA,NA,New York,7,1393.0,10.0%,139.30,1253.70,490.00,763.70,60.9%,33.89,Standard,Delivered,4
21-04-2025,24-04-2025,BE-11719,In-Store,Medium,PROD-COM-53,Computing,Titan Laptop,600.0,1299.0,CUST-767,Customer 767,Corporate,Brazil,LATAM,Sao Paulo,8,10392.0,0.0%,0.00,10392.00,4800.00,5592.00,53.8%,20.39,Express,Delivered,3
17-05-2026,19-05-2026,BE-11720,Online,High,PROD-AUD-89,Audio,NeoBuds Pro,45.0,120.0,CUST-859,Customer 859,Education,UK,EMEA,London,10,1200.0,10.0%,120.00,1080.00,450.00,630.00,58.3%,43.56,Express,Delivered,4
24-05-2026,28-05-2026,BE-11721,Online,Medium,PROD-AUD-70,Audio,Aero Headphones,80.0,199.0,CUST-913,Customer 913,Consumer,USA,NA,New York,5,995.0,5.0%,49.75,945.25,400.00,545.25,57.7%,10.75,Overnight,Delivered,5
09-07-2025,12-07-2025,BE-11722,In-Store,High,PROD-WEA-39,Wearables,FitTrack Watch,50.0,149.0,CUST-162,Customer 162,Consumer,USA,NA,New York,4,596.0,5.0%,29.80,566.20,200.00,366.20,64.7%,11.93,Standard,Delivered,5
11-09-2025,17-09-2025,BE-11723,Online,Critical,PROD-AUD-55,Audio,NeoBuds Pro,45.0,120.0,CUST-400,Customer 400,Consumer,UK,EMEA,London,3,360.0,0.0%,0.00,360.00,135.00,225.00,62.5%,8.81,Express,Delivered,5
05-12-2024,09-12-2024,BE-11724,In-Store,Low,PROD-MOB-86,Mobile,Alpha Lite,150.0,349.0,CUST-529,Customer 529,Education,UK,EMEA,London,9,3141.0,5.0%,157.05,2983.95,1350.00,1633.95,54.8%,37.90,Overnight,Delivered,5
03-01-2025,08-01-2025,BE-11725,Distributor,High,PROD-COM-76,Computing,Apex Desktop,750.0,1599.0,CUST-629,Customer 629,Corporate,Australia,APAC,Sydney,7,11193.0,10.0%,1119.30,10073.70,5250.00,4823.70,47.9%,22.28,Standard,Delivered,5
19-04-2026,26-04-2026,BE-11726,In-Store,Medium,PROD-AUD-72,Audio,Aero Headphones,80.0,199.0,CUST-983,Customer 983,Corporate,Canada,NA,Toronto,11,2189.0,0.0%,0.00,2189.00,880.00,1309.00,59.8%,24.33,Standard,Delivered,5
13-05-2024,15-05-2024,BE-11727,Distributor,Critical,PROD-COM-86,Computing,Pro Monitor 27,120.0,279.0,CUST-647,Customer 647,Education,Canada,NA,Toronto,5,1395.0,0.0%,0.00,1395.00,600.00,795.00,57.0%,21.56,Express,Delivered,4
29-09-2024,03-10-2024,BE-11728,Online,Medium,PROD-MOB-41,Mobile,Alpha Lite,150.0,349.0,CUST-847,Customer 847,Corporate,France,EMEA,Paris,12,4188.0,0.0%,0.00,4188.00,1800.00,2388.00,57.0%,24.83,Standard,Delayed,3
29-05-2026,03-06-2026,BE-11729,Distributor,Critical,PROD-AUD-83,Audio,NeoBuds Pro,45.0,120.0,CUST-797,Customer 797,Consumer,USA,NA,Los Angeles,8,960.0,0.0%,0.00,960.00,360.00,600.00,62.5%,25.14,Standard,Returned,4
15-02-2026,19-02-2026,BE-11730,Online,High,PROD-COM-96,Computing,Titan Laptop,600.0,1299.0,CUST-324,Customer 324,Education,Australia,APAC,Sydney,9,11691.0,15.0%,1753.65,9937.35,5400.00,4537.35,45.7%,32.68,Standard,Delivered,4
29-11-2024,04-12-2024,BE-11731,In-Store,High,PROD-WEA-45,Wearables,Aura Smart Ring,70.0,199.0,CUST-373,Customer 373,Consumer,Canada,NA,Toronto,4,796.0,0.0%,0.00,796.00,280.00,516.00,64.8%,10.10,Express,Delivered,5
18-06-2024,20-06-2024,BE-11732,Online,Low,PROD-AUD-37,Audio,Aero Headphones,80.0,199.0,CUST-697,Customer 697,Consumer,India,APAC,Mumbai,6,1194.0,0.0%,0.00,1194.00,480.00,714.00,59.8%,27.42,Overnight,Delivered,5
17-05-2024,24-05-2024,BE-11733,Online,Medium,PROD-COM-89,Computing,Apex Desktop,750.0,1599.0,CUST-893,Customer 893,Education,USA,NA,New York,14,22386.0,0.0%,0.00,22386.00,10500.00,11886.00,53.1%,58.92,Express,Delivered,5
23-04-2024,28-04-2024,BE-11734,Distributor,Critical,PROD-SMA-63,Smart Home,Beacon Camera,35.0,99.0,CUST-920,Customer 920,Consumer,Australia,APAC,Sydney,13,1287.0,0.0%,0.00,1287.00,455.00,832.00,64.7%,34.37,Standard,Returned,4
09-01-2024,13-01-2024,BE-11735,In-Store,Medium,PROD-COM-71,Computing,Apex Desktop,750.0,1599.0,CUST-320,Customer 320,Consumer,France,EMEA,Paris,12,19188.0,0.0%,0.00,19188.00,9000.00,10188.00,53.1%,56.41,Standard,Delivered,5
01-01-2026,04-01-2026,BE-11736,Online,High,PROD-AUD-72,Audio,NeoBuds Pro,45.0,120.0,CUST-948,Customer 948,Education,Mexico,LATAM,Mexico City,7,840.0,0.0%,0.00,840.00,315.00,525.00,62.5%,26.93,Express,Delivered,4
11-11-2024,14-11-2024,BE-11737,Distributor,Medium,PROD-COM-55,Computing,Pro Monitor 27,120.0,279.0,CUST-826,Customer 826,Education,Australia,APAC,Sydney,7,1953.0,0.0%,0.00,1953.00,840.00,1113.00,57.0%,25.81,Standard,Delivered,5
02-06-2026,09-06-2026,BE-11738,Distributor,Medium,PROD-MOB-30,Mobile,Quantum Phone X,400.0,899.0,CUST-575,Customer 575,Corporate,Australia,APAC,Sydney,13,11687.0,0.0%,0.00,11687.00,5200.00,6487.00,55.5%,63.45,Express,Delivered,5
15-04-2026,17-04-2026,BE-11739,Online,Medium,PROD-COM-18,Computing,Pro Monitor 27,120.0,279.0,CUST-764,Customer 764,Education,USA,NA,Los Angeles,8,2232.0,0.0%,0.00,2232.00,960.00,1272.00,57.0%,32.03,Standard,Delivered,5
02-09-2024,05-09-2024,BE-11740,In-Store,Medium,PROD-SMA-64,Smart Home,Beacon Camera,35.0,99.0,CUST-913,Customer 913,Corporate,Brazil,LATAM,Sao Paulo,7,693.0,0.0%,0.00,693.00,245.00,448.00,64.7%,28.83,Overnight,Returned,4
02-06-2025,04-06-2025,BE-11741,Online,Medium,PROD-COM-54,Computing,Apex Desktop,750.0,1599.0,CUST-757,Customer 757,Consumer,India,APAC,Mumbai,12,19188.0,10.0%,1918.80,17269.20,9000.00,8269.20,47.9%,38.13,Express,Delivered,5
14-10-2024,17-10-2024,BE-11742,Distributor,Medium,PROD-MOB-36,Mobile,Alpha Lite,150.0,349.0,CUST-662,Customer 662,Education,France,EMEA,Paris,9,3141.0,5.0%,157.05,2983.95,1350.00,1633.95,54.8%,39.55,Standard,Delivered,2
28-02-2026,04-03-2026,BE-11743,In-Store,High,PROD-WEA-93,Wearables,Aura Smart Ring,70.0,199.0,CUST-724,Customer 724,Corporate,Japan,APAC,Tokyo,2,398.0,5.0%,19.90,378.10,140.00,238.10,63.0%,8.42,Standard,Returned,4
14-09-2025,17-09-2025,BE-11744,Online,High,PROD-AUD-58,Audio,Aero Headphones,80.0,199.0,CUST-129,Customer 129,Consumer,Brazil,LATAM,Sao Paulo,12,2388.0,5.0%,119.40,2268.60,960.00,1308.60,57.7%,38.06,Overnight,Returned,4
30-04-2024,05-05-2024,BE-11745,Online,Medium,PROD-MOB-11,Mobile,Quantum Phone X,400.0,899.0,CUST-124,Customer 124,Corporate,Brazil,LATAM,Sao Paulo,6,5394.0,10.0%,539.40,4854.60,2400.00,2454.60,50.6%,12.21,Standard,Delivered,5
04-08-2025,05-08-2025,BE-11746,Distributor,Critical,PROD-SMA-86,Smart Home,Beacon Camera,35.0,99.0,CUST-703,Customer 703,Education,Australia,APAC,Sydney,5,495.0,0.0%,0.00,495.00,175.00,320.00,64.7%,14.83,Express,Delayed,5
01-10-2025,05-10-2025,BE-11747,Online,Medium,PROD-WEA-93,Wearables,Aura Smart Ring,70.0,199.0,CUST-678,Customer 678,Consumer,Germany,EMEA,Berlin,3,597.0,0.0%,0.00,597.00,210.00,387.00,64.8%,8.08,Express,Delivered,5
14-10-2025,16-10-2025,BE-11748,Distributor,Critical,PROD-AUD-97,Audio,Wave Soundbar,110.0,299.0,CUST-405,Customer 405,Corporate,USA,NA,Los Angeles,5,1495.0,0.0%,0.00,1495.00,550.00,945.00,63.2%,24.76,Overnight,Delivered,5
13-01-2024,20-01-2024,BE-11749,Online,Medium,PROD-MOB-45,Mobile,Alpha Lite,150.0,349.0,CUST-308,Customer 308,Education,Germany,EMEA,Berlin,14,4886.0,0.0%,0.00,4886.00,2100.00,2786.00,57.0%,49.21,Overnight,Delayed,4
20-04-2024,24-04-2024,BE-11750,Online,Low,PROD-SMA-97,Smart Home,Omni Speaker,25.0,69.0,CUST-347,Customer 347,Corporate,Mexico,LATAM,Mexico City,14,966.0,0.0%,0.00,966.00,350.00,616.00,63.8%,52.86,Standard,Delivered,5
18-05-2024,20-05-2024,BE-11751,Distributor,Medium,PROD-AUD-93,Audio,Aero Headphones,80.0,199.0,CUST-827,Customer 827,Corporate,Australia,APAC,Sydney,13,2587.0,20.0%,517.40,2069.60,1040.00,1029.60,49.8%,35.20,Overnight,Delivered,3
10-02-2025,14-02-2025,BE-11752,In-Store,Critical,PROD-AUD-22,Audio,NeoBuds Pro,45.0,120.0,CUST-508,Customer 508,Education,UK,EMEA,London,10,1200.0,15.0%,180.00,1020.00,450.00,570.00,55.9%,27.65,Overnight,Delivered,5
09-03-2026,12-03-2026,BE-11753,Online,Medium,PROD-MOB-89,Mobile,Quantum Phone X,400.0,899.0,CUST-404,Customer 404,Education,Brazil,LATAM,Sao Paulo,2,1798.0,5.0%,89.90,1708.10,800.00,908.10,53.2%,8.92,Express,Delivered,5
29-06-2024,02-07-2024,BE-11754,Online,Medium,PROD-MOB-76,Mobile,Alpha Lite,150.0,349.0,CUST-422,Customer 422,Corporate,USA,NA,Los Angeles,8,2792.0,0.0%,0.00,2792.00,1200.00,1592.00,57.0%,24.52,Standard,Delivered,4
17-05-2026,20-05-2026,BE-11755,Distributor,High,PROD-COM-14,Computing,Titan Laptop,600.0,1299.0,CUST-723,Customer 723,Education,Japan,APAC,Tokyo,8,10392.0,5.0%,519.60,9872.40,4800.00,5072.40,51.4%,35.47,Express,Delivered,5
13-11-2025,17-11-2025,BE-11756,Online,High,PROD-MOB-25,Mobile,Quantum Phone X,400.0,899.0,CUST-612,Customer 612,Education,France,EMEA,Paris,9,8091.0,0.0%,0.00,8091.00,3600.00,4491.00,55.5%,28.23,Standard,Delivered,5
18-03-2025,21-03-2025,BE-11757,Online,High,PROD-MOB-69,Mobile,Alpha Lite,150.0,349.0,CUST-843,Customer 843,Education,Japan,APAC,Tokyo,11,3839.0,15.0%,575.85,3263.15,1650.00,1613.15,49.4%,23.81,Overnight,Delivered,5
23-02-2024,26-02-2024,BE-11758,Online,Medium,PROD-WEA-84,Wearables,Aura Smart Ring,70.0,199.0,CUST-391,Customer 391,Corporate,Germany,EMEA,Berlin,5,995.0,0.0%,0.00,995.00,350.00,645.00,64.8%,14.44,Express,Delivered,3
28-02-2026,02-03-2026,BE-11759,Distributor,Low,PROD-WEA-38,Wearables,FitTrack Watch,50.0,149.0,CUST-734,Customer 734,Corporate,USA,NA,New York,8,1192.0,0.0%,0.00,1192.00,400.00,792.00,66.4%,31.94,Express,Delivered,4
07-10-2024,09-10-2024,BE-11760,Distributor,Critical,PROD-SMA-72,Smart Home,Beacon Camera,35.0,99.0,CUST-360,Customer 360,Consumer,Australia,APAC,Sydney,12,1188.0,20.0%,237.60,950.40,420.00,530.40,55.8%,49.10,Standard,Returned,1
11-09-2024,15-09-2024,BE-11761,Online,High,PROD-SMA-91,Smart Home,Omni Speaker,25.0,69.0,CUST-771,Customer 771,Corporate,USA,NA,Los Angeles,11,759.0,5.0%,37.95,721.05,275.00,446.05,61.9%,31.16,Overnight,Delivered,4
14-01-2024,20-01-2024,BE-11762,Online,Medium,PROD-MOB-24,Mobile,Alpha Lite,150.0,349.0,CUST-315,Customer 315,Education,India,APAC,Mumbai,5,1745.0,15.0%,261.75,1483.25,750.00,733.25,49.4%,17.08,Express,Delivered,4
27-04-2026,01-05-2026,BE-11763,In-Store,High,PROD-AUD-74,Audio,NeoBuds Pro,45.0,120.0,CUST-331,Customer 331,Consumer,USA,NA,Los Angeles,7,840.0,0.0%,0.00,840.00,315.00,525.00,62.5%,28.08,Standard,Delivered,5
01-02-2024,02-02-2024,BE-11764,Online,Medium,PROD-MOB-34,Mobile,Alpha Lite,150.0,349.0,CUST-513,Customer 513,Education,USA,NA,New York,8,2792.0,0.0%,0.00,2792.00,1200.00,1592.00,57.0%,29.03,Overnight,Delivered,3
22-08-2024,25-08-2024,BE-11765,Online,Medium,PROD-WEA-46,Wearables,FitTrack Watch,50.0,149.0,CUST-458,Customer 458,Consumer,Canada,NA,Toronto,3,447.0,5.0%,22.35,424.65,150.00,274.65,64.7%,6.15,Standard,Delivered,5
12-08-2024,18-08-2024,BE-11766,In-Store,Medium,PROD-AUD-64,Audio,NeoBuds Pro,45.0,120.0,CUST-444,Customer 444,Consumer,Brazil,LATAM,Sao Paulo,14,1680.0,0.0%,0.00,1680.00,630.00,1050.00,62.5%,32.36,Express,Delivered,5
28-02-2025,02-03-2025,BE-11767,Distributor,Medium,PROD-MOB-18,Mobile,Quantum Phone X,400.0,899.0,CUST-218,Customer 218,Consumer,Germany,EMEA,Berlin,5,4495.0,10.0%,449.50,4045.50,2000.00,2045.50,50.6%,18.10,Overnight,Delivered,3
29-10-2024,01-11-2024,BE-11768,In-Store,High,PROD-WEA-31,Wearables,Aura Smart Ring,70.0,199.0,CUST-204,Customer 204,Consumer,Japan,APAC,Tokyo,5,995.0,5.0%,49.75,945.25,350.00,595.25,63.0%,18.38,Overnight,Delivered,4
22-02-2024,25-02-2024,BE-11769,Distributor,Medium,PROD-AUD-45,Audio,Wave Soundbar,110.0,299.0,CUST-297,Customer 297,Corporate,France,EMEA,Paris,11,3289.0,5.0%,164.45,3124.55,1210.00,1914.55,61.3%,49.94,Overnight,Delivered,5
13-12-2025,17-12-2025,BE-11770,Online,Critical,PROD-SMA-25,Smart Home,Omni Speaker,25.0,69.0,CUST-378,Customer 378,Corporate,Australia,APAC,Sydney,13,897.0,20.0%,179.40,717.60,325.00,392.60,54.7%,56.38,Overnight,Delivered,4
22-09-2025,27-09-2025,BE-11771,Distributor,Medium,PROD-MOB-83,Mobile,Quantum Phone X,400.0,899.0,CUST-677,Customer 677,Corporate,Brazil,LATAM,Sao Paulo,3,2697.0,0.0%,0.00,2697.00,1200.00,1497.00,55.5%,6.08,Express,Returned,5
20-02-2025,22-02-2025,BE-11772,In-Store,Medium,PROD-SMA-66,Smart Home,Omni Speaker,25.0,69.0,CUST-469,Customer 469,Education,USA,NA,Los Angeles,5,345.0,0.0%,0.00,345.00,125.00,220.00,63.8%,15.06,Express,Delivered,5
10-10-2025,17-10-2025,BE-11773,In-Store,Medium,PROD-WEA-77,Wearables,Aura Smart Ring,70.0,199.0,CUST-713,Customer 713,Consumer,Australia,APAC,Sydney,14,2786.0,0.0%,0.00,2786.00,980.00,1806.00,64.8%,32.85,Overnight,Delivered,3
05-09-2024,09-09-2024,BE-11774,In-Store,Low,PROD-MOB-21,Mobile,Alpha Lite,150.0,349.0,CUST-408,Customer 408,Consumer,Canada,NA,Toronto,7,2443.0,5.0%,122.15,2320.85,1050.00,1270.85,54.8%,32.51,Overnight,Delivered,3
10-01-2024,13-01-2024,BE-11775,Online,Medium,PROD-SMA-43,Smart Home,Omni Speaker,25.0,69.0,CUST-379,Customer 379,Corporate,USA,NA,Los Angeles,5,345.0,0.0%,0.00,345.00,125.00,220.00,63.8%,12.95,Standard,Delivered,5
11-12-2025,13-12-2025,BE-11776,Online,Medium,PROD-COM-60,Computing,Apex Desktop,750.0,1599.0,CUST-484,Customer 484,Education,India,APAC,Mumbai,13,20787.0,10.0%,2078.70,18708.30,9750.00,8958.30,47.9%,37.49,Overnight,Delivered,1
01-09-2025,06-09-2025,BE-11777,Online,High,PROD-WEA-30,Wearables,FitTrack Watch,50.0,149.0,CUST-363,Customer 363,Corporate,Australia,APAC,Sydney,12,1788.0,10.0%,178.80,1609.20,600.00,1009.20,62.7%,59.20,Standard,Delivered,4
26-05-2025,29-05-2025,BE-11778,In-Store,Low,PROD-MOB-80,Mobile,Quantum Phone X,400.0,899.0,CUST-555,Customer 555,Corporate,Australia,APAC,Sydney,2,1798.0,0.0%,0.00,1798.00,800.00,998.00,55.5%,6.45,Express,Delivered,5
25-07-2025,29-07-2025,BE-11779,Online,Medium,PROD-WEA-83,Wearables,Aura Smart Ring,70.0,199.0,CUST-261,Customer 261,Corporate,USA,NA,Los Angeles,1,199.0,0.0%,0.00,199.00,70.00,129.00,64.8%,2.64,Overnight,Delivered,4
14-08-2024,18-08-2024,BE-11780,In-Store,Low,PROD-SMA-85,Smart Home,Omni Speaker,25.0,69.0,CUST-145,Customer 145,Consumer,Canada,NA,Toronto,13,897.0,0.0%,0.00,897.00,325.00,572.00,63.8%,37.29,Overnight,Delivered,5
22-07-2025,25-07-2025,BE-11781,In-Store,Low,PROD-COM-15,Computing,Pro Monitor 27,120.0,279.0,CUST-178,Customer 178,Education,Canada,NA,Toronto,11,3069.0,0.0%,0.00,3069.00,1320.00,1749.00,57.0%,30.01,Standard,Delivered,5
16-09-2024,19-09-2024,BE-11782,Distributor,High,PROD-MOB-62,Mobile,Quantum Phone X,400.0,899.0,CUST-588,Customer 588,Consumer,USA,NA,New York,5,4495.0,10.0%,449.50,4045.50,2000.00,2045.50,50.6%,18.61,Overnight,Delivered,5
14-11-2024,16-11-2024,BE-11783,In-Store,High,PROD-AUD-53,Audio,NeoBuds Pro,45.0,120.0,CUST-184,Customer 184,Consumer,Canada,NA,Toronto,3,360.0,10.0%,36.00,324.00,135.00,189.00,58.3%,14.04,Express,Delivered,4
28-11-2025,30-11-2025,BE-11784,Distributor,Medium,PROD-MOB-25,Mobile,Alpha Lite,150.0,349.0,CUST-779,Customer 779,Corporate,Brazil,LATAM,Sao Paulo,11,3839.0,0.0%,0.00,3839.00,1650.00,2189.00,57.0%,50.75,Standard,Delivered,3
25-06-2025,26-06-2025,BE-11785,In-Store,Medium,PROD-COM-92,Computing,Pro Monitor 27,120.0,279.0,CUST-592,Customer 592,Corporate,USA,NA,New York,11,3069.0,0.0%,0.00,3069.00,1320.00,1749.00,57.0%,45.95,Standard,Delayed,5
25-05-2025,29-05-2025,BE-11786,Distributor,Medium,PROD-WEA-14,Wearables,FitTrack Watch,50.0,149.0,CUST-244,Customer 244,Consumer,Germany,EMEA,Berlin,2,298.0,0.0%,0.00,298.00,100.00,198.00,66.4%,9.01,Express,Delivered,1
03-07-2024,09-07-2024,BE-11787,Distributor,Medium,PROD-SMA-13,Smart Home,Beacon Camera,35.0,99.0,CUST-577,Customer 577,Corporate,India,APAC,Mumbai,14,1386.0,0.0%,0.00,1386.00,490.00,896.00,64.7%,56.13,Standard,Delivered,3
11-05-2026,15-05-2026,BE-11788,Distributor,Medium,PROD-COM-86,Computing,Titan Laptop,600.0,1299.0,CUST-471,Customer 471,Consumer,USA,NA,Los Angeles,3,3897.0,5.0%,194.85,3702.15,1800.00,1902.15,51.4%,11.78,Standard,Delivered,4
17-03-2024,20-03-2024,BE-11789,In-Store,Medium,PROD-WEA-37,Wearables,Aura Smart Ring,70.0,199.0,CUST-231,Customer 231,Corporate,USA,NA,Los Angeles,8,1592.0,0.0%,0.00,1592.00,560.00,1032.00,64.8%,18.20,Overnight,Delivered,4
27-11-2025,29-11-2025,BE-11790,In-Store,Medium,PROD-WEA-92,Wearables,Aura Smart Ring,70.0,199.0,CUST-562,Customer 562,Education,Brazil,LATAM,Sao Paulo,5,995.0,0.0%,0.00,995.00,350.00,645.00,64.8%,23.49,Express,Delivered,2
24-03-2024,26-03-2024,BE-11791,Online,Low,PROD-MOB-86,Mobile,Quantum Phone X,400.0,899.0,CUST-977,Customer 977,Corporate,India,APAC,Mumbai,10,8990.0,10.0%,899.00,8091.00,4000.00,4091.00,50.6%,33.50,Express,Delivered,4
11-10-2024,17-10-2024,BE-11792,Online,Critical,PROD-COM-14,Computing,Titan Laptop,600.0,1299.0,CUST-141,Customer 141,Consumer,Mexico,LATAM,Mexico City,12,15588.0,0.0%,0.00,15588.00,7200.00,8388.00,53.8%,57.44,Express,Delayed,5
11-06-2024,13-06-2024,BE-11793,Distributor,Medium,PROD-SMA-88,Smart Home,Omni Speaker,25.0,69.0,CUST-829,Customer 829,Education,USA,NA,New York,11,759.0,10.0%,75.90,683.10,275.00,408.10,59.7%,32.33,Overnight,Delayed,4
15-11-2024,18-11-2024,BE-11794,Distributor,Medium,PROD-SMA-38,Smart Home,Beacon Camera,35.0,99.0,CUST-949,Customer 949,Consumer,France,EMEA,Paris,1,99.0,5.0%,4.95,94.05,35.00,59.05,62.8%,3.44,Overnight,Delivered,5
24-05-2026,26-05-2026,BE-11795,In-Store,Medium,PROD-WEA-58,Wearables,FitTrack Watch,50.0,149.0,CUST-906,Customer 906,Consumer,UK,EMEA,London,4,596.0,0.0%,0.00,596.00,200.00,396.00,66.4%,15.65,Overnight,Delivered,3
24-01-2026,25-01-2026,BE-11796,In-Store,High,PROD-AUD-26,Audio,Wave Soundbar,110.0,299.0,CUST-409,Customer 409,Corporate,Australia,APAC,Sydney,2,598.0,10.0%,59.80,538.20,220.00,318.20,59.1%,4.05,Standard,Delivered,3
04-01-2025,06-01-2025,BE-11797,Online,Medium,PROD-SMA-54,Smart Home,Omni Speaker,25.0,69.0,CUST-826,Customer 826,Corporate,France,EMEA,Paris,3,207.0,0.0%,0.00,207.00,75.00,132.00,63.8%,14.42,Overnight,Delivered,3
28-06-2025,01-07-2025,BE-11798,Distributor,Medium,PROD-MOB-42,Mobile,Alpha Lite,150.0,349.0,CUST-191,Customer 191,Education,Brazil,LATAM,Sao Paulo,4,1396.0,0.0%,0.00,1396.00,600.00,796.00,57.0%,16.66,Overnight,Delivered,2
15-10-2024,18-10-2024,BE-11799,In-Store,Low,PROD-SMA-52,Smart Home,Beacon Camera,35.0,99.0,CUST-461,Customer 461,Education,USA,NA,Los Angeles,5,495.0,15.0%,74.25,420.75,175.00,245.75,58.4%,12.13,Standard,Delayed,4
09-03-2024,11-03-2024,BE-11800,In-Store,Critical,PROD-WEA-36,Wearables,FitTrack Watch,50.0,149.0,CUST-576,Customer 576,Corporate,Germany,EMEA,Berlin,10,1490.0,0.0%,0.00,1490.00,500.00,990.00,66.4%,46.52,Overnight,Delivered,3
09-06-2025,16-06-2025,BE-11801,In-Store,High,PROD-WEA-41,Wearables,Aura Smart Ring,70.0,199.0,CUST-914,Customer 914,Consumer,Canada,NA,Toronto,1,199.0,0.0%,0.00,199.00,70.00,129.00,64.8%,3.84,Standard,Delivered,4
09-01-2025,11-01-2025,BE-11802,Distributor,High,PROD-COM-55,Computing,Pro Monitor 27,120.0,279.0,CUST-475,Customer 475,Corporate,Australia,APAC,Sydney,4,1116.0,5.0%,55.80,1060.20,480.00,580.20,54.7%,18.13,Express,Delivered,4
12-08-2025,15-08-2025,BE-11803,Distributor,Medium,PROD-MOB-61,Mobile,Alpha Lite,150.0,349.0,CUST-925,Customer 925,Education,Australia,APAC,Sydney,13,4537.0,0.0%,0.00,4537.00,1950.00,2587.00,57.0%,64.53,Standard,Delayed,5
05-03-2024,08-03-2024,BE-11804,In-Store,Medium,PROD-AUD-77,Audio,NeoBuds Pro,45.0,120.0,CUST-838,Customer 838,Corporate,UK,EMEA,London,4,480.0,0.0%,0.00,480.00,180.00,300.00,62.5%,14.52,Express,Delivered,3
27-04-2025,02-05-2025,BE-11805,In-Store,Low,PROD-COM-74,Computing,Titan Laptop,600.0,1299.0,CUST-228,Customer 228,Consumer,Mexico,LATAM,Mexico City,4,5196.0,10.0%,519.60,4676.40,2400.00,2276.40,48.7%,13.38,Express,Delivered,4
08-08-2024,11-08-2024,BE-11806,Distributor,Low,PROD-SMA-20,Smart Home,Beacon Camera,35.0,99.0,CUST-693,Customer 693,Consumer,USA,NA,Los Angeles,7,693.0,20.0%,138.60,554.40,245.00,309.40,55.8%,27.48,Standard,Delivered,4
30-10-2024,04-11-2024,BE-11807,In-Store,Low,PROD-WEA-88,Wearables,Aura Smart Ring,70.0,199.0,CUST-105,Customer 105,Consumer,Australia,APAC,Sydney,13,2587.0,0.0%,0.00,2587.00,910.00,1677.00,64.8%,63.90,Standard,Delivered,3
04-02-2024,05-02-2024,BE-11808,In-Store,Medium,PROD-COM-80,Computing,Titan Laptop,600.0,1299.0,CUST-118,Customer 118,Education,USA,NA,Los Angeles,9,11691.0,15.0%,1753.65,9937.35,5400.00,4537.35,45.7%,44.71,Express,Delivered,2
02-03-2026,05-03-2026,BE-11809,In-Store,Low,PROD-SMA-29,Smart Home,Beacon Camera,35.0,99.0,CUST-567,Customer 567,Consumer,Germany,EMEA,Berlin,13,1287.0,0.0%,0.00,1287.00,455.00,832.00,64.7%,35.29,Overnight,Returned,5
14-03-2024,18-03-2024,BE-11810,Distributor,High,PROD-SMA-52,Smart Home,Omni Speaker,25.0,69.0,CUST-173,Customer 173,Corporate,Mexico,LATAM,Mexico City,2,138.0,0.0%,0.00,138.00,50.00,88.00,63.8%,6.93,Standard,Delivered,4
23-06-2025,27-06-2025,BE-11811,Distributor,Medium,PROD-SMA-22,Smart Home,Omni Speaker,25.0,69.0,CUST-231,Customer 231,Consumer,USA,NA,Los Angeles,8,552.0,15.0%,82.80,469.20,200.00,269.20,57.4%,29.81,Overnight,Delivered,5
04-10-2025,11-10-2025,BE-11812,Distributor,Medium,PROD-COM-10,Computing,Apex Desktop,750.0,1599.0,CUST-588,Customer 588,Corporate,Australia,APAC,Sydney,3,4797.0,10.0%,479.70,4317.30,2250.00,2067.30,47.9%,8.13,Express,Delivered,3
31-05-2026,03-06-2026,BE-11813,Distributor,Medium,PROD-COM-96,Computing,Apex Desktop,750.0,1599.0,CUST-779,Customer 779,Consumer,Brazil,LATAM,Sao Paulo,8,12792.0,0.0%,0.00,12792.00,6000.00,6792.00,53.1%,31.63,Standard,Delayed,5
22-08-2025,25-08-2025,BE-11814,Online,Medium,PROD-MOB-96,Mobile,Quantum Phone X,400.0,899.0,CUST-132,Customer 132,Consumer,UK,EMEA,London,8,7192.0,0.0%,0.00,7192.00,3200.00,3992.00,55.5%,26.42,Express,Delivered,4
31-10-2025,05-11-2025,BE-11815,In-Store,Medium,PROD-WEA-71,Wearables,Aura Smart Ring,70.0,199.0,CUST-673,Customer 673,Education,Brazil,LATAM,Sao Paulo,13,2587.0,0.0%,0.00,2587.00,910.00,1677.00,64.8%,54.31,Standard,Delivered,2
21-05-2025,24-05-2025,BE-11816,Distributor,Medium,PROD-COM-93,Computing,Apex Desktop,750.0,1599.0,CUST-305,Customer 305,Consumer,Germany,EMEA,Berlin,5,7995.0,0.0%,0.00,7995.00,3750.00,4245.00,53.1%,16.68,Express,Delayed,4
27-06-2024,03-07-2024,BE-11817,Distributor,Medium,PROD-WEA-37,Wearables,FitTrack Watch,50.0,149.0,CUST-737,Customer 737,Education,Canada,NA,Toronto,14,2086.0,0.0%,0.00,2086.00,700.00,1386.00,66.4%,31.35,Standard,Delivered,5
14-09-2025,18-09-2025,BE-11818,Online,Medium,PROD-AUD-51,Audio,Aero Headphones,80.0,199.0,CUST-119,Customer 119,Corporate,Australia,APAC,Sydney,4,796.0,10.0%,79.60,716.40,320.00,396.40,55.3%,17.31,Standard,Delivered,5
11-07-2025,14-07-2025,BE-11819,In-Store,Medium,PROD-WEA-84,Wearables,Aura Smart Ring,70.0,199.0,CUST-104,Customer 104,Consumer,India,APAC,Mumbai,8,1592.0,0.0%,0.00,1592.00,560.00,1032.00,64.8%,28.20,Express,Returned,5
27-04-2025,01-05-2025,BE-11820,Distributor,Low,PROD-COM-18,Computing,Pro Monitor 27,120.0,279.0,CUST-224,Customer 224,Corporate,USA,NA,Los Angeles,14,3906.0,10.0%,390.60,3515.40,1680.00,1835.40,52.2%,66.97,Express,Returned,3
05-05-2025,07-05-2025,BE-11821,Distributor,Medium,PROD-SMA-96,Smart Home,Omni Speaker,25.0,69.0,CUST-137,Customer 137,Education,Germany,EMEA,Berlin,6,414.0,20.0%,82.80,331.20,150.00,181.20,54.7%,19.87,Overnight,Returned,5
13-07-2024,16-07-2024,BE-11822,In-Store,High,PROD-MOB-82,Mobile,Alpha Lite,150.0,349.0,CUST-968,Customer 968,Corporate,Mexico,LATAM,Mexico City,8,2792.0,5.0%,139.60,2652.40,1200.00,1452.40,54.8%,34.60,Express,Delivered,3
30-01-2024,02-02-2024,BE-11823,Distributor,Medium,PROD-SMA-95,Smart Home,Omni Speaker,25.0,69.0,CUST-540,Customer 540,Corporate,Japan,APAC,Tokyo,5,345.0,0.0%,0.00,345.00,125.00,220.00,63.8%,20.20,Standard,Delivered,4
12-01-2024,15-01-2024,BE-11824,In-Store,Medium,PROD-AUD-76,Audio,Aero Headphones,80.0,199.0,CUST-536,Customer 536,Corporate,USA,NA,New York,9,1791.0,5.0%,89.55,1701.45,720.00,981.45,57.7%,41.23,Standard,Delivered,4
23-01-2026,24-01-2026,BE-11825,Online,Medium,PROD-AUD-56,Audio,Aero Headphones,80.0,199.0,CUST-963,Customer 963,Corporate,France,EMEA,Paris,6,1194.0,0.0%,0.00,1194.00,480.00,714.00,59.8%,26.42,Overnight,Delivered,4
14-04-2024,16-04-2024,BE-11826,In-Store,High,PROD-AUD-39,Audio,Aero Headphones,80.0,199.0,CUST-973,Customer 973,Consumer,Brazil,LATAM,Sao Paulo,14,2786.0,5.0%,139.30,2646.70,1120.00,1526.70,57.7%,39.18,Standard,Delivered,1
07-04-2025,11-04-2025,BE-11827,Online,Medium,PROD-WEA-28,Wearables,FitTrack Watch,50.0,149.0,CUST-310,Customer 310,Corporate,Canada,NA,Toronto,1,149.0,15.0%,22.35,126.65,50.00,76.65,60.5%,3.34,Express,Delivered,4
18-02-2026,21-02-2026,BE-11828,Online,Medium,PROD-WEA-53,Wearables,FitTrack Watch,50.0,149.0,CUST-518,Customer 518,Consumer,Australia,APAC,Sydney,13,1937.0,20.0%,387.40,1549.60,650.00,899.60,58.1%,40.30,Overnight,Delivered,5
17-12-2025,20-12-2025,BE-11829,Distributor,Critical,PROD-WEA-42,Wearables,FitTrack Watch,50.0,149.0,CUST-140,Customer 140,Corporate,Mexico,LATAM,Mexico City,9,1341.0,0.0%,0.00,1341.00,450.00,891.00,66.4%,30.77,Standard,Delivered,5
08-01-2024,14-01-2024,BE-11830,Online,Medium,PROD-COM-41,Computing,Pro Monitor 27,120.0,279.0,CUST-734,Customer 734,Consumer,India,APAC,Mumbai,9,2511.0,5.0%,125.55,2385.45,1080.00,1305.45,54.7%,28.86,Overnight,Delivered,5
30-10-2024,01-11-2024,BE-11831,In-Store,Low,PROD-COM-25,Computing,Pro Monitor 27,120.0,279.0,CUST-143,Customer 143,Education,India,APAC,Mumbai,3,837.0,10.0%,83.70,753.30,360.00,393.30,52.2%,12.25,Express,Delivered,4
12-03-2025,16-03-2025,BE-11832,Distributor,Medium,PROD-SMA-53,Smart Home,Beacon Camera,35.0,99.0,CUST-527,Customer 527,Corporate,Brazil,LATAM,Sao Paulo,13,1287.0,0.0%,0.00,1287.00,455.00,832.00,64.7%,55.31,Overnight,Delivered,2
10-03-2026,11-03-2026,BE-11833,Online,Medium,PROD-MOB-88,Mobile,Quantum Phone X,400.0,899.0,CUST-927,Customer 927,Consumer,France,EMEA,Paris,3,2697.0,20.0%,539.40,2157.60,1200.00,957.60,44.4%,6.87,Standard,Delayed,3
23-07-2025,26-07-2025,BE-11834,Online,Critical,PROD-WEA-72,Wearables,Aura Smart Ring,70.0,199.0,CUST-759,Customer 759,Consumer,Canada,NA,Toronto,5,995.0,0.0%,0.00,995.00,350.00,645.00,64.8%,13.28,Overnight,Delivered,5
06-06-2025,12-06-2025,BE-11835,Distributor,Medium,PROD-COM-51,Computing,Pro Monitor 27,120.0,279.0,CUST-529,Customer 529,Consumer,Mexico,LATAM,Mexico City,13,3627.0,0.0%,0.00,3627.00,1560.00,2067.00,57.0%,36.04,Overnight,Delivered,4
01-01-2026,04-01-2026,BE-11836,Distributor,Low,PROD-SMA-56,Smart Home,Omni Speaker,25.0,69.0,CUST-760,Customer 760,Education,Mexico,LATAM,Mexico City,4,276.0,0.0%,0.00,276.00,100.00,176.00,63.8%,14.60,Overnight,Delivered,5
08-12-2025,15-12-2025,BE-11837,Distributor,Medium,PROD-COM-16,Computing,Apex Desktop,750.0,1599.0,CUST-408,Customer 408,Education,USA,NA,New York,14,22386.0,15.0%,3357.90,19028.10,10500.00,8528.10,44.8%,52.64,Express,Delivered,5
20-09-2025,21-09-2025,BE-11838,In-Store,Low,PROD-WEA-80,Wearables,FitTrack Watch,50.0,149.0,CUST-430,Customer 430,Education,France,EMEA,Paris,10,1490.0,0.0%,0.00,1490.00,500.00,990.00,66.4%,44.05,Standard,Delivered,5
20-02-2026,23-02-2026,BE-11839,In-Store,Medium,PROD-AUD-87,Audio,Wave Soundbar,110.0,299.0,CUST-637,Customer 637,Education,USA,NA,New York,6,1794.0,0.0%,0.00,1794.00,660.00,1134.00,63.2%,24.62,Express,Delivered,3
28-09-2024,03-10-2024,BE-11840,Distributor,High,PROD-AUD-19,Audio,Wave Soundbar,110.0,299.0,CUST-542,Customer 542,Consumer,USA,NA,New York,3,897.0,10.0%,89.70,807.30,330.00,477.30,59.1%,13.09,Express,Delivered,3
01-08-2025,03-08-2025,BE-11841,In-Store,Critical,PROD-WEA-62,Wearables,Aura Smart Ring,70.0,199.0,CUST-394,Customer 394,Consumer,Canada,NA,Toronto,10,1990.0,20.0%,398.00,1592.00,700.00,892.00,56.0%,49.94,Standard,Delivered,4
21-03-2025,23-03-2025,BE-11842,Online,Medium,PROD-MOB-94,Mobile,Quantum Phone X,400.0,899.0,CUST-679,Customer 679,Corporate,Japan,APAC,Tokyo,7,6293.0,5.0%,314.65,5978.35,2800.00,3178.35,53.2%,24.64,Overnight,Delivered,5
12-09-2025,15-09-2025,BE-11843,Distributor,High,PROD-AUD-29,Audio,Wave Soundbar,110.0,299.0,CUST-175,Customer 175,Education,Canada,NA,Toronto,8,2392.0,0.0%,0.00,2392.00,880.00,1512.00,63.2%,34.39,Overnight,Delivered,5
08-03-2024,11-03-2024,BE-11844,Distributor,Medium,PROD-SMA-56,Smart Home,Beacon Camera,35.0,99.0,CUST-839,Customer 839,Education,USA,NA,Los Angeles,13,1287.0,0.0%,0.00,1287.00,455.00,832.00,64.7%,34.79,Overnight,Delivered,4
13-09-2025,14-09-2025,BE-11845,Distributor,Medium,PROD-COM-97,Computing,Pro Monitor 27,120.0,279.0,CUST-318,Customer 318,Education,USA,NA,New York,12,3348.0,10.0%,334.80,3013.20,1440.00,1573.20,52.2%,35.87,Express,Delivered,4
23-05-2026,25-05-2026,BE-11846,Online,Low,PROD-MOB-73,Mobile,Quantum Phone X,400.0,899.0,CUST-963,Customer 963,Education,UK,EMEA,London,11,9889.0,5.0%,494.45,9394.55,4400.00,4994.55,53.2%,48.74,Standard,Delivered,3
12-01-2026,14-01-2026,BE-11847,Distributor,Medium,PROD-SMA-81,Smart Home,Omni Speaker,25.0,69.0,CUST-597,Customer 597,Consumer,Mexico,LATAM,Mexico City,12,828.0,10.0%,82.80,745.20,300.00,445.20,59.7%,39.94,Overnight,Delivered,3
02-12-2025,04-12-2025,BE-11848,Online,Low,PROD-MOB-42,Mobile,Quantum Phone X,400.0,899.0,CUST-122,Customer 122,Education,USA,NA,New York,5,4495.0,0.0%,0.00,4495.00,2000.00,2495.00,55.5%,11.88,Standard,Delivered,4
27-07-2024,01-08-2024,BE-11849,Online,Medium,PROD-AUD-55,Audio,Wave Soundbar,110.0,299.0,CUST-954,Customer 954,Corporate,Brazil,LATAM,Sao Paulo,6,1794.0,20.0%,358.80,1435.20,660.00,775.20,54.0%,24.44,Overnight,Delivered,4
16-12-2024,19-12-2024,BE-11850,Distributor,Low,PROD-COM-39,Computing,Apex Desktop,750.0,1599.0,CUST-523,Customer 523,Corporate,Canada,NA,Toronto,11,17589.0,0.0%,0.00,17589.00,8250.00,9339.00,53.1%,53.86,Express,Delivered,1
17-04-2024,18-04-2024,BE-11851,In-Store,Low,PROD-COM-22,Computing,Apex Desktop,750.0,1599.0,CUST-932,Customer 932,Consumer,Brazil,LATAM,Sao Paulo,2,3198.0,0.0%,0.00,3198.00,1500.00,1698.00,53.1%,8.19,Express,Delivered,2
12-05-2026,13-05-2026,BE-11852,Distributor,Low,PROD-WEA-89,Wearables,FitTrack Watch,50.0,149.0,CUST-158,Customer 158,Corporate,USA,NA,Los Angeles,8,1192.0,0.0%,0.00,1192.00,400.00,792.00,66.4%,22.12,Standard,Delivered,5
20-05-2026,23-05-2026,BE-11853,In-Store,Medium,PROD-SMA-12,Smart Home,Beacon Camera,35.0,99.0,CUST-324,Customer 324,Corporate,Australia,APAC,Sydney,9,891.0,0.0%,0.00,891.00,315.00,576.00,64.7%,27.29,Overnight,Delivered,4
11-05-2025,14-05-2025,BE-11854,Distributor,High,PROD-WEA-51,Wearables,FitTrack Watch,50.0,149.0,CUST-949,Customer 949,Consumer,USA,NA,Los Angeles,6,894.0,0.0%,0.00,894.00,300.00,594.00,66.4%,29.10,Overnight,Delivered,5
13-04-2025,16-04-2025,BE-11855,Online,Critical,PROD-SMA-65,Smart Home,Beacon Camera,35.0,99.0,CUST-472,Customer 472,Corporate,India,APAC,Mumbai,10,990.0,15.0%,148.50,841.50,350.00,491.50,58.4%,44.73,Express,Delivered,4
23-07-2024,28-07-2024,BE-11856,In-Store,Medium,PROD-AUD-55,Audio,Wave Soundbar,110.0,299.0,CUST-135,Customer 135,Consumer,Japan,APAC,Tokyo,12,3588.0,0.0%,0.00,3588.00,1320.00,2268.00,63.2%,38.72,Express,Returned,3
03-03-2026,06-03-2026,BE-11857,Online,Medium,PROD-AUD-80,Audio,Wave Soundbar,110.0,299.0,CUST-710,Customer 710,Corporate,Mexico,LATAM,Mexico City,12,3588.0,0.0%,0.00,3588.00,1320.00,2268.00,63.2%,57.07,Express,Delivered,5
21-01-2024,24-01-2024,BE-11858,In-Store,Low,PROD-AUD-57,Audio,Aero Headphones,80.0,199.0,CUST-427,Customer 427,Education,Brazil,LATAM,Sao Paulo,3,597.0,0.0%,0.00,597.00,240.00,357.00,59.8%,7.65,Standard,Delivered,3
08-03-2026,11-03-2026,BE-11859,Distributor,Medium,PROD-WEA-33,Wearables,Aura Smart Ring,70.0,199.0,CUST-660,Customer 660,Consumer,Brazil,LATAM,Sao Paulo,8,1592.0,0.0%,0.00,1592.00,560.00,1032.00,64.8%,39.10,Standard,Delivered,4
08-03-2024,09-03-2024,BE-11860,Distributor,Medium,PROD-COM-18,Computing,Apex Desktop,750.0,1599.0,CUST-472,Customer 472,Consumer,Germany,EMEA,Berlin,2,3198.0,0.0%,0.00,3198.00,1500.00,1698.00,53.1%,9.99,Overnight,Delivered,2
02-02-2025,06-02-2025,BE-11861,Online,Medium,PROD-SMA-75,Smart Home,Beacon Camera,35.0,99.0,CUST-476,Customer 476,Corporate,Canada,NA,Toronto,13,1287.0,5.0%,64.35,1222.65,455.00,767.65,62.8%,36.64,Express,Delayed,4
19-01-2024,23-01-2024,BE-11862,In-Store,Medium,PROD-COM-29,Computing,Titan Laptop,600.0,1299.0,CUST-772,Customer 772,Consumer,Australia,APAC,Sydney,10,12990.0,0.0%,0.00,12990.00,6000.00,6990.00,53.8%,41.52,Standard,Delivered,2
07-05-2026,10-05-2026,BE-11863,Distributor,Medium,PROD-WEA-18,Wearables,Aura Smart Ring,70.0,199.0,CUST-835,Customer 835,Corporate,Japan,APAC,Tokyo,9,1791.0,0.0%,0.00,1791.00,630.00,1161.00,64.8%,34.86,Express,Delivered,3
15-08-2025,18-08-2025,BE-11864,Distributor,Medium,PROD-AUD-47,Audio,NeoBuds Pro,45.0,120.0,CUST-442,Customer 442,Education,UK,EMEA,London,3,360.0,15.0%,54.00,306.00,135.00,171.00,55.9%,13.00,Overnight,Delivered,5
23-03-2025,26-03-2025,BE-11865,Online,Medium,PROD-MOB-84,Mobile,Alpha Lite,150.0,349.0,CUST-420,Customer 420,Corporate,UK,EMEA,London,3,1047.0,0.0%,0.00,1047.00,450.00,597.00,57.0%,12.17,Standard,Delivered,5
13-03-2025,16-03-2025,BE-11866,Distributor,Medium,PROD-COM-18,Computing,Apex Desktop,750.0,1599.0,CUST-879,Customer 879,Education,France,EMEA,Paris,9,14391.0,0.0%,0.00,14391.00,6750.00,7641.00,53.1%,42.73,Standard,Delayed,5
23-12-2025,27-12-2025,BE-11867,Distributor,Medium,PROD-MOB-78,Mobile,Quantum Phone X,400.0,899.0,CUST-512,Customer 512,Consumer,Japan,APAC,Tokyo,13,11687.0,15.0%,1753.05,9933.95,5200.00,4733.95,47.7%,30.68,Express,Delivered,5
06-03-2025,10-03-2025,BE-11868,In-Store,Critical,PROD-SMA-20,Smart Home,Omni Speaker,25.0,69.0,CUST-250,Customer 250,Corporate,Canada,NA,Toronto,14,966.0,5.0%,48.30,917.70,350.00,567.70,61.9%,66.32,Express,Delivered,3
03-02-2026,06-02-2026,BE-11869,Distributor,High,PROD-COM-81,Computing,Apex Desktop,750.0,1599.0,CUST-536,Customer 536,Education,UK,EMEA,London,5,7995.0,0.0%,0.00,7995.00,3750.00,4245.00,53.1%,12.34,Overnight,Delivered,2
12-04-2026,15-04-2026,BE-11870,Online,High,PROD-AUD-46,Audio,Wave Soundbar,110.0,299.0,CUST-583,Customer 583,Consumer,USA,NA,New York,11,3289.0,0.0%,0.00,3289.00,1210.00,2079.00,63.2%,51.54,Standard,Delivered,3
21-05-2025,24-05-2025,BE-11871,In-Store,Critical,PROD-AUD-98,Audio,NeoBuds Pro,45.0,120.0,CUST-707,Customer 707,Education,Australia,APAC,Sydney,4,480.0,0.0%,0.00,480.00,180.00,300.00,62.5%,13.51,Overnight,Delivered,4
26-01-2025,29-01-2025,BE-11872,Distributor,Medium,PROD-AUD-26,Audio,Aero Headphones,80.0,199.0,CUST-876,Customer 876,Consumer,Mexico,LATAM,Mexico City,1,199.0,0.0%,0.00,199.00,80.00,119.00,59.8%,2.85,Overnight,Delivered,4
06-01-2026,10-01-2026,BE-11873,Distributor,High,PROD-MOB-68,Mobile,Alpha Lite,150.0,349.0,CUST-638,Customer 638,Education,France,EMEA,Paris,10,3490.0,20.0%,698.00,2792.00,1500.00,1292.00,46.3%,48.63,Overnight,Delivered,4
28-01-2024,02-02-2024,BE-11874,Distributor,Medium,PROD-WEA-98,Wearables,FitTrack Watch,50.0,149.0,CUST-838,Customer 838,Education,France,EMEA,Paris,6,894.0,15.0%,134.10,759.90,300.00,459.90,60.5%,28.76,Standard,Delivered,5
13-08-2025,16-08-2025,BE-11875,In-Store,High,PROD-SMA-39,Smart Home,Omni Speaker,25.0,69.0,CUST-865,Customer 865,Corporate,France,EMEA,Paris,10,690.0,0.0%,0.00,690.00,250.00,440.00,63.8%,31.99,Express,Delivered,5
28-03-2025,30-03-2025,BE-11876,Distributor,Medium,PROD-MOB-60,Mobile,Alpha Lite,150.0,349.0,CUST-162,Customer 162,Consumer,India,APAC,Mumbai,14,4886.0,0.0%,0.00,4886.00,2100.00,2786.00,57.0%,37.79,Overnight,Delivered,4
23-07-2025,26-07-2025,BE-11877,Distributor,Critical,PROD-AUD-65,Audio,Aero Headphones,80.0,199.0,CUST-245,Customer 245,Corporate,Mexico,LATAM,Mexico City,2,398.0,10.0%,39.80,358.20,160.00,198.20,55.3%,7.83,Standard,Delivered,5
18-01-2025,21-01-2025,BE-11878,Online,Medium,PROD-COM-72,Computing,Pro Monitor 27,120.0,279.0,CUST-446,Customer 446,Consumer,USA,NA,Los Angeles,14,3906.0,10.0%,390.60,3515.40,1680.00,1835.40,52.2%,50.78,Standard,Delivered,5
22-11-2025,25-11-2025,BE-11879,Distributor,High,PROD-WEA-95,Wearables,FitTrack Watch,50.0,149.0,CUST-773,Customer 773,Education,India,APAC,Mumbai,9,1341.0,0.0%,0.00,1341.00,450.00,891.00,66.4%,42.29,Overnight,Delivered,4
08-02-2026,09-02-2026,BE-11880,Online,Medium,PROD-WEA-92,Wearables,Aura Smart Ring,70.0,199.0,CUST-394,Customer 394,Education,Germany,EMEA,Berlin,4,796.0,10.0%,79.60,716.40,280.00,436.40,60.9%,18.61,Standard,Delivered,4
27-04-2026,01-05-2026,BE-11881,Distributor,Medium,PROD-WEA-39,Wearables,FitTrack Watch,50.0,149.0,CUST-479,Customer 479,Consumer,Mexico,LATAM,Mexico City,14,2086.0,20.0%,417.20,1668.80,700.00,968.80,58.1%,41.30,Standard,Delivered,5
29-12-2024,01-01-2025,BE-11882,Online,Medium,PROD-COM-65,Computing,Pro Monitor 27,120.0,279.0,CUST-419,Customer 419,Consumer,Japan,APAC,Tokyo,3,837.0,0.0%,0.00,837.00,360.00,477.00,57.0%,11.94,Express,Delivered,3
16-11-2024,20-11-2024,BE-11883,Distributor,Medium,PROD-MOB-25,Mobile,Alpha Lite,150.0,349.0,CUST-781,Customer 781,Corporate,UK,EMEA,London,13,4537.0,10.0%,453.70,4083.30,1950.00,2133.30,52.2%,51.30,Express,Delayed,1
08-06-2026,09-06-2026,BE-11884,In-Store,Critical,PROD-WEA-36,Wearables,FitTrack Watch,50.0,149.0,CUST-235,Customer 235,Consumer,Mexico,LATAM,Mexico City,2,298.0,15.0%,44.70,253.30,100.00,153.30,60.5%,4.57,Overnight,Delayed,3
11-07-2025,14-07-2025,BE-11885,Online,Low,PROD-SMA-28,Smart Home,Omni Speaker,25.0,69.0,CUST-657,Customer 657,Corporate,Brazil,LATAM,Sao Paulo,9,621.0,0.0%,0.00,621.00,225.00,396.00,63.8%,33.96,Express,Delivered,4
25-08-2024,29-08-2024,BE-11886,In-Store,High,PROD-AUD-22,Audio,Aero Headphones,80.0,199.0,CUST-442,Customer 442,Consumer,India,APAC,Mumbai,7,1393.0,10.0%,139.30,1253.70,560.00,693.70,55.3%,21.98,Express,Delivered,5
05-05-2026,10-05-2026,BE-11887,Distributor,Medium,PROD-AUD-38,Audio,NeoBuds Pro,45.0,120.0,CUST-664,Customer 664,Corporate,UK,EMEA,London,3,360.0,0.0%,0.00,360.00,135.00,225.00,62.5%,10.78,Standard,Delivered,4
03-12-2024,05-12-2024,BE-11888,Online,High,PROD-WEA-48,Wearables,Aura Smart Ring,70.0,199.0,CUST-327,Customer 327,Education,Germany,EMEA,Berlin,13,2587.0,0.0%,0.00,2587.00,910.00,1677.00,64.8%,26.22,Standard,Delivered,4
31-03-2025,06-04-2025,BE-11889,Distributor,Medium,PROD-MOB-56,Mobile,Alpha Lite,150.0,349.0,CUST-734,Customer 734,Education,USA,NA,Los Angeles,7,2443.0,20.0%,488.60,1954.40,1050.00,904.40,46.3%,34.50,Overnight,Delivered,5
03-04-2025,08-04-2025,BE-11890,Online,Medium,PROD-COM-26,Computing,Apex Desktop,750.0,1599.0,CUST-601,Customer 601,Education,Brazil,LATAM,Sao Paulo,10,15990.0,10.0%,1599.00,14391.00,7500.00,6891.00,47.9%,41.93,Express,Delivered,3
02-06-2025,04-06-2025,BE-11891,Online,Medium,PROD-MOB-90,Mobile,Quantum Phone X,400.0,899.0,CUST-892,Customer 892,Consumer,Australia,APAC,Sydney,14,12586.0,0.0%,0.00,12586.00,5600.00,6986.00,55.5%,32.04,Overnight,Delayed,3
22-08-2024,24-08-2024,BE-11892,In-Store,Low,PROD-COM-23,Computing,Titan Laptop,600.0,1299.0,CUST-772,Customer 772,Consumer,Germany,EMEA,Berlin,10,12990.0,0.0%,0.00,12990.00,6000.00,6990.00,53.8%,23.01,Express,Delivered,5
16-05-2024,19-05-2024,BE-11893,Online,Critical,PROD-SMA-42,Smart Home,Omni Speaker,25.0,69.0,CUST-927,Customer 927,Education,Mexico,LATAM,Mexico City,10,690.0,0.0%,0.00,690.00,250.00,440.00,63.8%,47.02,Overnight,Delivered,4
07-04-2025,11-04-2025,BE-11894,Online,Medium,PROD-MOB-24,Mobile,Alpha Lite,150.0,349.0,CUST-220,Customer 220,Consumer,USA,NA,Los Angeles,3,1047.0,0.0%,0.00,1047.00,450.00,597.00,57.0%,13.74,Standard,Delivered,5
01-02-2024,04-02-2024,BE-11895,In-Store,Medium,PROD-AUD-75,Audio,Aero Headphones,80.0,199.0,CUST-440,Customer 440,Education,USA,NA,Los Angeles,6,1194.0,0.0%,0.00,1194.00,480.00,714.00,59.8%,28.12,Express,Delivered,4
09-11-2024,16-11-2024,BE-11896,In-Store,Medium,PROD-MOB-37,Mobile,Alpha Lite,150.0,349.0,CUST-825,Customer 825,Education,Canada,NA,Toronto,14,4886.0,5.0%,244.30,4641.70,2100.00,2541.70,54.8%,37.15,Express,Delivered,5
28-04-2025,02-05-2025,BE-11897,In-Store,High,PROD-SMA-22,Smart Home,Beacon Camera,35.0,99.0,CUST-494,Customer 494,Education,Mexico,LATAM,Mexico City,12,1188.0,0.0%,0.00,1188.00,420.00,768.00,64.7%,59.59,Standard,Delivered,4
20-07-2025,22-07-2025,BE-11898,Distributor,Medium,PROD-SMA-17,Smart Home,Beacon Camera,35.0,99.0,CUST-581,Customer 581,Consumer,UK,EMEA,London,14,1386.0,5.0%,69.30,1316.70,490.00,826.70,62.8%,36.88,Express,Delivered,5
13-02-2026,18-02-2026,BE-11899,Distributor,Critical,PROD-MOB-37,Mobile,Alpha Lite,150.0,349.0,CUST-662,Customer 662,Education,India,APAC,Mumbai,3,1047.0,0.0%,0.00,1047.00,450.00,597.00,57.0%,10.26,Standard,Delivered,5
24-07-2024,27-07-2024,BE-11900,Online,Medium,PROD-WEA-80,Wearables,FitTrack Watch,50.0,149.0,CUST-388,Customer 388,Education,Mexico,LATAM,Mexico City,8,1192.0,10.0%,119.20,1072.80,400.00,672.80,62.7%,26.47,Overnight,Delivered,5
26-04-2026,29-04-2026,BE-11901,Distributor,Medium,PROD-MOB-37,Mobile,Alpha Lite,150.0,349.0,CUST-875,Customer 875,Corporate,Brazil,LATAM,Sao Paulo,12,4188.0,0.0%,0.00,4188.00,1800.00,2388.00,57.0%,36.83,Express,Delivered,5
06-02-2024,09-02-2024,BE-11902,In-Store,Medium,PROD-MOB-28,Mobile,Alpha Lite,150.0,349.0,CUST-179,Customer 179,Education,USA,NA,Los Angeles,13,4537.0,0.0%,0.00,4537.00,1950.00,2587.00,57.0%,27.63,Express,Delivered,2
28-02-2025,02-03-2025,BE-11903,Online,High,PROD-WEA-35,Wearables,Aura Smart Ring,70.0,199.0,CUST-157,Customer 157,Corporate,France,EMEA,Paris,7,1393.0,10.0%,139.30,1253.70,490.00,763.70,60.9%,32.81,Standard,Delivered,3
05-03-2025,08-03-2025,BE-11904,Online,Medium,PROD-AUD-34,Audio,NeoBuds Pro,45.0,120.0,CUST-371,Customer 371,Consumer,USA,NA,Los Angeles,13,1560.0,0.0%,0.00,1560.00,585.00,975.00,62.5%,32.14,Express,Delivered,5
23-10-2024,26-10-2024,BE-11905,In-Store,Low,PROD-AUD-36,Audio,Aero Headphones,80.0,199.0,CUST-295,Customer 295,Education,France,EMEA,Paris,10,1990.0,0.0%,0.00,1990.00,800.00,1190.00,59.8%,21.85,Standard,Delivered,5
03-01-2024,06-01-2024,BE-11906,Distributor,Low,PROD-COM-38,Computing,Apex Desktop,750.0,1599.0,CUST-630,Customer 630,Consumer,Canada,NA,Toronto,5,7995.0,0.0%,0.00,7995.00,3750.00,4245.00,53.1%,11.40,Express,Delivered,4
31-10-2025,01-11-2025,BE-11907,Online,Low,PROD-AUD-26,Audio,Aero Headphones,80.0,199.0,CUST-817,Customer 817,Corporate,Mexico,LATAM,Mexico City,14,2786.0,10.0%,278.60,2507.40,1120.00,1387.40,55.3%,58.10,Overnight,Delivered,5
02-06-2024,04-06-2024,BE-11908,Online,High,PROD-AUD-95,Audio,NeoBuds Pro,45.0,120.0,CUST-859,Customer 859,Corporate,UK,EMEA,London,9,1080.0,0.0%,0.00,1080.00,405.00,675.00,62.5%,39.75,Express,Delivered,4
05-04-2026,08-04-2026,BE-11909,Online,Medium,PROD-WEA-98,Wearables,Aura Smart Ring,70.0,199.0,CUST-807,Customer 807,Corporate,Germany,EMEA,Berlin,14,2786.0,5.0%,139.30,2646.70,980.00,1666.70,63.0%,67.32,Overnight,Delivered,5
22-09-2024,25-09-2024,BE-11910,Online,High,PROD-WEA-23,Wearables,Aura Smart Ring,70.0,199.0,CUST-637,Customer 637,Corporate,Japan,APAC,Tokyo,8,1592.0,0.0%,0.00,1592.00,560.00,1032.00,64.8%,39.53,Overnight,Delivered,4
11-12-2024,16-12-2024,BE-11911,Distributor,Medium,PROD-MOB-25,Mobile,Quantum Phone X,400.0,899.0,CUST-938,Customer 938,Consumer,UK,EMEA,London,12,10788.0,5.0%,539.40,10248.60,4800.00,5448.60,53.2%,29.15,Overnight,Delivered,5
06-09-2024,10-09-2024,BE-11912,Online,Medium,PROD-COM-31,Computing,Apex Desktop,750.0,1599.0,CUST-525,Customer 525,Education,USA,NA,Los Angeles,8,12792.0,5.0%,639.60,12152.40,6000.00,6152.40,50.6%,35.11,Overnight,Delivered,4
11-06-2025,14-06-2025,BE-11913,Online,High,PROD-AUD-81,Audio,Wave Soundbar,110.0,299.0,CUST-248,Customer 248,Consumer,Brazil,LATAM,Sao Paulo,4,1196.0,0.0%,0.00,1196.00,440.00,756.00,63.2%,19.63,Standard,Delivered,5
25-08-2024,29-08-2024,BE-11914,Distributor,High,PROD-SMA-48,Smart Home,Omni Speaker,25.0,69.0,CUST-213,Customer 213,Education,Germany,EMEA,Berlin,6,414.0,0.0%,0.00,414.00,150.00,264.00,63.8%,27.08,Express,Delivered,4
03-08-2025,05-08-2025,BE-11915,Online,High,PROD-AUD-19,Audio,NeoBuds Pro,45.0,120.0,CUST-630,Customer 630,Education,Germany,EMEA,Berlin,4,480.0,0.0%,0.00,480.00,180.00,300.00,62.5%,17.15,Express,Returned,4
08-08-2025,11-08-2025,BE-11916,In-Store,Medium,PROD-MOB-50,Mobile,Quantum Phone X,400.0,899.0,CUST-832,Customer 832,Education,India,APAC,Mumbai,7,6293.0,15.0%,943.95,5349.05,2800.00,2549.05,47.7%,18.89,Overnight,Delivered,4
22-01-2026,29-01-2026,BE-11917,Online,High,PROD-SMA-64,Smart Home,Omni Speaker,25.0,69.0,CUST-889,Customer 889,Consumer,Mexico,LATAM,Mexico City,8,552.0,0.0%,0.00,552.00,200.00,352.00,63.8%,34.69,Overnight,Delivered,5
28-12-2025,02-01-2026,BE-11918,In-Store,Medium,PROD-WEA-46,Wearables,Aura Smart Ring,70.0,199.0,CUST-157,Customer 157,Corporate,USA,NA,Los Angeles,9,1791.0,0.0%,0.00,1791.00,630.00,1161.00,64.8%,29.88,Express,Delivered,4
21-03-2026,23-03-2026,BE-11919,In-Store,Medium,PROD-WEA-51,Wearables,Aura Smart Ring,70.0,199.0,CUST-119,Customer 119,Consumer,Canada,NA,Toronto,7,1393.0,20.0%,278.60,1114.40,490.00,624.40,56.0%,28.07,Express,Delayed,2
29-03-2024,05-04-2024,BE-11920,Distributor,Medium,PROD-WEA-48,Wearables,FitTrack Watch,50.0,149.0,CUST-621,Customer 621,Consumer,USA,NA,New York,12,1788.0,0.0%,0.00,1788.00,600.00,1188.00,66.4%,45.29,Overnight,Delivered,5
16-09-2025,18-09-2025,BE-11921,Distributor,Medium,PROD-COM-79,Computing,Titan Laptop,600.0,1299.0,CUST-220,Customer 220,Education,Canada,NA,Toronto,11,14289.0,15.0%,2143.35,12145.65,6600.00,5545.65,45.7%,23.32,Standard,Delivered,4
15-07-2024,22-07-2024,BE-11922,Distributor,Medium,PROD-WEA-78,Wearables,FitTrack Watch,50.0,149.0,CUST-427,Customer 427,Consumer,Brazil,LATAM,Sao Paulo,4,596.0,10.0%,59.60,536.40,200.00,336.40,62.7%,9.67,Express,Delivered,4
08-08-2025,10-08-2025,BE-11923,Online,Medium,PROD-AUD-61,Audio,NeoBuds Pro,45.0,120.0,CUST-867,Customer 867,Corporate,Mexico,LATAM,Mexico City,5,600.0,0.0%,0.00,600.00,225.00,375.00,62.5%,21.74,Express,Delayed,5
08-03-2024,11-03-2024,BE-11924,Online,High,PROD-MOB-65,Mobile,Alpha Lite,150.0,349.0,CUST-415,Customer 415,Education,Brazil,LATAM,Sao Paulo,3,1047.0,5.0%,52.35,994.65,450.00,544.65,54.8%,6.93,Standard,Delivered,3
01-03-2026,08-03-2026,BE-11925,Distributor,Low,PROD-SMA-67,Smart Home,Beacon Camera,35.0,99.0,CUST-841,Customer 841,Consumer,Japan,APAC,Tokyo,8,792.0,10.0%,79.20,712.80,280.00,432.80,60.7%,18.15,Standard,Delivered,4
16-01-2025,18-01-2025,BE-11926,Distributor,Medium,PROD-WEA-33,Wearables,Aura Smart Ring,70.0,199.0,CUST-230,Customer 230,Consumer,Japan,APAC,Tokyo,9,1791.0,0.0%,0.00,1791.00,630.00,1161.00,64.8%,41.13,Overnight,Delivered,1
17-04-2025,20-04-2025,BE-11927,Distributor,Low,PROD-COM-38,Computing,Apex Desktop,750.0,1599.0,CUST-445,Customer 445,Education,Japan,APAC,Tokyo,10,15990.0,0.0%,0.00,15990.00,7500.00,8490.00,53.1%,41.02,Express,Delivered,3
03-03-2025,06-03-2025,BE-11928,Online,Medium,PROD-AUD-98,Audio,Aero Headphones,80.0,199.0,CUST-165,Customer 165,Corporate,Japan,APAC,Tokyo,7,1393.0,5.0%,69.65,1323.35,560.00,763.35,57.7%,33.94,Standard,Delivered,5
14-01-2025,18-01-2025,BE-11929,In-Store,Critical,PROD-SMA-67,Smart Home,Beacon Camera,35.0,99.0,CUST-680,Customer 680,Consumer,Mexico,LATAM,Mexico City,11,1089.0,0.0%,0.00,1089.00,385.00,704.00,64.7%,38.62,Overnight,Delivered,4
06-02-2026,08-02-2026,BE-11930,In-Store,High,PROD-AUD-87,Audio,Wave Soundbar,110.0,299.0,CUST-248,Customer 248,Corporate,Germany,EMEA,Berlin,7,2093.0,0.0%,0.00,2093.00,770.00,1323.00,63.2%,16.51,Standard,Delivered,4
19-04-2025,26-04-2025,BE-11931,Distributor,Low,PROD-COM-46,Computing,Titan Laptop,600.0,1299.0,CUST-194,Customer 194,Education,Brazil,LATAM,Sao Paulo,13,16887.0,15.0%,2533.05,14353.95,7800.00,6553.95,45.7%,58.11,Overnight,Delivered,4
29-10-2024,05-11-2024,BE-11932,Distributor,Low,PROD-WEA-40,Wearables,Aura Smart Ring,70.0,199.0,CUST-350,Customer 350,Consumer,Australia,APAC,Sydney,9,1791.0,0.0%,0.00,1791.00,630.00,1161.00,64.8%,36.35,Standard,Delivered,3
14-04-2024,16-04-2024,BE-11933,In-Store,High,PROD-AUD-62,Audio,Aero Headphones,80.0,199.0,CUST-703,Customer 703,Corporate,Brazil,LATAM,Sao Paulo,1,199.0,5.0%,9.95,189.05,80.00,109.05,57.7%,3.51,Standard,Delivered,4
15-10-2025,18-10-2025,BE-11934,Online,Low,PROD-AUD-78,Audio,Wave Soundbar,110.0,299.0,CUST-361,Customer 361,Consumer,Brazil,LATAM,Sao Paulo,10,2990.0,5.0%,149.50,2840.50,1100.00,1740.50,61.3%,38.24,Standard,Delayed,3
10-01-2025,13-01-2025,BE-11935,Distributor,Critical,PROD-WEA-78,Wearables,FitTrack Watch,50.0,149.0,CUST-851,Customer 851,Corporate,UK,EMEA,London,3,447.0,20.0%,89.40,357.60,150.00,207.60,58.1%,10.52,Standard,Delivered,4
28-05-2025,30-05-2025,BE-11936,In-Store,Medium,PROD-AUD-64,Audio,Wave Soundbar,110.0,299.0,CUST-804,Customer 804,Consumer,Brazil,LATAM,Sao Paulo,9,2691.0,5.0%,134.55,2556.45,990.00,1566.45,61.3%,41.96,Express,Delivered,5
21-04-2026,25-04-2026,BE-11937,Online,Medium,PROD-WEA-20,Wearables,FitTrack Watch,50.0,149.0,CUST-651,Customer 651,Corporate,India,APAC,Mumbai,12,1788.0,15.0%,268.20,1519.80,600.00,919.80,60.5%,27.72,Express,Delivered,4
23-06-2025,25-06-2025,BE-11938,Distributor,Medium,PROD-COM-30,Computing,Pro Monitor 27,120.0,279.0,CUST-806,Customer 806,Education,France,EMEA,Paris,6,1674.0,10.0%,167.40,1506.60,720.00,786.60,52.2%,29.28,Overnight,Delivered,4
17-03-2026,19-03-2026,BE-11939,In-Store,High,PROD-SMA-17,Smart Home,Beacon Camera,35.0,99.0,CUST-539,Customer 539,Consumer,India,APAC,Mumbai,7,693.0,0.0%,0.00,693.00,245.00,448.00,64.7%,34.01,Overnight,Delayed,4
02-04-2026,04-04-2026,BE-11940,In-Store,Medium,PROD-AUD-37,Audio,Wave Soundbar,110.0,299.0,CUST-739,Customer 739,Consumer,USA,NA,Los Angeles,3,897.0,0.0%,0.00,897.00,330.00,567.00,63.2%,6.60,Express,Delivered,3
01-09-2024,03-09-2024,BE-11941,Distributor,Low,PROD-COM-22,Computing,Titan Laptop,600.0,1299.0,CUST-515,Customer 515,Education,Australia,APAC,Sydney,2,2598.0,0.0%,0.00,2598.00,1200.00,1398.00,53.8%,5.24,Standard,Delivered,4
24-05-2025,26-05-2025,BE-11942,Online,High,PROD-WEA-56,Wearables,FitTrack Watch,50.0,149.0,CUST-878,Customer 878,Education,USA,NA,Los Angeles,3,447.0,15.0%,67.05,379.95,150.00,229.95,60.5%,12.59,Standard,Delivered,5
17-04-2025,18-04-2025,BE-11943,Distributor,High,PROD-SMA-73,Smart Home,Beacon Camera,35.0,99.0,CUST-705,Customer 705,Consumer,Japan,APAC,Tokyo,2,198.0,0.0%,0.00,198.00,70.00,128.00,64.7%,4.66,Overnight,Delivered,4
24-06-2024,28-06-2024,BE-11944,Online,Medium,PROD-AUD-39,Audio,Aero Headphones,80.0,199.0,CUST-772,Customer 772,Education,Brazil,LATAM,Sao Paulo,7,1393.0,15.0%,208.95,1184.05,560.00,624.05,52.7%,23.20,Standard,Delayed,5
14-08-2024,19-08-2024,BE-11945,In-Store,Medium,PROD-MOB-62,Mobile,Alpha Lite,150.0,349.0,CUST-848,Customer 848,Education,Japan,APAC,Tokyo,12,4188.0,0.0%,0.00,4188.00,1800.00,2388.00,57.0%,45.62,Express,Delivered,5
28-03-2025,02-04-2025,BE-11946,In-Store,High,PROD-COM-89,Computing,Apex Desktop,750.0,1599.0,CUST-287,Customer 287,Education,Brazil,LATAM,Sao Paulo,13,20787.0,0.0%,0.00,20787.00,9750.00,11037.00,53.1%,63.05,Overnight,Delivered,5
14-06-2026,20-06-2026,BE-11947,Online,Medium,PROD-COM-55,Computing,Pro Monitor 27,120.0,279.0,CUST-776,Customer 776,Education,USA,NA,Los Angeles,3,837.0,0.0%,0.00,837.00,360.00,477.00,57.0%,12.09,Standard,Delivered,4
30-07-2025,03-08-2025,BE-11948,In-Store,Critical,PROD-COM-90,Computing,Apex Desktop,750.0,1599.0,CUST-524,Customer 524,Consumer,India,APAC,Mumbai,5,7995.0,0.0%,0.00,7995.00,3750.00,4245.00,53.1%,10.72,Express,Delivered,3
24-07-2025,26-07-2025,BE-11949,In-Store,High,PROD-COM-77,Computing,Pro Monitor 27,120.0,279.0,CUST-477,Customer 477,Education,Australia,APAC,Sydney,13,3627.0,5.0%,181.35,3445.65,1560.00,1885.65,54.7%,52.36,Overnight,Delivered,4
26-02-2024,29-02-2024,BE-11950,In-Store,Critical,PROD-AUD-64,Audio,Aero Headphones,80.0,199.0,CUST-222,Customer 222,Corporate,Mexico,LATAM,Mexico City,12,2388.0,0.0%,0.00,2388.00,960.00,1428.00,59.8%,43.61,Overnight,Delivered,4
25-05-2025,27-05-2025,BE-11951,Online,Medium,PROD-AUD-44,Audio,NeoBuds Pro,45.0,120.0,CUST-488,Customer 488,Consumer,Mexico,LATAM,Mexico City,3,360.0,5.0%,18.00,342.00,135.00,207.00,60.5%,9.43,Express,Delivered,4
30-03-2026,03-04-2026,BE-11952,Distributor,Medium,PROD-MOB-18,Mobile,Quantum Phone X,400.0,899.0,CUST-137,Customer 137,Corporate,USA,NA,Los Angeles,11,9889.0,5.0%,494.45,9394.55,4400.00,4994.55,53.2%,46.49,Express,Delivered,4
11-04-2024,15-04-2024,BE-11953,Distributor,Medium,PROD-AUD-16,Audio,Wave Soundbar,110.0,299.0,CUST-469,Customer 469,Consumer,India,APAC,Mumbai,3,897.0,15.0%,134.55,762.45,330.00,432.45,56.7%,10.51,Express,Delivered,5
11-05-2026,15-05-2026,BE-11954,Online,Low,PROD-COM-47,Computing,Apex Desktop,750.0,1599.0,CUST-880,Customer 880,Consumer,UK,EMEA,London,9,14391.0,0.0%,0.00,14391.00,6750.00,7641.00,53.1%,20.33,Express,Delivered,5
11-06-2026,15-06-2026,BE-11955,Online,High,PROD-AUD-21,Audio,Aero Headphones,80.0,199.0,CUST-290,Customer 290,Education,Brazil,LATAM,Sao Paulo,12,2388.0,0.0%,0.00,2388.00,960.00,1428.00,59.8%,33.45,Express,Delivered,5
30-01-2026,01-02-2026,BE-11956,Online,Medium,PROD-WEA-42,Wearables,Aura Smart Ring,70.0,199.0,CUST-260,Customer 260,Corporate,USA,NA,New York,2,398.0,0.0%,0.00,398.00,140.00,258.00,64.8%,9.78,Overnight,Delivered,3
29-05-2024,31-05-2024,BE-11957,Online,Medium,PROD-COM-22,Computing,Apex Desktop,750.0,1599.0,CUST-848,Customer 848,Consumer,Germany,EMEA,Berlin,13,20787.0,5.0%,1039.35,19747.65,9750.00,9997.65,50.6%,34.05,Overnight,Delivered,3
22-10-2025,25-10-2025,BE-11958,In-Store,Medium,PROD-AUD-81,Audio,Aero Headphones,80.0,199.0,CUST-644,Customer 644,Corporate,Mexico,LATAM,Mexico City,1,199.0,10.0%,19.90,179.10,80.00,99.10,55.3%,2.06,Standard,Delivered,3
26-03-2025,29-03-2025,BE-11959,In-Store,High,PROD-SMA-15,Smart Home,Omni Speaker,25.0,69.0,CUST-667,Customer 667,Corporate,Australia,APAC,Sydney,9,621.0,0.0%,0.00,621.00,225.00,396.00,63.8%,21.43,Standard,Delayed,5
28-10-2025,30-10-2025,BE-11960,Distributor,Medium,PROD-AUD-53,Audio,Wave Soundbar,110.0,299.0,CUST-333,Customer 333,Consumer,India,APAC,Mumbai,10,2990.0,0.0%,0.00,2990.00,1100.00,1890.00,63.2%,48.33,Overnight,Delivered,5
02-08-2024,07-08-2024,BE-11961,Distributor,Medium,PROD-COM-84,Computing,Titan Laptop,600.0,1299.0,CUST-711,Customer 711,Education,Canada,NA,Toronto,3,3897.0,5.0%,194.85,3702.15,1800.00,1902.15,51.4%,7.56,Overnight,Delivered,3
09-04-2026,12-04-2026,BE-11962,Online,Low,PROD-SMA-23,Smart Home,Omni Speaker,25.0,69.0,CUST-422,Customer 422,Education,India,APAC,Mumbai,8,552.0,5.0%,27.60,524.40,200.00,324.40,61.9%,34.19,Express,Delivered,4
27-09-2024,30-09-2024,BE-11963,Distributor,High,PROD-AUD-16,Audio,Aero Headphones,80.0,199.0,CUST-968,Customer 968,Corporate,Germany,EMEA,Berlin,3,597.0,10.0%,59.70,537.30,240.00,297.30,55.3%,8.96,Express,Delivered,5
17-10-2024,22-10-2024,BE-11964,Online,Medium,PROD-WEA-23,Wearables,Aura Smart Ring,70.0,199.0,CUST-807,Customer 807,Corporate,Brazil,LATAM,Sao Paulo,4,796.0,0.0%,0.00,796.00,280.00,516.00,64.8%,12.86,Overnight,Delivered,5
02-06-2026,04-06-2026,BE-11965,In-Store,Low,PROD-MOB-65,Mobile,Alpha Lite,150.0,349.0,CUST-741,Customer 741,Consumer,Australia,APAC,Sydney,4,1396.0,0.0%,0.00,1396.00,600.00,796.00,57.0%,15.68,Express,Delayed,4
07-10-2025,08-10-2025,BE-11966,In-Store,Medium,PROD-MOB-37,Mobile,Alpha Lite,150.0,349.0,CUST-435,Customer 435,Education,France,EMEA,Paris,11,3839.0,5.0%,191.95,3647.05,1650.00,1997.05,54.8%,23.10,Express,Delivered,4
15-01-2025,17-01-2025,BE-11967,Online,Medium,PROD-AUD-91,Audio,Wave Soundbar,110.0,299.0,CUST-374,Customer 374,Education,Japan,APAC,Tokyo,12,3588.0,0.0%,0.00,3588.00,1320.00,2268.00,63.2%,48.52,Standard,Delivered,2
16-01-2026,20-01-2026,BE-11968,Online,Medium,PROD-MOB-37,Mobile,Alpha Lite,150.0,349.0,CUST-694,Customer 694,Consumer,UK,EMEA,London,11,3839.0,0.0%,0.00,3839.00,1650.00,2189.00,57.0%,30.45,Standard,Delivered,4
18-12-2024,23-12-2024,BE-11969,Online,Medium,PROD-COM-29,Computing,Apex Desktop,750.0,1599.0,CUST-949,Customer 949,Education,Brazil,LATAM,Sao Paulo,12,19188.0,5.0%,959.40,18228.60,9000.00,9228.60,50.6%,49.06,Express,Delivered,4
14-12-2024,15-12-2024,BE-11970,Distributor,High,PROD-MOB-95,Mobile,Alpha Lite,150.0,349.0,CUST-233,Customer 233,Consumer,USA,NA,Los Angeles,6,2094.0,0.0%,0.00,2094.00,900.00,1194.00,57.0%,19.61,Standard,Delivered,5
24-04-2024,28-04-2024,BE-11971,Online,Medium,PROD-AUD-88,Audio,NeoBuds Pro,45.0,120.0,CUST-641,Customer 641,Consumer,UK,EMEA,London,3,360.0,0.0%,0.00,360.00,135.00,225.00,62.5%,14.00,Overnight,Delivered,4
31-10-2025,03-11-2025,BE-11972,In-Store,Medium,PROD-SMA-29,Smart Home,Beacon Camera,35.0,99.0,CUST-347,Customer 347,Corporate,Brazil,LATAM,Sao Paulo,4,396.0,10.0%,39.60,356.40,140.00,216.40,60.7%,9.48,Overnight,Delivered,3
06-06-2025,09-06-2025,BE-11973,Online,Medium,PROD-WEA-34,Wearables,FitTrack Watch,50.0,149.0,CUST-815,Customer 815,Education,Australia,APAC,Sydney,10,1490.0,5.0%,74.50,1415.50,500.00,915.50,64.7%,32.62,Overnight,Delivered,4
08-01-2025,12-01-2025,BE-11974,Distributor,Medium,PROD-COM-57,Computing,Titan Laptop,600.0,1299.0,CUST-396,Customer 396,Education,Mexico,LATAM,Mexico City,2,2598.0,10.0%,259.80,2338.20,1200.00,1138.20,48.7%,5.21,Standard,Returned,4
16-08-2025,21-08-2025,BE-11975,In-Store,Medium,PROD-SMA-72,Smart Home,Omni Speaker,25.0,69.0,CUST-202,Customer 202,Corporate,Japan,APAC,Tokyo,7,483.0,5.0%,24.15,458.85,175.00,283.85,61.9%,20.93,Express,Delivered,5
07-12-2025,11-12-2025,BE-11976,In-Store,Medium,PROD-COM-93,Computing,Titan Laptop,600.0,1299.0,CUST-706,Customer 706,Consumer,USA,NA,New York,8,10392.0,5.0%,519.60,9872.40,4800.00,5072.40,51.4%,25.43,Overnight,Delivered,4
31-01-2024,02-02-2024,BE-11977,Distributor,High,PROD-AUD-58,Audio,NeoBuds Pro,45.0,120.0,CUST-192,Customer 192,Consumer,France,EMEA,Paris,2,240.0,15.0%,36.00,204.00,90.00,114.00,55.9%,9.36,Standard,Delivered,5
17-03-2026,21-03-2026,BE-11978,In-Store,Low,PROD-COM-28,Computing,Titan Laptop,600.0,1299.0,CUST-126,Customer 126,Education,Japan,APAC,Tokyo,3,3897.0,0.0%,0.00,3897.00,1800.00,2097.00,53.8%,10.52,Standard,Delivered,4
04-06-2024,11-06-2024,BE-11979,Online,Low,PROD-COM-75,Computing,Titan Laptop,600.0,1299.0,CUST-681,Customer 681,Corporate,Mexico,LATAM,Mexico City,2,2598.0,0.0%,0.00,2598.00,1200.00,1398.00,53.8%,7.62,Express,Delivered,5
17-01-2026,21-01-2026,BE-11980,Online,Medium,PROD-WEA-62,Wearables,FitTrack Watch,50.0,149.0,CUST-560,Customer 560,Corporate,Japan,APAC,Tokyo,14,2086.0,10.0%,208.60,1877.40,700.00,1177.40,62.7%,58.36,Overnight,Delivered,2
02-08-2024,04-08-2024,BE-11981,Distributor,Low,PROD-WEA-10,Wearables,Aura Smart Ring,70.0,199.0,CUST-672,Customer 672,Corporate,Canada,NA,Toronto,9,1791.0,10.0%,179.10,1611.90,630.00,981.90,60.9%,38.89,Overnight,Delivered,2
02-08-2024,04-08-2024,BE-11982,In-Store,Low,PROD-COM-23,Computing,Titan Laptop,600.0,1299.0,CUST-588,Customer 588,Education,USA,NA,Los Angeles,11,14289.0,0.0%,0.00,14289.00,6600.00,7689.00,53.8%,47.03,Express,Delivered,5
23-10-2025,26-10-2025,BE-11983,Distributor,Medium,PROD-MOB-70,Mobile,Quantum Phone X,400.0,899.0,CUST-677,Customer 677,Consumer,USA,NA,Los Angeles,11,9889.0,0.0%,0.00,9889.00,4400.00,5489.00,55.5%,25.20,Standard,Delivered,5
21-02-2024,24-02-2024,BE-11984,Online,Low,PROD-SMA-17,Smart Home,Omni Speaker,25.0,69.0,CUST-510,Customer 510,Consumer,Brazil,LATAM,Sao Paulo,13,897.0,5.0%,44.85,852.15,325.00,527.15,61.9%,61.22,Standard,Delivered,5
10-08-2025,13-08-2025,BE-11985,Online,Medium,PROD-MOB-92,Mobile,Quantum Phone X,400.0,899.0,CUST-469,Customer 469,Education,Germany,EMEA,Berlin,1,899.0,5.0%,44.95,854.05,400.00,454.05,53.2%,2.28,Overnight,Delivered,4
08-05-2025,11-05-2025,BE-11986,In-Store,Low,PROD-MOB-71,Mobile,Quantum Phone X,400.0,899.0,CUST-726,Customer 726,Consumer,Canada,NA,Toronto,10,8990.0,0.0%,0.00,8990.00,4000.00,4990.00,55.5%,36.07,Overnight,Delivered,5
01-12-2024,05-12-2024,BE-11987,Distributor,High,PROD-SMA-46,Smart Home,Beacon Camera,35.0,99.0,CUST-577,Customer 577,Consumer,Canada,NA,Toronto,13,1287.0,0.0%,0.00,1287.00,455.00,832.00,64.7%,37.21,Overnight,Delivered,1
31-03-2024,01-04-2024,BE-11988,Online,Medium,PROD-MOB-70,Mobile,Alpha Lite,150.0,349.0,CUST-727,Customer 727,Consumer,Canada,NA,Toronto,6,2094.0,0.0%,0.00,2094.00,900.00,1194.00,57.0%,21.02,Overnight,Delivered,5
13-01-2024,17-01-2024,BE-11989,Online,Medium,PROD-WEA-20,Wearables,FitTrack Watch,50.0,149.0,CUST-422,Customer 422,Education,Mexico,LATAM,Mexico City,3,447.0,15.0%,67.05,379.95,150.00,229.95,60.5%,8.10,Overnight,Delivered,4
30-09-2025,02-10-2025,BE-11990,Distributor,High,PROD-COM-69,Computing,Titan Laptop,600.0,1299.0,CUST-605,Customer 605,Consumer,Germany,EMEA,Berlin,14,18186.0,10.0%,1818.60,16367.40,8400.00,7967.40,48.7%,39.58,Overnight,Delivered,3
10-04-2024,13-04-2024,BE-11991,Online,Low,PROD-AUD-86,Audio,NeoBuds Pro,45.0,120.0,CUST-979,Customer 979,Education,USA,NA,New York,10,1200.0,0.0%,0.00,1200.00,450.00,750.00,62.5%,33.75,Overnight,Delivered,4
06-10-2024,10-10-2024,BE-11992,In-Store,High,PROD-MOB-63,Mobile,Quantum Phone X,400.0,899.0,CUST-899,Customer 899,Consumer,Brazil,LATAM,Sao Paulo,1,899.0,10.0%,89.90,809.10,400.00,409.10,50.6%,4.16,Overnight,Delivered,2
25-05-2026,01-06-2026,BE-11993,In-Store,Medium,PROD-SMA-71,Smart Home,Beacon Camera,35.0,99.0,CUST-806,Customer 806,Corporate,Germany,EMEA,Berlin,14,1386.0,10.0%,138.60,1247.40,490.00,757.40,60.7%,30.51,Express,Delivered,5
11-02-2024,16-02-2024,BE-11994,Distributor,Low,PROD-COM-85,Computing,Pro Monitor 27,120.0,279.0,CUST-886,Customer 886,Consumer,Germany,EMEA,Berlin,3,837.0,15.0%,125.55,711.45,360.00,351.45,49.4%,9.49,Express,Delivered,4
26-04-2025,30-04-2025,BE-11995,Online,Low,PROD-COM-48,Computing,Pro Monitor 27,120.0,279.0,CUST-315,Customer 315,Corporate,Germany,EMEA,Berlin,5,1395.0,5.0%,69.75,1325.25,600.00,725.25,54.7%,15.59,Express,Delivered,1
03-02-2025,05-02-2025,BE-11996,In-Store,Medium,PROD-WEA-86,Wearables,Aura Smart Ring,70.0,199.0,CUST-664,Customer 664,Education,Canada,NA,Toronto,11,2189.0,0.0%,0.00,2189.00,770.00,1419.00,64.8%,43.86,Overnight,Delivered,5
27-09-2024,29-09-2024,BE-11997,Online,Medium,PROD-SMA-93,Smart Home,Beacon Camera,35.0,99.0,CUST-666,Customer 666,Corporate,Japan,APAC,Tokyo,8,792.0,0.0%,0.00,792.00,280.00,512.00,64.7%,39.88,Standard,Delivered,5
02-09-2025,07-09-2025,BE-11998,In-Store,Medium,PROD-AUD-51,Audio,Wave Soundbar,110.0,299.0,CUST-922,Customer 922,Education,USA,NA,Los Angeles,14,4186.0,10.0%,418.60,3767.40,1540.00,2227.40,59.1%,51.06,Standard,Delivered,4
12-07-2024,16-07-2024,BE-11999,In-Store,Medium,PROD-MOB-31,Mobile,Quantum Phone X,400.0,899.0,CUST-540,Customer 540,Consumer,Australia,APAC,Sydney,4,3596.0,5.0%,179.80,3416.20,1600.00,1816.20,53.2%,14.53,Express,Delivered,2
28-04-2026,01-05-2026,BE-12000,In-Store,High,PROD-MOB-13,Mobile,Quantum Phone X,400.0,899.0,CUST-521,Customer 521,Consumer,Mexico,LATAM,Mexico City,14,12586.0,10.0%,1258.60,11327.40,5600.00,5727.40,50.6%,68.03,Express,Delivered,1
11-02-2026,13-02-2026,BE-12001,In-Store,Medium,PROD-WEA-66,Wearables,Aura Smart Ring,70.0,199.0,CUST-124,Customer 124,Corporate,UK,EMEA,London,9,1791.0,0.0%,0.00,1791.00,630.00,1161.00,64.8%,32.44,Express,Delayed,4
04-11-2024,10-11-2024,BE-12002,In-Store,Low,PROD-COM-12,Computing,Apex Desktop,750.0,1599.0,CUST-400,Customer 400,Education,Canada,NA,Toronto,14,22386.0,5.0%,1119.30,21266.70,10500.00,10766.70,50.6%,68.16,Express,Delivered,1
24-11-2024,29-11-2024,BE-12003,Distributor,High,PROD-MOB-43,Mobile,Alpha Lite,150.0,349.0,CUST-594,Customer 594,Corporate,USA,NA,Los Angeles,3,1047.0,15.0%,157.05,889.95,450.00,439.95,49.4%,12.65,Standard,Delivered,4
12-06-2024,14-06-2024,BE-12004,Distributor,Medium,PROD-AUD-18,Audio,Aero Headphones,80.0,199.0,CUST-988,Customer 988,Education,Mexico,LATAM,Mexico City,1,199.0,15.0%,29.85,169.15,80.00,89.15,52.7%,3.66,Standard,Delivered,3
21-05-2024,24-05-2024,BE-12005,Distributor,Medium,PROD-WEA-41,Wearables,FitTrack Watch,50.0,149.0,CUST-680,Customer 680,Education,Canada,NA,Toronto,5,745.0,10.0%,74.50,670.50,250.00,420.50,62.7%,17.50,Overnight,Delivered,4
29-01-2026,05-02-2026,BE-12006,Online,Critical,PROD-COM-63,Computing,Titan Laptop,600.0,1299.0,CUST-481,Customer 481,Corporate,France,EMEA,Paris,14,18186.0,5.0%,909.30,17276.70,8400.00,8876.70,51.4%,33.24,Express,Delivered,2
01-12-2024,04-12-2024,BE-12007,In-Store,Low,PROD-AUD-35,Audio,NeoBuds Pro,45.0,120.0,CUST-757,Customer 757,Consumer,USA,NA,New York,8,960.0,15.0%,144.00,816.00,360.00,456.00,55.9%,23.23,Overnight,Delivered,3
05-08-2025,08-08-2025,BE-12008,Online,High,PROD-SMA-89,Smart Home,Omni Speaker,25.0,69.0,CUST-298,Customer 298,Consumer,Brazil,LATAM,Sao Paulo,3,207.0,0.0%,0.00,207.00,75.00,132.00,63.8%,7.21,Overnight,Delivered,3
20-01-2026,23-01-2026,BE-12009,Online,Medium,PROD-SMA-88,Smart Home,Beacon Camera,35.0,99.0,CUST-432,Customer 432,Education,Australia,APAC,Sydney,4,396.0,5.0%,19.80,376.20,140.00,236.20,62.8%,8.57,Standard,Delivered,2
16-02-2026,17-02-2026,BE-12010,In-Store,Critical,PROD-SMA-61,Smart Home,Omni Speaker,25.0,69.0,CUST-837,Customer 837,Corporate,Mexico,LATAM,Mexico City,11,759.0,0.0%,0.00,759.00,275.00,484.00,63.8%,25.26,Standard,Returned,4
05-03-2024,09-03-2024,BE-12011,Distributor,Low,PROD-SMA-25,Smart Home,Omni Speaker,25.0,69.0,CUST-151,Customer 151,Consumer,India,APAC,Mumbai,8,552.0,0.0%,0.00,552.00,200.00,352.00,63.8%,21.88,Standard,Delivered,4
19-04-2026,24-04-2026,BE-12012,Distributor,Medium,PROD-COM-34,Computing,Apex Desktop,750.0,1599.0,CUST-966,Customer 966,Consumer,Brazil,LATAM,Sao Paulo,6,9594.0,0.0%,0.00,9594.00,4500.00,5094.00,53.1%,20.84,Standard,Delivered,5
27-03-2024,31-03-2024,BE-12013,Distributor,Medium,PROD-SMA-11,Smart Home,Beacon Camera,35.0,99.0,CUST-267,Customer 267,Education,UK,EMEA,London,6,594.0,5.0%,29.70,564.30,210.00,354.30,62.8%,24.21,Standard,Delivered,5
22-02-2024,24-02-2024,BE-12014,In-Store,Low,PROD-MOB-85,Mobile,Quantum Phone X,400.0,899.0,CUST-232,Customer 232,Consumer,Brazil,LATAM,Sao Paulo,14,12586.0,0.0%,0.00,12586.00,5600.00,6986.00,55.5%,47.07,Overnight,Returned,5
08-03-2026,09-03-2026,BE-12015,Online,High,PROD-WEA-34,Wearables,FitTrack Watch,50.0,149.0,CUST-412,Customer 412,Consumer,France,EMEA,Paris,14,2086.0,0.0%,0.00,2086.00,700.00,1386.00,66.4%,40.86,Express,Delivered,5
24-01-2026,28-01-2026,BE-12016,Online,Critical,PROD-SMA-41,Smart Home,Beacon Camera,35.0,99.0,CUST-629,Customer 629,Consumer,UK,EMEA,London,5,495.0,0.0%,0.00,495.00,175.00,320.00,64.7%,13.85,Express,Delivered,4
01-01-2024,08-01-2024,BE-12017,In-Store,Critical,PROD-WEA-97,Wearables,Aura Smart Ring,70.0,199.0,CUST-200,Customer 200,Consumer,Mexico,LATAM,Mexico City,8,1592.0,20.0%,318.40,1273.60,560.00,713.60,56.0%,21.54,Standard,Delivered,5
16-11-2024,19-11-2024,BE-12018,Online,Low,PROD-WEA-38,Wearables,Aura Smart Ring,70.0,199.0,CUST-913,Customer 913,Education,Mexico,LATAM,Mexico City,2,398.0,0.0%,0.00,398.00,140.00,258.00,64.8%,4.13,Standard,Delivered,4
03-06-2024,04-06-2024,BE-12019,In-Store,Medium,PROD-AUD-33,Audio,Aero Headphones,80.0,199.0,CUST-403,Customer 403,Consumer,India,APAC,Mumbai,13,2587.0,5.0%,129.35,2457.65,1040.00,1417.65,57.7%,45.88,Standard,Delivered,4
10-12-2025,14-12-2025,BE-12020,In-Store,Medium,PROD-MOB-33,Mobile,Alpha Lite,150.0,349.0,CUST-646,Customer 646,Consumer,UK,EMEA,London,3,1047.0,20.0%,209.40,837.60,450.00,387.60,46.3%,13.59,Overnight,Delivered,5
11-11-2024,15-11-2024,BE-12021,Online,Medium,PROD-SMA-76,Smart Home,Beacon Camera,35.0,99.0,CUST-341,Customer 341,Corporate,Brazil,LATAM,Sao Paulo,11,1089.0,0.0%,0.00,1089.00,385.00,704.00,64.7%,30.18,Overnight,Delivered,3
19-10-2024,23-10-2024,BE-12022,Distributor,High,PROD-SMA-74,Smart Home,Omni Speaker,25.0,69.0,CUST-407,Customer 407,Consumer,USA,NA,New York,7,483.0,0.0%,0.00,483.00,175.00,308.00,63.8%,22.62,Standard,Delivered,5
14-11-2024,18-11-2024,BE-12023,In-Store,Medium,PROD-MOB-88,Mobile,Quantum Phone X,400.0,899.0,CUST-830,Customer 830,Consumer,Japan,APAC,Tokyo,12,10788.0,0.0%,0.00,10788.00,4800.00,5988.00,55.5%,41.86,Express,Delivered,3
17-02-2025,19-02-2025,BE-12024,Distributor,Critical,PROD-AUD-21,Audio,Wave Soundbar,110.0,299.0,CUST-498,Customer 498,Education,Japan,APAC,Tokyo,8,2392.0,5.0%,119.60,2272.40,880.00,1392.40,61.3%,27.31,Overnight,Delivered,3
01-05-2025,04-05-2025,BE-12025,Distributor,Medium,PROD-COM-90,Computing,Titan Laptop,600.0,1299.0,CUST-824,Customer 824,Corporate,Brazil,LATAM,Sao Paulo,8,10392.0,10.0%,1039.20,9352.80,4800.00,4552.80,48.7%,39.13,Overnight,Delivered,3
27-04-2024,01-05-2024,BE-12026,Distributor,Critical,PROD-COM-26,Computing,Apex Desktop,750.0,1599.0,CUST-814,Customer 814,Consumer,Australia,APAC,Sydney,1,1599.0,15.0%,239.85,1359.15,750.00,609.15,44.8%,4.12,Standard,Delivered,5
19-05-2025,23-05-2025,BE-12027,In-Store,Medium,PROD-COM-45,Computing,Titan Laptop,600.0,1299.0,CUST-494,Customer 494,Corporate,USA,NA,New York,11,14289.0,15.0%,2143.35,12145.65,6600.00,5545.65,45.7%,30.21,Overnight,Delivered,5
25-05-2026,29-05-2026,BE-12028,Online,High,PROD-MOB-41,Mobile,Quantum Phone X,400.0,899.0,CUST-608,Customer 608,Education,Canada,NA,Toronto,10,8990.0,0.0%,0.00,8990.00,4000.00,4990.00,55.5%,29.82,Express,Delivered,5
17-05-2024,20-05-2024,BE-12029,Distributor,Low,PROD-MOB-51,Mobile,Alpha Lite,150.0,349.0,CUST-731,Customer 731,Education,Germany,EMEA,Berlin,1,349.0,0.0%,0.00,349.00,150.00,199.00,57.0%,4.68,Overnight,Delivered,4
25-08-2024,28-08-2024,BE-12030,In-Store,High,PROD-COM-68,Computing,Apex Desktop,750.0,1599.0,CUST-234,Customer 234,Corporate,Japan,APAC,Tokyo,12,19188.0,15.0%,2878.20,16309.80,9000.00,7309.80,44.8%,26.70,Express,Delivered,5
03-06-2025,07-06-2025,BE-12031,Distributor,Low,PROD-COM-98,Computing,Titan Laptop,600.0,1299.0,CUST-862,Customer 862,Corporate,USA,NA,New York,12,15588.0,0.0%,0.00,15588.00,7200.00,8388.00,53.8%,28.04,Standard,Delivered,4
13-04-2024,16-04-2024,BE-12032,In-Store,Medium,PROD-SMA-78,Smart Home,Omni Speaker,25.0,69.0,CUST-442,Customer 442,Education,Germany,EMEA,Berlin,9,621.0,0.0%,0.00,621.00,225.00,396.00,63.8%,32.54,Express,Delivered,3
30-05-2024,03-06-2024,BE-12033,Online,Medium,PROD-AUD-38,Audio,Aero Headphones,80.0,199.0,CUST-606,Customer 606,Consumer,India,APAC,Mumbai,5,995.0,0.0%,0.00,995.00,400.00,595.00,59.8%,22.37,Express,Delivered,4
24-06-2025,25-06-2025,BE-12034,Online,Medium,PROD-MOB-94,Mobile,Alpha Lite,150.0,349.0,CUST-365,Customer 365,Consumer,Brazil,LATAM,Sao Paulo,1,349.0,0.0%,0.00,349.00,150.00,199.00,57.0%,4.04,Standard,Delivered,5
16-05-2024,17-05-2024,BE-12035,Online,Low,PROD-COM-33,Computing,Pro Monitor 27,120.0,279.0,CUST-484,Customer 484,Education,USA,NA,Los Angeles,4,1116.0,0.0%,0.00,1116.00,480.00,636.00,57.0%,19.04,Overnight,Delivered,5
25-11-2024,29-11-2024,BE-12036,Distributor,Critical,PROD-MOB-60,Mobile,Alpha Lite,150.0,349.0,CUST-407,Customer 407,Consumer,Brazil,LATAM,Sao Paulo,2,698.0,0.0%,0.00,698.00,300.00,398.00,57.0%,7.56,Overnight,Delivered,5
11-11-2025,15-11-2025,BE-12037,Distributor,Medium,PROD-COM-52,Computing,Titan Laptop,600.0,1299.0,CUST-315,Customer 315,Consumer,USA,NA,New York,7,9093.0,0.0%,0.00,9093.00,4200.00,4893.00,53.8%,18.83,Standard,Delivered,5
18-04-2025,21-04-2025,BE-12038,Online,Medium,PROD-AUD-94,Audio,Wave Soundbar,110.0,299.0,CUST-257,Customer 257,Consumer,UK,EMEA,London,4,1196.0,10.0%,119.60,1076.40,440.00,636.40,59.1%,15.35,Standard,Delivered,2
28-08-2025,01-09-2025,BE-12039,Online,Medium,PROD-SMA-65,Smart Home,Beacon Camera,35.0,99.0,CUST-312,Customer 312,Education,France,EMEA,Paris,12,1188.0,15.0%,178.20,1009.80,420.00,589.80,58.4%,30.13,Express,Delivered,4
18-05-2025,20-05-2025,BE-12040,Distributor,Medium,PROD-SMA-78,Smart Home,Omni Speaker,25.0,69.0,CUST-777,Customer 777,Consumer,USA,NA,Los Angeles,7,483.0,0.0%,0.00,483.00,175.00,308.00,63.8%,31.33,Overnight,Delivered,4
25-08-2024,27-08-2024,BE-12041,Online,Medium,PROD-SMA-52,Smart Home,Beacon Camera,35.0,99.0,CUST-199,Customer 199,Consumer,France,EMEA,Paris,5,495.0,0.0%,0.00,495.00,175.00,320.00,64.7%,21.04,Overnight,Delivered,4
16-04-2024,18-04-2024,BE-12042,Online,Low,PROD-COM-68,Computing,Apex Desktop,750.0,1599.0,CUST-671,Customer 671,Corporate,France,EMEA,Paris,7,11193.0,0.0%,0.00,11193.00,5250.00,5943.00,53.1%,29.54,Standard,Delivered,4
11-01-2024,14-01-2024,BE-12043,In-Store,Medium,PROD-SMA-36,Smart Home,Omni Speaker,25.0,69.0,CUST-258,Customer 258,Education,Brazil,LATAM,Sao Paulo,14,966.0,0.0%,0.00,966.00,350.00,616.00,63.8%,32.46,Overnight,Delivered,5
30-10-2025,02-11-2025,BE-12044,Online,High,PROD-AUD-53,Audio,Aero Headphones,80.0,199.0,CUST-330,Customer 330,Corporate,Australia,APAC,Sydney,2,398.0,0.0%,0.00,398.00,160.00,238.00,59.8%,7.36,Express,Delivered,4
31-03-2026,02-04-2026,BE-12045,In-Store,Medium,PROD-WEA-52,Wearables,FitTrack Watch,50.0,149.0,CUST-666,Customer 666,Consumer,Brazil,LATAM,Sao Paulo,7,1043.0,0.0%,0.00,1043.00,350.00,693.00,66.4%,22.58,Overnight,Delivered,1
07-12-2025,11-12-2025,BE-12046,Distributor,Medium,PROD-COM-30,Computing,Pro Monitor 27,120.0,279.0,CUST-574,Customer 574,Consumer,USA,NA,New York,4,1116.0,5.0%,55.80,1060.20,480.00,580.20,54.7%,12.90,Standard,Returned,5
24-03-2025,26-03-2025,BE-12047,Online,Low,PROD-WEA-18,Wearables,FitTrack Watch,50.0,149.0,CUST-969,Customer 969,Corporate,Australia,APAC,Sydney,12,1788.0,10.0%,178.80,1609.20,600.00,1009.20,62.7%,46.51,Standard,Delivered,5
18-05-2026,22-05-2026,BE-12048,Distributor,Medium,PROD-SMA-94,Smart Home,Beacon Camera,35.0,99.0,CUST-329,Customer 329,Consumer,Brazil,LATAM,Sao Paulo,6,594.0,0.0%,0.00,594.00,210.00,384.00,64.7%,25.58,Overnight,Delivered,4
15-12-2024,18-12-2024,BE-12049,Online,Low,PROD-SMA-67,Smart Home,Beacon Camera,35.0,99.0,CUST-986,Customer 986,Education,Australia,APAC,Sydney,12,1188.0,10.0%,118.80,1069.20,420.00,649.20,60.7%,29.27,Express,Delivered,4
13-04-2024,15-04-2024,BE-12050,In-Store,Low,PROD-AUD-79,Audio,Aero Headphones,80.0,199.0,CUST-440,Customer 440,Corporate,UK,EMEA,London,14,2786.0,5.0%,139.30,2646.70,1120.00,1526.70,57.7%,44.05,Express,Delivered,5
08-06-2024,13-06-2024,BE-12051,In-Store,Medium,PROD-AUD-47,Audio,Wave Soundbar,110.0,299.0,CUST-408,Customer 408,Consumer,India,APAC,Mumbai,9,2691.0,0.0%,0.00,2691.00,990.00,1701.00,63.2%,26.96,Express,Delivered,3
30-11-2024,04-12-2024,BE-12052,In-Store,High,PROD-MOB-54,Mobile,Alpha Lite,150.0,349.0,CUST-535,Customer 535,Education,Japan,APAC,Tokyo,2,698.0,0.0%,0.00,698.00,300.00,398.00,57.0%,4.89,Standard,Delivered,1
17-04-2026,18-04-2026,BE-12053,Distributor,High,PROD-AUD-90,Audio,Wave Soundbar,110.0,299.0,CUST-441,Customer 441,Corporate,Canada,NA,Toronto,3,897.0,0.0%,0.00,897.00,330.00,567.00,63.2%,8.67,Express,Delivered,5
04-04-2024,05-04-2024,BE-12054,Online,High,PROD-MOB-18,Mobile,Alpha Lite,150.0,349.0,CUST-634,Customer 634,Corporate,Germany,EMEA,Berlin,7,2443.0,5.0%,122.15,2320.85,1050.00,1270.85,54.8%,32.12,Overnight,Delivered,4
03-08-2025,07-08-2025,BE-12055,Distributor,Low,PROD-SMA-97,Smart Home,Omni Speaker,25.0,69.0,CUST-848,Customer 848,Consumer,USA,NA,Los Angeles,12,828.0,0.0%,0.00,828.00,300.00,528.00,63.8%,55.25,Overnight,Delivered,5
16-05-2024,19-05-2024,BE-12056,In-Store,Medium,PROD-AUD-72,Audio,NeoBuds Pro,45.0,120.0,CUST-846,Customer 846,Education,Brazil,LATAM,Sao Paulo,8,960.0,0.0%,0.00,960.00,360.00,600.00,62.5%,23.42,Express,Delivered,5
22-01-2024,28-01-2024,BE-12057,In-Store,Medium,PROD-SMA-29,Smart Home,Omni Speaker,25.0,69.0,CUST-974,Customer 974,Corporate,UK,EMEA,London,2,138.0,10.0%,13.80,124.20,50.00,74.20,59.7%,4.93,Overnight,Delivered,5
04-02-2024,08-02-2024,BE-12058,In-Store,Medium,PROD-SMA-56,Smart Home,Beacon Camera,35.0,99.0,CUST-993,Customer 993,Education,Australia,APAC,Sydney,3,297.0,10.0%,29.70,267.30,105.00,162.30,60.7%,9.91,Express,Delivered,4
23-05-2024,29-05-2024,BE-12059,Online,Critical,PROD-SMA-63,Smart Home,Omni Speaker,25.0,69.0,CUST-371,Customer 371,Education,Brazil,LATAM,Sao Paulo,10,690.0,5.0%,34.50,655.50,250.00,405.50,61.9%,24.28,Express,Delivered,1
13-12-2024,16-12-2024,BE-12060,In-Store,Critical,PROD-COM-33,Computing,Titan Laptop,600.0,1299.0,CUST-520,Customer 520,Consumer,USA,NA,Los Angeles,4,5196.0,10.0%,519.60,4676.40,2400.00,2276.40,48.7%,9.08,Overnight,Delivered,4
09-11-2025,13-11-2025,BE-12061,In-Store,Low,PROD-AUD-65,Audio,Aero Headphones,80.0,199.0,CUST-115,Customer 115,Education,France,EMEA,Paris,2,398.0,15.0%,59.70,338.30,160.00,178.30,52.7%,5.91,Express,Returned,5
27-03-2024,30-03-2024,BE-12062,Distributor,Medium,PROD-AUD-30,Audio,NeoBuds Pro,45.0,120.0,CUST-259,Customer 259,Consumer,Mexico,LATAM,Mexico City,10,1200.0,0.0%,0.00,1200.00,450.00,750.00,62.5%,27.98,Overnight,Delivered,4
22-03-2024,26-03-2024,BE-12063,Distributor,Medium,PROD-SMA-12,Smart Home,Omni Speaker,25.0,69.0,CUST-418,Customer 418,Consumer,Japan,APAC,Tokyo,8,552.0,15.0%,82.80,469.20,200.00,269.20,57.4%,21.35,Overnight,Delivered,5
02-02-2024,05-02-2024,BE-12064,In-Store,Medium,PROD-COM-45,Computing,Pro Monitor 27,120.0,279.0,CUST-967,Customer 967,Corporate,USA,NA,Los Angeles,13,3627.0,0.0%,0.00,3627.00,1560.00,2067.00,57.0%,63.29,Overnight,Delivered,3
17-06-2024,19-06-2024,BE-12065,Online,Medium,PROD-MOB-26,Mobile,Quantum Phone X,400.0,899.0,CUST-627,Customer 627,Education,Germany,EMEA,Berlin,4,3596.0,0.0%,0.00,3596.00,1600.00,1996.00,55.5%,19.11,Overnight,Delivered,5
11-07-2025,15-07-2025,BE-12066,Online,High,PROD-COM-96,Computing,Pro Monitor 27,120.0,279.0,CUST-872,Customer 872,Consumer,UK,EMEA,London,14,3906.0,0.0%,0.00,3906.00,1680.00,2226.00,57.0%,58.44,Express,Delivered,4
09-07-2025,11-07-2025,BE-12067,Distributor,Low,PROD-SMA-82,Smart Home,Omni Speaker,25.0,69.0,CUST-413,Customer 413,Consumer,France,EMEA,Paris,12,828.0,0.0%,0.00,828.00,300.00,528.00,63.8%,40.03,Overnight,Delivered,5
19-03-2024,23-03-2024,BE-12068,In-Store,High,PROD-WEA-40,Wearables,FitTrack Watch,50.0,149.0,CUST-502,Customer 502,Education,USA,NA,New York,6,894.0,0.0%,0.00,894.00,300.00,594.00,66.4%,27.51,Express,Delivered,4
29-10-2024,01-11-2024,BE-12069,Online,Critical,PROD-SMA-45,Smart Home,Omni Speaker,25.0,69.0,CUST-363,Customer 363,Corporate,Brazil,LATAM,Sao Paulo,7,483.0,5.0%,24.15,458.85,175.00,283.85,61.9%,30.98,Overnight,Delivered,5
15-09-2024,19-09-2024,BE-12070,Distributor,Medium,PROD-COM-93,Computing,Apex Desktop,750.0,1599.0,CUST-759,Customer 759,Education,Mexico,LATAM,Mexico City,9,14391.0,10.0%,1439.10,12951.90,6750.00,6201.90,47.9%,30.17,Standard,Delivered,5
07-09-2025,10-09-2025,BE-12071,Online,Medium,PROD-MOB-77,Mobile,Alpha Lite,150.0,349.0,CUST-322,Customer 322,Corporate,Brazil,LATAM,Sao Paulo,5,1745.0,10.0%,174.50,1570.50,750.00,820.50,52.2%,15.63,Overnight,Delivered,4
01-08-2024,05-08-2024,BE-12072,Online,Medium,PROD-COM-27,Computing,Titan Laptop,600.0,1299.0,CUST-218,Customer 218,Education,France,EMEA,Paris,7,9093.0,0.0%,0.00,9093.00,4200.00,4893.00,53.8%,28.02,Overnight,Delivered,5
27-10-2025,30-10-2025,BE-12073,Online,Low,PROD-COM-68,Computing,Titan Laptop,600.0,1299.0,CUST-320,Customer 320,Education,Australia,APAC,Sydney,5,6495.0,10.0%,649.50,5845.50,3000.00,2845.50,48.7%,16.40,Standard,Delivered,4
02-03-2024,04-03-2024,BE-12074,Distributor,Medium,PROD-MOB-10,Mobile,Alpha Lite,150.0,349.0,CUST-295,Customer 295,Corporate,USA,NA,Los Angeles,4,1396.0,0.0%,0.00,1396.00,600.00,796.00,57.0%,9.31,Standard,Delivered,5
17-02-2025,20-02-2025,BE-12075,In-Store,Medium,PROD-MOB-52,Mobile,Alpha Lite,150.0,349.0,CUST-858,Customer 858,Corporate,USA,NA,Los Angeles,1,349.0,0.0%,0.00,349.00,150.00,199.00,57.0%,3.86,Overnight,Delivered,5
17-08-2025,22-08-2025,BE-12076,In-Store,Medium,PROD-SMA-47,Smart Home,Beacon Camera,35.0,99.0,CUST-456,Customer 456,Education,UK,EMEA,London,7,693.0,5.0%,34.65,658.35,245.00,413.35,62.8%,33.22,Overnight,Delivered,3
24-04-2024,30-04-2024,BE-12077,Online,High,PROD-WEA-78,Wearables,FitTrack Watch,50.0,149.0,CUST-277,Customer 277,Consumer,USA,NA,Los Angeles,1,149.0,20.0%,29.80,119.20,50.00,69.20,58.1%,4.38,Express,Delivered,5
06-03-2025,08-03-2025,BE-12078,Distributor,Low,PROD-COM-83,Computing,Titan Laptop,600.0,1299.0,CUST-513,Customer 513,Consumer,Brazil,LATAM,Sao Paulo,4,5196.0,0.0%,0.00,5196.00,2400.00,2796.00,53.8%,8.89,Standard,Delivered,5
02-06-2024,06-06-2024,BE-12079,Distributor,Medium,PROD-SMA-35,Smart Home,Omni Speaker,25.0,69.0,CUST-741,Customer 741,Corporate,USA,NA,New York,9,621.0,0.0%,0.00,621.00,225.00,396.00,63.8%,37.43,Express,Delivered,1
21-07-2024,25-07-2024,BE-12080,In-Store,High,PROD-WEA-27,Wearables,FitTrack Watch,50.0,149.0,CUST-353,Customer 353,Corporate,France,EMEA,Paris,13,1937.0,5.0%,96.85,1840.15,650.00,1190.15,64.7%,58.23,Express,Delivered,2
15-05-2025,18-05-2025,BE-12081,Distributor,Low,PROD-WEA-77,Wearables,FitTrack Watch,50.0,149.0,CUST-113,Customer 113,Consumer,USA,NA,Los Angeles,2,298.0,0.0%,0.00,298.00,100.00,198.00,66.4%,9.32,Standard,Delivered,4
15-06-2024,18-06-2024,BE-12082,In-Store,Low,PROD-MOB-63,Mobile,Alpha Lite,150.0,349.0,CUST-734,Customer 734,Consumer,India,APAC,Mumbai,9,3141.0,10.0%,314.10,2826.90,1350.00,1476.90,52.2%,27.46,Standard,Delivered,4
06-05-2025,08-05-2025,BE-12083,Distributor,Low,PROD-MOB-85,Mobile,Alpha Lite,150.0,349.0,CUST-167,Customer 167,Education,Australia,APAC,Sydney,4,1396.0,15.0%,209.40,1186.60,600.00,586.60,49.4%,14.90,Overnight,Delivered,5
02-12-2024,04-12-2024,BE-12084,Distributor,Low,PROD-WEA-11,Wearables,Aura Smart Ring,70.0,199.0,CUST-652,Customer 652,Consumer,Australia,APAC,Sydney,4,796.0,0.0%,0.00,796.00,280.00,516.00,64.8%,8.81,Overnight,Delivered,4
10-05-2025,15-05-2025,BE-12085,Distributor,Medium,PROD-COM-28,Computing,Apex Desktop,750.0,1599.0,CUST-596,Customer 596,Consumer,Japan,APAC,Tokyo,4,6396.0,10.0%,639.60,5756.40,3000.00,2756.40,47.9%,13.69,Overnight,Delivered,4
18-06-2026,22-06-2026,BE-12086,Distributor,Medium,PROD-COM-48,Computing,Apex Desktop,750.0,1599.0,CUST-949,Customer 949,Corporate,Brazil,LATAM,Sao Paulo,8,12792.0,0.0%,0.00,12792.00,6000.00,6792.00,53.1%,16.01,Express,Delayed,4
02-08-2025,06-08-2025,BE-12087,In-Store,Low,PROD-MOB-50,Mobile,Alpha Lite,150.0,349.0,CUST-595,Customer 595,Education,USA,NA,New York,9,3141.0,0.0%,0.00,3141.00,1350.00,1791.00,57.0%,39.73,Express,Delivered,3
21-03-2024,24-03-2024,BE-12088,Online,High,PROD-COM-58,Computing,Titan Laptop,600.0,1299.0,CUST-823,Customer 823,Consumer,Japan,APAC,Tokyo,6,7794.0,5.0%,389.70,7404.30,3600.00,3804.30,51.4%,24.72,Standard,Delivered,5
19-04-2025,22-04-2025,BE-12089,In-Store,Low,PROD-AUD-30,Audio,Wave Soundbar,110.0,299.0,CUST-769,Customer 769,Corporate,Canada,NA,Toronto,12,3588.0,0.0%,0.00,3588.00,1320.00,2268.00,63.2%,49.73,Express,Delivered,5
21-05-2026,24-05-2026,BE-12090,Distributor,Medium,PROD-COM-98,Computing,Titan Laptop,600.0,1299.0,CUST-437,Customer 437,Corporate,India,APAC,Mumbai,3,3897.0,5.0%,194.85,3702.15,1800.00,1902.15,51.4%,8.93,Overnight,Delivered,5
06-06-2024,12-06-2024,BE-12091,Online,Medium,PROD-WEA-13,Wearables,FitTrack Watch,50.0,149.0,CUST-186,Customer 186,Consumer,Mexico,LATAM,Mexico City,5,745.0,10.0%,74.50,670.50,250.00,420.50,62.7%,24.42,Express,Delivered,5
28-08-2025,01-09-2025,BE-12092,Online,Medium,PROD-COM-74,Computing,Pro Monitor 27,120.0,279.0,CUST-524,Customer 524,Corporate,France,EMEA,Paris,4,1116.0,0.0%,0.00,1116.00,480.00,636.00,57.0%,10.33,Overnight,Delivered,3
22-08-2025,25-08-2025,BE-12093,Distributor,Medium,PROD-AUD-38,Audio,Aero Headphones,80.0,199.0,CUST-235,Customer 235,Consumer,UK,EMEA,London,2,398.0,5.0%,19.90,378.10,160.00,218.10,57.7%,8.35,Overnight,Delivered,4
16-05-2025,17-05-2025,BE-12094,Distributor,High,PROD-AUD-85,Audio,Wave Soundbar,110.0,299.0,CUST-434,Customer 434,Education,USA,NA,New York,5,1495.0,10.0%,149.50,1345.50,550.00,795.50,59.1%,21.94,Standard,Delivered,4
02-05-2026,05-05-2026,BE-12095,Distributor,Medium,PROD-MOB-39,Mobile,Alpha Lite,150.0,349.0,CUST-540,Customer 540,Education,Germany,EMEA,Berlin,3,1047.0,10.0%,104.70,942.30,450.00,492.30,52.2%,11.04,Express,Delivered,5
27-06-2025,29-06-2025,BE-12096,In-Store,Low,PROD-WEA-96,Wearables,FitTrack Watch,50.0,149.0,CUST-252,Customer 252,Corporate,Canada,NA,Toronto,4,596.0,0.0%,0.00,596.00,200.00,396.00,66.4%,8.94,Standard,Delivered,3
22-11-2025,24-11-2025,BE-12097,In-Store,High,PROD-AUD-83,Audio,Wave Soundbar,110.0,299.0,CUST-186,Customer 186,Education,Japan,APAC,Tokyo,11,3289.0,0.0%,0.00,3289.00,1210.00,2079.00,63.2%,39.05,Express,Delivered,5
23-05-2025,24-05-2025,BE-12098,In-Store,High,PROD-AUD-29,Audio,Aero Headphones,80.0,199.0,CUST-868,Customer 868,Consumer,Mexico,LATAM,Mexico City,2,398.0,10.0%,39.80,358.20,160.00,198.20,55.3%,7.33,Express,Delivered,1
02-04-2026,08-04-2026,BE-12099,In-Store,Critical,PROD-WEA-57,Wearables,Aura Smart Ring,70.0,199.0,CUST-804,Customer 804,Consumer,Mexico,LATAM,Mexico City,9,1791.0,5.0%,89.55,1701.45,630.00,1071.45,63.0%,23.23,Standard,Delivered,3
26-03-2025,30-03-2025,BE-12100,Online,Medium,PROD-MOB-97,Mobile,Alpha Lite,150.0,349.0,CUST-521,Customer 521,Corporate,USA,NA,New York,13,4537.0,0.0%,0.00,4537.00,1950.00,2587.00,57.0%,62.13,Standard,Delivered,3
25-04-2026,27-04-2026,BE-12101,Online,High,PROD-MOB-70,Mobile,Quantum Phone X,400.0,899.0,CUST-913,Customer 913,Education,USA,NA,New York,6,5394.0,20.0%,1078.80,4315.20,2400.00,1915.20,44.4%,23.74,Standard,Delivered,4
15-03-2025,17-03-2025,BE-12102,Online,Low,PROD-AUD-58,Audio,Aero Headphones,80.0,199.0,CUST-247,Customer 247,Corporate,India,APAC,Mumbai,10,1990.0,10.0%,199.00,1791.00,800.00,991.00,55.3%,23.60,Standard,Delivered,4
01-04-2026,06-04-2026,BE-12103,In-Store,Low,PROD-COM-78,Computing,Pro Monitor 27,120.0,279.0,CUST-918,Customer 918,Corporate,Canada,NA,Toronto,8,2232.0,0.0%,0.00,2232.00,960.00,1272.00,57.0%,30.42,Standard,Delayed,4
11-11-2024,16-11-2024,BE-12104,In-Store,Medium,PROD-WEA-90,Wearables,Aura Smart Ring,70.0,199.0,CUST-354,Customer 354,Consumer,USA,NA,Los Angeles,11,2189.0,0.0%,0.00,2189.00,770.00,1419.00,64.8%,26.45,Overnight,Delivered,5
17-03-2025,23-03-2025,BE-12105,Distributor,Medium,PROD-COM-12,Computing,Pro Monitor 27,120.0,279.0,CUST-394,Customer 394,Education,France,EMEA,Paris,6,1674.0,10.0%,167.40,1506.60,720.00,786.60,52.2%,15.60,Overnight,Delivered,5
11-12-2024,12-12-2024,BE-12106,Online,Low,PROD-WEA-30,Wearables,Aura Smart Ring,70.0,199.0,CUST-870,Customer 870,Corporate,USA,NA,Los Angeles,5,995.0,0.0%,0.00,995.00,350.00,645.00,64.8%,16.19,Express,Delivered,3
03-03-2025,07-03-2025,BE-12107,In-Store,Medium,PROD-AUD-71,Audio,NeoBuds Pro,45.0,120.0,CUST-163,Customer 163,Corporate,Canada,NA,Toronto,10,1200.0,0.0%,0.00,1200.00,450.00,750.00,62.5%,20.40,Overnight,Delivered,5
15-11-2024,16-11-2024,BE-12108,Online,Low,PROD-WEA-69,Wearables,Aura Smart Ring,70.0,199.0,CUST-753,Customer 753,Education,Mexico,LATAM,Mexico City,14,2786.0,5.0%,139.30,2646.70,980.00,1666.70,63.0%,65.08,Standard,Delivered,3
17-03-2025,22-03-2025,BE-12109,Distributor,Medium,PROD-AUD-47,Audio,Aero Headphones,80.0,199.0,CUST-984,Customer 984,Corporate,France,EMEA,Paris,9,1791.0,0.0%,0.00,1791.00,720.00,1071.00,59.8%,35.87,Standard,Delivered,5
10-03-2024,15-03-2024,BE-12110,In-Store,Medium,PROD-AUD-31,Audio,Wave Soundbar,110.0,299.0,CUST-490,Customer 490,Education,France,EMEA,Paris,14,4186.0,0.0%,0.00,4186.00,1540.00,2646.00,63.2%,59.43,Standard,Delivered,3
25-01-2024,27-01-2024,BE-12111,In-Store,Critical,PROD-WEA-16,Wearables,Aura Smart Ring,70.0,199.0,CUST-755,Customer 755,Education,India,APAC,Mumbai,13,2587.0,5.0%,129.35,2457.65,910.00,1547.65,63.0%,44.04,Express,Delivered,4
23-09-2024,29-09-2024,BE-12112,Online,Medium,PROD-AUD-10,Audio,Aero Headphones,80.0,199.0,CUST-241,Customer 241,Consumer,Mexico,LATAM,Mexico City,8,1592.0,0.0%,0.00,1592.00,640.00,952.00,59.8%,34.56,Express,Delivered,4
03-04-2025,10-04-2025,BE-12113,In-Store,Medium,PROD-COM-68,Computing,Apex Desktop,750.0,1599.0,CUST-438,Customer 438,Education,USA,NA,New York,11,17589.0,0.0%,0.00,17589.00,8250.00,9339.00,53.1%,25.58,Standard,Returned,4
01-03-2026,03-03-2026,BE-12114,Online,Medium,PROD-SMA-56,Smart Home,Beacon Camera,35.0,99.0,CUST-572,Customer 572,Corporate,USA,NA,Los Angeles,1,99.0,0.0%,0.00,99.00,35.00,64.00,64.7%,2.40,Express,Delivered,3
11-08-2024,14-08-2024,BE-12115,Distributor,Critical,PROD-SMA-75,Smart Home,Omni Speaker,25.0,69.0,CUST-437,Customer 437,Corporate,Japan,APAC,Tokyo,4,276.0,0.0%,0.00,276.00,100.00,176.00,63.8%,19.91,Standard,Delivered,3
26-09-2024,29-09-2024,BE-12116,Online,Medium,PROD-SMA-39,Smart Home,Beacon Camera,35.0,99.0,CUST-542,Customer 542,Corporate,Canada,NA,Toronto,13,1287.0,20.0%,257.40,1029.60,455.00,574.60,55.8%,63.45,Express,Delivered,3
06-12-2024,12-12-2024,BE-12117,Distributor,Critical,PROD-SMA-14,Smart Home,Beacon Camera,35.0,99.0,CUST-979,Customer 979,Education,Japan,APAC,Tokyo,11,1089.0,0.0%,0.00,1089.00,385.00,704.00,64.7%,33.80,Overnight,Delivered,5
23-05-2024,27-05-2024,BE-12118,In-Store,Low,PROD-WEA-57,Wearables,FitTrack Watch,50.0,149.0,CUST-833,Customer 833,Consumer,India,APAC,Mumbai,4,596.0,0.0%,0.00,596.00,200.00,396.00,66.4%,8.53,Express,Delivered,5
28-09-2025,04-10-2025,BE-12119,In-Store,Medium,PROD-AUD-14,Audio,NeoBuds Pro,45.0,120.0,CUST-505,Customer 505,Corporate,France,EMEA,Paris,7,840.0,10.0%,84.00,756.00,315.00,441.00,58.3%,21.13,Overnight,Delivered,4
02-05-2026,06-05-2026,BE-12120,Distributor,Medium,PROD-AUD-42,Audio,Aero Headphones,80.0,199.0,CUST-545,Customer 545,Consumer,Canada,NA,Toronto,2,398.0,0.0%,0.00,398.00,160.00,238.00,59.8%,7.66,Standard,Delivered,3
29-09-2024,04-10-2024,BE-12121,Online,Critical,PROD-MOB-85,Mobile,Alpha Lite,150.0,349.0,CUST-192,Customer 192,Consumer,Brazil,LATAM,Sao Paulo,9,3141.0,15.0%,471.15,2669.85,1350.00,1319.85,49.4%,35.44,Express,Delivered,5
09-04-2025,11-04-2025,BE-12122,Online,High,PROD-SMA-54,Smart Home,Beacon Camera,35.0,99.0,CUST-624,Customer 624,Education,France,EMEA,Paris,13,1287.0,5.0%,64.35,1222.65,455.00,767.65,62.8%,33.92,Standard,Delivered,4
19-08-2024,22-08-2024,BE-12123,In-Store,Medium,PROD-AUD-73,Audio,Aero Headphones,80.0,199.0,CUST-988,Customer 988,Consumer,Mexico,LATAM,Mexico City,3,597.0,0.0%,0.00,597.00,240.00,357.00,59.8%,11.85,Overnight,Delivered,4
11-02-2026,12-02-2026,BE-12124,In-Store,Medium,PROD-MOB-98,Mobile,Quantum Phone X,400.0,899.0,CUST-494,Customer 494,Corporate,UK,EMEA,London,8,7192.0,20.0%,1438.40,5753.60,3200.00,2553.60,44.4%,32.68,Express,Delivered,5
13-04-2026,20-04-2026,BE-12125,Online,Critical,PROD-WEA-65,Wearables,Aura Smart Ring,70.0,199.0,CUST-341,Customer 341,Education,USA,NA,New York,4,796.0,0.0%,0.00,796.00,280.00,516.00,64.8%,17.47,Express,Delivered,5
30-08-2024,02-09-2024,BE-12126,In-Store,Medium,PROD-SMA-35,Smart Home,Beacon Camera,35.0,99.0,CUST-426,Customer 426,Education,India,APAC,Mumbai,13,1287.0,5.0%,64.35,1222.65,455.00,767.65,62.8%,49.62,Standard,Delivered,5
29-08-2025,02-09-2025,BE-12127,Distributor,Low,PROD-MOB-14,Mobile,Quantum Phone X,400.0,899.0,CUST-307,Customer 307,Consumer,UK,EMEA,London,4,3596.0,10.0%,359.60,3236.40,1600.00,1636.40,50.6%,10.61,Overnight,Delivered,5
19-03-2025,22-03-2025,BE-12128,Distributor,Medium,PROD-AUD-64,Audio,Aero Headphones,80.0,199.0,CUST-833,Customer 833,Education,USA,NA,Los Angeles,5,995.0,5.0%,49.75,945.25,400.00,545.25,57.7%,16.79,Overnight,Delivered,5
28-06-2024,01-07-2024,BE-12129,In-Store,Critical,PROD-MOB-96,Mobile,Alpha Lite,150.0,349.0,CUST-255,Customer 255,Education,France,EMEA,Paris,7,2443.0,0.0%,0.00,2443.00,1050.00,1393.00,57.0%,22.22,Standard,Delivered,4
03-02-2025,06-02-2025,BE-12130,Online,Medium,PROD-COM-68,Computing,Pro Monitor 27,120.0,279.0,CUST-772,Customer 772,Consumer,Brazil,LATAM,Sao Paulo,12,3348.0,5.0%,167.40,3180.60,1440.00,1740.60,54.7%,31.85,Overnight,Delivered,4
18-01-2024,20-01-2024,BE-12131,In-Store,Medium,PROD-AUD-22,Audio,Wave Soundbar,110.0,299.0,CUST-385,Customer 385,Corporate,Brazil,LATAM,Sao Paulo,7,2093.0,0.0%,0.00,2093.00,770.00,1323.00,63.2%,17.49,Standard,Returned,4
02-10-2024,04-10-2024,BE-12132,Online,Low,PROD-WEA-19,Wearables,FitTrack Watch,50.0,149.0,CUST-598,Customer 598,Education,UK,EMEA,London,10,1490.0,5.0%,74.50,1415.50,500.00,915.50,64.7%,20.90,Standard,Delayed,4
17-08-2024,21-08-2024,BE-12133,Online,High,PROD-AUD-71,Audio,NeoBuds Pro,45.0,120.0,CUST-254,Customer 254,Corporate,Brazil,LATAM,Sao Paulo,7,840.0,0.0%,0.00,840.00,315.00,525.00,62.5%,29.32,Overnight,Delivered,5
22-11-2024,26-11-2024,BE-12134,Online,Low,PROD-SMA-65,Smart Home,Omni Speaker,25.0,69.0,CUST-308,Customer 308,Corporate,USA,NA,Los Angeles,1,69.0,0.0%,0.00,69.00,25.00,44.00,63.8%,4.63,Standard,Delivered,3
30-10-2024,03-11-2024,BE-12135,Online,Medium,PROD-SMA-18,Smart Home,Omni Speaker,25.0,69.0,CUST-752,Customer 752,Consumer,Mexico,LATAM,Mexico City,6,414.0,0.0%,0.00,414.00,150.00,264.00,63.8%,28.80,Standard,Delivered,5
16-05-2025,20-05-2025,BE-12136,Distributor,Low,PROD-MOB-50,Mobile,Alpha Lite,150.0,349.0,CUST-632,Customer 632,Corporate,Australia,APAC,Sydney,9,3141.0,10.0%,314.10,2826.90,1350.00,1476.90,52.2%,32.43,Standard,Delivered,5
14-02-2026,17-02-2026,BE-12137,Distributor,Low,PROD-COM-39,Computing,Titan Laptop,600.0,1299.0,CUST-526,Customer 526,Corporate,Mexico,LATAM,Mexico City,2,2598.0,15.0%,389.70,2208.30,1200.00,1008.30,45.7%,8.75,Standard,Delivered,4
24-04-2026,27-04-2026,BE-12138,Online,Low,PROD-AUD-92,Audio,Aero Headphones,80.0,199.0,CUST-616,Customer 616,Corporate,Brazil,LATAM,Sao Paulo,10,1990.0,5.0%,99.50,1890.50,800.00,1090.50,57.7%,22.21,Overnight,Delivered,5
14-04-2026,20-04-2026,BE-12139,Online,Low,PROD-WEA-13,Wearables,FitTrack Watch,50.0,149.0,CUST-228,Customer 228,Education,France,EMEA,Paris,4,596.0,5.0%,29.80,566.20,200.00,366.20,64.7%,16.81,Express,Delivered,5
27-11-2024,30-11-2024,BE-12140,Online,Medium,PROD-SMA-77,Smart Home,Omni Speaker,25.0,69.0,CUST-790,Customer 790,Education,Germany,EMEA,Berlin,7,483.0,5.0%,24.15,458.85,175.00,283.85,61.9%,17.30,Standard,Delivered,4
08-03-2025,13-03-2025,BE-12141,Online,Low,PROD-MOB-80,Mobile,Alpha Lite,150.0,349.0,CUST-146,Customer 146,Education,India,APAC,Mumbai,7,2443.0,10.0%,244.30,2198.70,1050.00,1148.70,52.2%,21.87,Overnight,Delivered,5
13-06-2024,14-06-2024,BE-12142,Distributor,Medium,PROD-AUD-63,Audio,NeoBuds Pro,45.0,120.0,CUST-477,Customer 477,Corporate,Brazil,LATAM,Sao Paulo,6,720.0,5.0%,36.00,684.00,270.00,414.00,60.5%,28.50,Overnight,Delivered,4
22-02-2025,25-02-2025,BE-12143,Online,Medium,PROD-AUD-30,Audio,Aero Headphones,80.0,199.0,CUST-597,Customer 597,Corporate,UK,EMEA,London,5,995.0,5.0%,49.75,945.25,400.00,545.25,57.7%,23.51,Standard,Delivered,1
30-12-2024,01-01-2025,BE-12144,In-Store,Low,PROD-WEA-70,Wearables,FitTrack Watch,50.0,149.0,CUST-626,Customer 626,Consumer,UK,EMEA,London,10,1490.0,0.0%,0.00,1490.00,500.00,990.00,66.4%,38.54,Express,Returned,5
07-01-2026,11-01-2026,BE-12145,In-Store,Medium,PROD-WEA-12,Wearables,Aura Smart Ring,70.0,199.0,CUST-464,Customer 464,Education,Japan,APAC,Tokyo,6,1194.0,5.0%,59.70,1134.30,420.00,714.30,63.0%,23.43,Express,Returned,5
22-05-2024,27-05-2024,BE-12146,Online,Critical,PROD-SMA-28,Smart Home,Beacon Camera,35.0,99.0,CUST-721,Customer 721,Education,Mexico,LATAM,Mexico City,14,1386.0,0.0%,0.00,1386.00,490.00,896.00,64.7%,59.86,Express,Delivered,4
27-01-2024,28-01-2024,BE-12147,Online,Medium,PROD-COM-69,Computing,Apex Desktop,750.0,1599.0,CUST-765,Customer 765,Corporate,Germany,EMEA,Berlin,3,4797.0,10.0%,479.70,4317.30,2250.00,2067.30,47.9%,12.08,Standard,Delivered,1
28-01-2025,03-02-2025,BE-12148,Distributor,Medium,PROD-SMA-12,Smart Home,Omni Speaker,25.0,69.0,CUST-156,Customer 156,Education,Japan,APAC,Tokyo,13,897.0,10.0%,89.70,807.30,325.00,482.30,59.7%,40.02,Overnight,Delivered,3
28-05-2026,02-06-2026,BE-12149,In-Store,Medium,PROD-AUD-32,Audio,Wave Soundbar,110.0,299.0,CUST-442,Customer 442,Corporate,USA,NA,Los Angeles,5,1495.0,5.0%,74.75,1420.25,550.00,870.25,61.3%,16.17,Standard,Delivered,5
09-12-2024,12-12-2024,BE-12150,In-Store,Medium,PROD-MOB-38,Mobile,Alpha Lite,150.0,349.0,CUST-116,Customer 116,Corporate,USA,NA,New York,1,349.0,5.0%,17.45,331.55,150.00,181.55,54.8%,3.15,Standard,Delivered,5
29-07-2024,01-08-2024,BE-12151,Distributor,Medium,PROD-SMA-12,Smart Home,Beacon Camera,35.0,99.0,CUST-322,Customer 322,Education,USA,NA,New York,13,1287.0,0.0%,0.00,1287.00,455.00,832.00,64.7%,64.64,Express,Delivered,2
12-06-2026,14-06-2026,BE-12152,Distributor,High,PROD-SMA-29,Smart Home,Omni Speaker,25.0,69.0,CUST-333,Customer 333,Consumer,France,EMEA,Paris,10,690.0,15.0%,103.50,586.50,250.00,336.50,57.4%,43.49,Express,Delivered,3
06-02-2025,09-02-2025,BE-12153,In-Store,Low,PROD-SMA-52,Smart Home,Beacon Camera,35.0,99.0,CUST-622,Customer 622,Consumer,USA,NA,Los Angeles,2,198.0,10.0%,19.80,178.20,70.00,108.20,60.7%,5.48,Overnight,Delivered,4
06-12-2025,08-12-2025,BE-12154,In-Store,Low,PROD-WEA-78,Wearables,Aura Smart Ring,70.0,199.0,CUST-832,Customer 832,Consumer,India,APAC,Mumbai,3,597.0,0.0%,0.00,597.00,210.00,387.00,64.8%,13.88,Overnight,Delivered,5
12-06-2025,13-06-2025,BE-12155,Online,Critical,PROD-AUD-79,Audio,Aero Headphones,80.0,199.0,CUST-313,Customer 313,Education,Japan,APAC,Tokyo,11,2189.0,0.0%,0.00,2189.00,880.00,1309.00,59.8%,53.84,Standard,Delivered,5
03-04-2026,06-04-2026,BE-12156,Online,Medium,PROD-SMA-63,Smart Home,Omni Speaker,25.0,69.0,CUST-142,Customer 142,Education,Germany,EMEA,Berlin,11,759.0,15.0%,113.85,645.15,275.00,370.15,57.4%,41.49,Express,Delivered,5
28-02-2025,07-03-2025,BE-12157,Online,High,PROD-COM-11,Computing,Pro Monitor 27,120.0,279.0,CUST-904,Customer 904,Corporate,France,EMEA,Paris,5,1395.0,10.0%,139.50,1255.50,600.00,655.50,52.2%,19.22,Express,Delivered,3
15-09-2025,17-09-2025,BE-12158,Distributor,Medium,PROD-WEA-75,Wearables,Aura Smart Ring,70.0,199.0,CUST-192,Customer 192,Consumer,Australia,APAC,Sydney,5,995.0,0.0%,0.00,995.00,350.00,645.00,64.8%,15.69,Overnight,Returned,3
14-05-2025,18-05-2025,BE-12159,In-Store,Low,PROD-WEA-48,Wearables,FitTrack Watch,50.0,149.0,CUST-187,Customer 187,Education,USA,NA,New York,13,1937.0,0.0%,0.00,1937.00,650.00,1287.00,66.4%,40.06,Overnight,Delivered,2
04-06-2024,06-06-2024,BE-12160,In-Store,Medium,PROD-MOB-35,Mobile,Alpha Lite,150.0,349.0,CUST-494,Customer 494,Education,Japan,APAC,Tokyo,6,2094.0,10.0%,209.40,1884.60,900.00,984.60,52.2%,14.63,Express,Returned,2
09-07-2025,14-07-2025,BE-12161,In-Store,Low,PROD-SMA-82,Smart Home,Omni Speaker,25.0,69.0,CUST-370,Customer 370,Corporate,UK,EMEA,London,7,483.0,0.0%,0.00,483.00,175.00,308.00,63.8%,22.83,Express,Delivered,1
20-05-2024,23-05-2024,BE-12162,In-Store,High,PROD-AUD-91,Audio,Wave Soundbar,110.0,299.0,CUST-535,Customer 535,Corporate,France,EMEA,Paris,8,2392.0,15.0%,358.80,2033.20,880.00,1153.20,56.7%,37.34,Express,Delivered,4
18-03-2024,20-03-2024,BE-12163,Online,Low,PROD-AUD-75,Audio,NeoBuds Pro,45.0,120.0,CUST-282,Customer 282,Corporate,USA,NA,New York,9,1080.0,0.0%,0.00,1080.00,405.00,675.00,62.5%,34.23,Express,Delivered,1
23-07-2024,27-07-2024,BE-12164,Online,Low,PROD-WEA-49,Wearables,FitTrack Watch,50.0,149.0,CUST-130,Customer 130,Consumer,Mexico,LATAM,Mexico City,2,298.0,5.0%,14.90,283.10,100.00,183.10,64.7%,5.25,Express,Delivered,4
05-11-2024,11-11-2024,BE-12165,In-Store,Low,PROD-MOB-44,Mobile,Alpha Lite,150.0,349.0,CUST-899,Customer 899,Consumer,France,EMEA,Paris,1,349.0,5.0%,17.45,331.55,150.00,181.55,54.8%,3.46,Express,Delivered,5
30-08-2025,03-09-2025,BE-12166,Distributor,Medium,PROD-MOB-21,Mobile,Quantum Phone X,400.0,899.0,CUST-191,Customer 191,Corporate,UK,EMEA,London,7,6293.0,5.0%,314.65,5978.35,2800.00,3178.35,53.2%,30.20,Express,Returned,5
10-01-2024,14-01-2024,BE-12167,Distributor,Medium,PROD-AUD-88,Audio,NeoBuds Pro,45.0,120.0,CUST-141,Customer 141,Corporate,India,APAC,Mumbai,10,1200.0,10.0%,120.00,1080.00,450.00,630.00,58.3%,43.96,Standard,Delivered,5
20-10-2025,21-10-2025,BE-12168,Distributor,Medium,PROD-SMA-55,Smart Home,Omni Speaker,25.0,69.0,CUST-847,Customer 847,Consumer,Germany,EMEA,Berlin,7,483.0,0.0%,0.00,483.00,175.00,308.00,63.8%,23.97,Express,Delayed,4
21-06-2025,25-06-2025,BE-12169,Online,Low,PROD-WEA-70,Wearables,FitTrack Watch,50.0,149.0,CUST-698,Customer 698,Consumer,Australia,APAC,Sydney,1,149.0,15.0%,22.35,126.65,50.00,76.65,60.5%,3.08,Standard,Delivered,5
18-10-2024,22-10-2024,BE-12170,In-Store,Low,PROD-SMA-31,Smart Home,Omni Speaker,25.0,69.0,CUST-655,Customer 655,Corporate,Mexico,LATAM,Mexico City,14,966.0,0.0%,0.00,966.00,350.00,616.00,63.8%,57.29,Overnight,Delayed,5
21-04-2026,23-04-2026,BE-12171,In-Store,Medium,PROD-AUD-41,Audio,Aero Headphones,80.0,199.0,CUST-574,Customer 574,Corporate,France,EMEA,Paris,9,1791.0,0.0%,0.00,1791.00,720.00,1071.00,59.8%,25.70,Express,Delivered,5
11-06-2024,16-06-2024,BE-12172,In-Store,High,PROD-WEA-64,Wearables,Aura Smart Ring,70.0,199.0,CUST-639,Customer 639,Corporate,France,EMEA,Paris,4,796.0,10.0%,79.60,716.40,280.00,436.40,60.9%,9.13,Express,Delivered,3
19-08-2025,21-08-2025,BE-12173,In-Store,Medium,PROD-MOB-36,Mobile,Quantum Phone X,400.0,899.0,CUST-761,Customer 761,Consumer,Australia,APAC,Sydney,8,7192.0,10.0%,719.20,6472.80,3200.00,3272.80,50.6%,37.74,Overnight,Returned,4
30-04-2025,03-05-2025,BE-12174,In-Store,High,PROD-AUD-19,Audio,Aero Headphones,80.0,199.0,CUST-856,Customer 856,Corporate,Mexico,LATAM,Mexico City,12,2388.0,5.0%,119.40,2268.60,960.00,1308.60,57.7%,43.84,Overnight,Delivered,5
03-05-2024,08-05-2024,BE-12175,In-Store,Critical,PROD-MOB-18,Mobile,Alpha Lite,150.0,349.0,CUST-660,Customer 660,Consumer,Mexico,LATAM,Mexico City,8,2792.0,0.0%,0.00,2792.00,1200.00,1592.00,57.0%,16.53,Overnight,Delivered,4
12-11-2024,15-11-2024,BE-12176,Distributor,Medium,PROD-COM-14,Computing,Titan Laptop,600.0,1299.0,CUST-550,Customer 550,Corporate,Japan,APAC,Tokyo,10,12990.0,0.0%,0.00,12990.00,6000.00,6990.00,53.8%,41.53,Standard,Delivered,5
20-08-2024,23-08-2024,BE-12177,In-Store,High,PROD-WEA-59,Wearables,FitTrack Watch,50.0,149.0,CUST-172,Customer 172,Corporate,Germany,EMEA,Berlin,8,1192.0,10.0%,119.20,1072.80,400.00,672.80,62.7%,22.80,Standard,Delivered,3
26-07-2024,27-07-2024,BE-12178,Online,Medium,PROD-WEA-57,Wearables,FitTrack Watch,50.0,149.0,CUST-954,Customer 954,Corporate,USA,NA,New York,4,596.0,0.0%,0.00,596.00,200.00,396.00,66.4%,15.36,Express,Delivered,4
31-08-2025,03-09-2025,BE-12179,Online,Critical,PROD-MOB-52,Mobile,Alpha Lite,150.0,349.0,CUST-458,Customer 458,Corporate,Brazil,LATAM,Sao Paulo,13,4537.0,20.0%,907.40,3629.60,1950.00,1679.60,46.3%,34.33,Standard,Delivered,5
13-04-2026,15-04-2026,BE-12180,Online,Medium,PROD-SMA-36,Smart Home,Beacon Camera,35.0,99.0,CUST-598,Customer 598,Education,France,EMEA,Paris,10,990.0,15.0%,148.50,841.50,350.00,491.50,58.4%,25.22,Express,Delivered,5
20-03-2025,21-03-2025,BE-12181,Distributor,Critical,PROD-AUD-91,Audio,NeoBuds Pro,45.0,120.0,CUST-272,Customer 272,Education,UK,EMEA,London,12,1440.0,15.0%,216.00,1224.00,540.00,684.00,55.9%,54.69,Overnight,Delivered,5
25-05-2024,31-05-2024,BE-12182,Online,High,PROD-WEA-68,Wearables,Aura Smart Ring,70.0,199.0,CUST-806,Customer 806,Education,France,EMEA,Paris,8,1592.0,5.0%,79.60,1512.40,560.00,952.40,63.0%,18.31,Overnight,Delivered,5
21-02-2025,24-02-2025,BE-12183,Online,Medium,PROD-AUD-10,Audio,Aero Headphones,80.0,199.0,CUST-102,Customer 102,Education,Brazil,LATAM,Sao Paulo,9,1791.0,0.0%,0.00,1791.00,720.00,1071.00,59.8%,40.05,Express,Delivered,4
06-01-2026,10-01-2026,BE-12184,In-Store,Medium,PROD-SMA-19,Smart Home,Beacon Camera,35.0,99.0,CUST-323,Customer 323,Education,USA,NA,New York,10,990.0,0.0%,0.00,990.00,350.00,640.00,64.7%,35.58,Express,Delivered,5
15-08-2025,20-08-2025,BE-12185,Online,Medium,PROD-SMA-88,Smart Home,Omni Speaker,25.0,69.0,CUST-965,Customer 965,Education,Germany,EMEA,Berlin,6,414.0,0.0%,0.00,414.00,150.00,264.00,63.8%,24.85,Standard,Delivered,4
14-04-2025,17-04-2025,BE-12186,In-Store,Low,PROD-MOB-79,Mobile,Quantum Phone X,400.0,899.0,CUST-159,Customer 159,Education,Australia,APAC,Sydney,4,3596.0,0.0%,0.00,3596.00,1600.00,1996.00,55.5%,12.03,Express,Delivered,5
18-02-2024,23-02-2024,BE-12187,Distributor,Critical,PROD-COM-81,Computing,Titan Laptop,600.0,1299.0,CUST-913,Customer 913,Consumer,Mexico,LATAM,Mexico City,11,14289.0,0.0%,0.00,14289.00,6600.00,7689.00,53.8%,30.86,Express,Delivered,4
05-02-2026,08-02-2026,BE-12188,Distributor,Low,PROD-WEA-37,Wearables,FitTrack Watch,50.0,149.0,CUST-134,Customer 134,Corporate,India,APAC,Mumbai,9,1341.0,0.0%,0.00,1341.00,450.00,891.00,66.4%,36.80,Standard,Delivered,5
29-10-2025,31-10-2025,BE-12189,In-Store,Medium,PROD-SMA-14,Smart Home,Beacon Camera,35.0,99.0,CUST-470,Customer 470,Consumer,France,EMEA,Paris,7,693.0,0.0%,0.00,693.00,245.00,448.00,64.7%,16.27,Standard,Delivered,4
05-02-2024,06-02-2024,BE-12190,Distributor,Medium,PROD-MOB-36,Mobile,Alpha Lite,150.0,349.0,CUST-933,Customer 933,Education,India,APAC,Mumbai,9,3141.0,15.0%,471.15,2669.85,1350.00,1319.85,49.4%,32.26,Standard,Delivered,3
10-05-2026,13-05-2026,BE-12191,Online,Medium,PROD-AUD-91,Audio,NeoBuds Pro,45.0,120.0,CUST-997,Customer 997,Consumer,USA,NA,Los Angeles,10,1200.0,10.0%,120.00,1080.00,450.00,630.00,58.3%,23.01,Overnight,Delivered,1
16-01-2025,20-01-2025,BE-12192,Distributor,Critical,PROD-WEA-27,Wearables,Aura Smart Ring,70.0,199.0,CUST-411,Customer 411,Education,France,EMEA,Paris,4,796.0,5.0%,39.80,756.20,280.00,476.20,63.0%,15.37,Standard,Delivered,5
06-01-2026,13-01-2026,BE-12193,In-Store,Medium,PROD-SMA-30,Smart Home,Beacon Camera,35.0,99.0,CUST-327,Customer 327,Education,France,EMEA,Paris,14,1386.0,0.0%,0.00,1386.00,490.00,896.00,64.7%,63.09,Standard,Delivered,3
20-06-2024,23-06-2024,BE-12194,Distributor,Medium,PROD-MOB-77,Mobile,Quantum Phone X,400.0,899.0,CUST-709,Customer 709,Consumer,USA,NA,New York,10,8990.0,5.0%,449.50,8540.50,4000.00,4540.50,53.2%,32.69,Standard,Delivered,5
05-10-2024,07-10-2024,BE-12195,Distributor,Medium,PROD-WEA-66,Wearables,FitTrack Watch,50.0,149.0,CUST-507,Customer 507,Education,Brazil,LATAM,Sao Paulo,1,149.0,0.0%,0.00,149.00,50.00,99.00,66.4%,2.74,Overnight,Delivered,4
01-07-2025,02-07-2025,BE-12196,Online,Low,PROD-SMA-85,Smart Home,Beacon Camera,35.0,99.0,CUST-874,Customer 874,Corporate,Japan,APAC,Tokyo,7,693.0,0.0%,0.00,693.00,245.00,448.00,64.7%,15.30,Standard,Delivered,4
07-04-2024,10-04-2024,BE-12197,Distributor,Critical,PROD-AUD-52,Audio,Wave Soundbar,110.0,299.0,CUST-774,Customer 774,Consumer,Japan,APAC,Tokyo,8,2392.0,15.0%,358.80,2033.20,880.00,1153.20,56.7%,20.40,Overnight,Returned,5
27-10-2024,31-10-2024,BE-12198,Online,Medium,PROD-MOB-61,Mobile,Alpha Lite,150.0,349.0,CUST-413,Customer 413,Education,Mexico,LATAM,Mexico City,6,2094.0,15.0%,314.10,1779.90,900.00,879.90,49.4%,17.33,Overnight,Delivered,4
05-03-2025,07-03-2025,BE-12199,Online,Critical,PROD-COM-35,Computing,Apex Desktop,750.0,1599.0,CUST-748,Customer 748,Corporate,Mexico,LATAM,Mexico City,9,14391.0,0.0%,0.00,14391.00,6750.00,7641.00,53.1%,42.69,Express,Delivered,3
09-06-2024,11-06-2024,BE-12200,Online,Low,PROD-SMA-83,Smart Home,Omni Speaker,25.0,69.0,CUST-101,Customer 101,Education,Germany,EMEA,Berlin,4,276.0,10.0%,27.60,248.40,100.00,148.40,59.7%,12.36,Express,Delivered,5
12-04-2024,13-04-2024,BE-12201,Distributor,Medium,PROD-WEA-31,Wearables,Aura Smart Ring,70.0,199.0,CUST-683,Customer 683,Consumer,Germany,EMEA,Berlin,14,2786.0,5.0%,139.30,2646.70,980.00,1666.70,63.0%,42.82,Overnight,Returned,3
10-02-2026,13-02-2026,BE-12202,In-Store,Medium,PROD-AUD-54,Audio,Aero Headphones,80.0,199.0,CUST-705,Customer 705,Education,UK,EMEA,London,3,597.0,0.0%,0.00,597.00,240.00,357.00,59.8%,13.50,Standard,Delivered,5
03-02-2026,06-02-2026,BE-12203,In-Store,High,PROD-SMA-98,Smart Home,Beacon Camera,35.0,99.0,CUST-455,Customer 455,Education,UK,EMEA,London,4,396.0,0.0%,0.00,396.00,140.00,256.00,64.7%,12.87,Express,Delivered,5
30-05-2026,02-06-2026,BE-12204,Online,High,PROD-MOB-85,Mobile,Quantum Phone X,400.0,899.0,CUST-495,Customer 495,Consumer,UK,EMEA,London,8,7192.0,0.0%,0.00,7192.00,3200.00,3992.00,55.5%,37.07,Express,Delivered,5
22-09-2024,24-09-2024,BE-12205,Distributor,High,PROD-WEA-82,Wearables,Aura Smart Ring,70.0,199.0,CUST-986,Customer 986,Education,Brazil,LATAM,Sao Paulo,11,2189.0,5.0%,109.45,2079.55,770.00,1309.55,63.0%,36.94,Express,Delivered,4
07-08-2024,10-08-2024,BE-12206,In-Store,Medium,PROD-SMA-78,Smart Home,Beacon Camera,35.0,99.0,CUST-503,Customer 503,Consumer,UK,EMEA,London,3,297.0,0.0%,0.00,297.00,105.00,192.00,64.7%,9.65,Standard,Delivered,3
07-02-2024,10-02-2024,BE-12207,In-Store,Medium,PROD-COM-22,Computing,Apex Desktop,750.0,1599.0,CUST-528,Customer 528,Consumer,Japan,APAC,Tokyo,8,12792.0,0.0%,0.00,12792.00,6000.00,6792.00,53.1%,23.00,Express,Delivered,5
08-08-2025,10-08-2025,BE-12208,Distributor,Low,PROD-MOB-10,Mobile,Alpha Lite,150.0,349.0,CUST-716,Customer 716,Consumer,Brazil,LATAM,Sao Paulo,2,698.0,10.0%,69.80,628.20,300.00,328.20,52.2%,5.89,Standard,Delivered,4
12-04-2024,15-04-2024,BE-12209,Distributor,Medium,PROD-COM-21,Computing,Titan Laptop,600.0,1299.0,CUST-537,Customer 537,Education,France,EMEA,Paris,6,7794.0,0.0%,0.00,7794.00,3600.00,4194.00,53.8%,13.14,Overnight,Delivered,4
14-01-2025,20-01-2025,BE-12210,Online,High,PROD-AUD-75,Audio,NeoBuds Pro,45.0,120.0,CUST-279,Customer 279,Education,Germany,EMEA,Berlin,10,1200.0,0.0%,0.00,1200.00,450.00,750.00,62.5%,36.74,Standard,Delivered,1
10-05-2025,14-05-2025,BE-12211,Online,Critical,PROD-COM-77,Computing,Titan Laptop,600.0,1299.0,CUST-113,Customer 113,Corporate,Brazil,LATAM,Sao Paulo,1,1299.0,10.0%,129.90,1169.10,600.00,569.10,48.7%,2.67,Express,Delivered,3
30-01-2024,02-02-2024,BE-12212,Distributor,High,PROD-COM-57,Computing,Pro Monitor 27,120.0,279.0,CUST-280,Customer 280,Education,Australia,APAC,Sydney,6,1674.0,0.0%,0.00,1674.00,720.00,954.00,57.0%,28.00,Standard,Returned,4
07-06-2024,09-06-2024,BE-12213,Online,Medium,PROD-COM-31,Computing,Apex Desktop,750.0,1599.0,CUST-953,Customer 953,Consumer,Mexico,LATAM,Mexico City,8,12792.0,0.0%,0.00,12792.00,6000.00,6792.00,53.1%,20.19,Standard,Delivered,5
18-06-2026,22-06-2026,BE-12214,In-Store,High,PROD-COM-15,Computing,Titan Laptop,600.0,1299.0,CUST-286,Customer 286,Consumer,USA,NA,Los Angeles,3,3897.0,0.0%,0.00,3897.00,1800.00,2097.00,53.8%,10.16,Express,Delivered,5
08-04-2025,11-04-2025,BE-12215,In-Store,High,PROD-SMA-84,Smart Home,Beacon Camera,35.0,99.0,CUST-929,Customer 929,Education,Australia,APAC,Sydney,8,792.0,0.0%,0.00,792.00,280.00,512.00,64.7%,35.37,Express,Delivered,5
15-07-2025,19-07-2025,BE-12216,Online,Critical,PROD-AUD-83,Audio,Aero Headphones,80.0,199.0,CUST-289,Customer 289,Consumer,USA,NA,New York,7,1393.0,5.0%,69.65,1323.35,560.00,763.35,57.7%,19.19,Standard,Delivered,2
12-11-2024,14-11-2024,BE-12217,Distributor,Low,PROD-AUD-97,Audio,Wave Soundbar,110.0,299.0,CUST-864,Customer 864,Consumer,India,APAC,Mumbai,9,2691.0,5.0%,134.55,2556.45,990.00,1566.45,61.3%,36.78,Express,Delivered,5
20-01-2024,25-01-2024,BE-12218,Online,Medium,PROD-MOB-69,Mobile,Alpha Lite,150.0,349.0,CUST-288,Customer 288,Education,India,APAC,Mumbai,8,2792.0,0.0%,0.00,2792.00,1200.00,1592.00,57.0%,19.65,Express,Delivered,5
18-02-2025,21-02-2025,BE-12219,Online,High,PROD-MOB-24,Mobile,Quantum Phone X,400.0,899.0,CUST-980,Customer 980,Education,USA,NA,Los Angeles,8,7192.0,5.0%,359.60,6832.40,3200.00,3632.40,53.2%,31.97,Express,Delivered,2
12-08-2025,15-08-2025,BE-12220,Online,Medium,PROD-SMA-70,Smart Home,Beacon Camera,35.0,99.0,CUST-901,Customer 901,Corporate,Australia,APAC,Sydney,9,891.0,0.0%,0.00,891.00,315.00,576.00,64.7%,31.00,Express,Delivered,4
24-01-2024,27-01-2024,BE-12221,Distributor,High,PROD-SMA-33,Smart Home,Omni Speaker,25.0,69.0,CUST-157,Customer 157,Corporate,Australia,APAC,Sydney,10,690.0,10.0%,69.00,621.00,250.00,371.00,59.7%,21.67,Express,Delayed,4
18-01-2026,21-01-2026,BE-12222,Online,High,PROD-COM-52,Computing,Titan Laptop,600.0,1299.0,CUST-266,Customer 266,Education,Brazil,LATAM,Sao Paulo,4,5196.0,0.0%,0.00,5196.00,2400.00,2796.00,53.8%,16.47,Overnight,Delivered,5
12-07-2024,13-07-2024,BE-12223,Distributor,High,PROD-WEA-55,Wearables,FitTrack Watch,50.0,149.0,CUST-371,Customer 371,Education,USA,NA,New York,13,1937.0,0.0%,0.00,1937.00,650.00,1287.00,66.4%,36.21,Overnight,Delivered,1
30-01-2024,02-02-2024,BE-12224,In-Store,Medium,PROD-MOB-11,Mobile,Alpha Lite,150.0,349.0,CUST-670,Customer 670,Education,Australia,APAC,Sydney,7,2443.0,5.0%,122.15,2320.85,1050.00,1270.85,54.8%,19.49,Overnight,Delivered,2
10-09-2025,11-09-2025,BE-12225,Online,Medium,PROD-MOB-44,Mobile,Alpha Lite,150.0,349.0,CUST-569,Customer 569,Consumer,Australia,APAC,Sydney,3,1047.0,0.0%,0.00,1047.00,450.00,597.00,57.0%,9.12,Standard,Delivered,4
12-02-2026,18-02-2026,BE-12226,Distributor,Low,PROD-MOB-33,Mobile,Quantum Phone X,400.0,899.0,CUST-543,Customer 543,Education,Australia,APAC,Sydney,2,1798.0,0.0%,0.00,1798.00,800.00,998.00,55.5%,9.49,Overnight,Delivered,5
29-09-2024,03-10-2024,BE-12227,In-Store,High,PROD-COM-69,Computing,Titan Laptop,600.0,1299.0,CUST-747,Customer 747,Corporate,Brazil,LATAM,Sao Paulo,13,16887.0,5.0%,844.35,16042.65,7800.00,8242.65,51.4%,40.58,Standard,Delivered,4
09-08-2024,11-08-2024,BE-12228,Online,Medium,PROD-AUD-58,Audio,Aero Headphones,80.0,199.0,CUST-700,Customer 700,Education,Mexico,LATAM,Mexico City,13,2587.0,0.0%,0.00,2587.00,1040.00,1547.00,59.8%,31.60,Standard,Delivered,4
05-12-2025,08-12-2025,BE-12229,Online,Medium,PROD-AUD-31,Audio,NeoBuds Pro,45.0,120.0,CUST-182,Customer 182,Education,USA,NA,Los Angeles,6,720.0,20.0%,144.00,576.00,270.00,306.00,53.1%,13.44,Express,Delivered,1
08-04-2026,13-04-2026,BE-12230,In-Store,Medium,PROD-WEA-42,Wearables,Aura Smart Ring,70.0,199.0,CUST-752,Customer 752,Consumer,UK,EMEA,London,11,2189.0,15.0%,328.35,1860.65,770.00,1090.65,58.6%,29.73,Overnight,Delivered,5
09-05-2024,15-05-2024,BE-12231,Online,High,PROD-WEA-41,Wearables,FitTrack Watch,50.0,149.0,CUST-554,Customer 554,Education,Brazil,LATAM,Sao Paulo,11,1639.0,5.0%,81.95,1557.05,550.00,1007.05,64.7%,43.52,Express,Delivered,1
17-06-2024,22-06-2024,BE-12232,Online,Medium,PROD-WEA-63,Wearables,FitTrack Watch,50.0,149.0,CUST-669,Customer 669,Corporate,Mexico,LATAM,Mexico City,11,1639.0,0.0%,0.00,1639.00,550.00,1089.00,66.4%,29.76,Express,Delayed,4
26-10-2025,30-10-2025,BE-12233,In-Store,Medium,PROD-WEA-82,Wearables,Aura Smart Ring,70.0,199.0,CUST-943,Customer 943,Education,France,EMEA,Paris,9,1791.0,0.0%,0.00,1791.00,630.00,1161.00,64.8%,20.31,Standard,Delivered,5
28-03-2024,02-04-2024,BE-12234,Online,Medium,PROD-MOB-75,Mobile,Alpha Lite,150.0,349.0,CUST-690,Customer 690,Consumer,France,EMEA,Paris,13,4537.0,0.0%,0.00,4537.00,1950.00,2587.00,57.0%,54.17,Overnight,Delivered,3
21-10-2025,24-10-2025,BE-12235,Online,High,PROD-WEA-19,Wearables,FitTrack Watch,50.0,149.0,CUST-815,Customer 815,Education,Canada,NA,Toronto,7,1043.0,0.0%,0.00,1043.00,350.00,693.00,66.4%,32.65,Express,Delivered,5
18-04-2024,21-04-2024,BE-12236,Distributor,Medium,PROD-COM-39,Computing,Apex Desktop,750.0,1599.0,CUST-670,Customer 670,Education,Brazil,LATAM,Sao Paulo,7,11193.0,10.0%,1119.30,10073.70,5250.00,4823.70,47.9%,33.46,Overnight,Delivered,4
25-06-2024,27-06-2024,BE-12237,Distributor,Critical,PROD-MOB-56,Mobile,Alpha Lite,150.0,349.0,CUST-862,Customer 862,Education,Brazil,LATAM,Sao Paulo,1,349.0,0.0%,0.00,349.00,150.00,199.00,57.0%,3.38,Overnight,Delivered,4
25-11-2024,27-11-2024,BE-12238,In-Store,Medium,PROD-MOB-75,Mobile,Quantum Phone X,400.0,899.0,CUST-314,Customer 314,Education,Mexico,LATAM,Mexico City,12,10788.0,10.0%,1078.80,9709.20,4800.00,4909.20,50.6%,51.77,Overnight,Delivered,5
22-06-2024,24-06-2024,BE-12239,Online,Medium,PROD-COM-88,Computing,Pro Monitor 27,120.0,279.0,CUST-325,Customer 325,Corporate,USA,NA,New York,14,3906.0,0.0%,0.00,3906.00,1680.00,2226.00,57.0%,67.09,Express,Delivered,5
25-03-2026,27-03-2026,BE-12240,In-Store,High,PROD-COM-49,Computing,Titan Laptop,600.0,1299.0,CUST-841,Customer 841,Education,India,APAC,Mumbai,8,10392.0,0.0%,0.00,10392.00,4800.00,5592.00,53.8%,32.10,Express,Delivered,5
25-02-2024,26-02-2024,BE-12241,Online,Low,PROD-SMA-89,Smart Home,Omni Speaker,25.0,69.0,CUST-293,Customer 293,Education,USA,NA,New York,14,966.0,15.0%,144.90,821.10,350.00,471.10,57.4%,42.66,Overnight,Delivered,5
08-02-2026,13-02-2026,BE-12242,In-Store,Low,PROD-COM-28,Computing,Titan Laptop,600.0,1299.0,CUST-838,Customer 838,Corporate,UK,EMEA,London,2,2598.0,5.0%,129.90,2468.10,1200.00,1268.10,51.4%,7.62,Express,Delivered,4
13-01-2024,15-01-2024,BE-12243,Distributor,Low,PROD-WEA-82,Wearables,Aura Smart Ring,70.0,199.0,CUST-896,Customer 896,Education,Germany,EMEA,Berlin,5,995.0,20.0%,199.00,796.00,350.00,446.00,56.0%,11.55,Overnight,Delivered,5
02-04-2026,07-04-2026,BE-12244,Distributor,Critical,PROD-WEA-12,Wearables,Aura Smart Ring,70.0,199.0,CUST-190,Customer 190,Education,Canada,NA,Toronto,11,2189.0,5.0%,109.45,2079.55,770.00,1309.55,63.0%,44.67,Express,Delayed,3
16-05-2026,19-05-2026,BE-12245,Distributor,Medium,PROD-COM-52,Computing,Pro Monitor 27,120.0,279.0,CUST-563,Customer 563,Consumer,USA,NA,New York,8,2232.0,0.0%,0.00,2232.00,960.00,1272.00,57.0%,26.24,Standard,Delivered,4
17-02-2024,21-02-2024,BE-12246,Online,Medium,PROD-SMA-89,Smart Home,Beacon Camera,35.0,99.0,CUST-283,Customer 283,Corporate,USA,NA,New York,12,1188.0,10.0%,118.80,1069.20,420.00,649.20,60.7%,31.62,Express,Delivered,4
23-09-2024,27-09-2024,BE-12247,Distributor,High,PROD-WEA-11,Wearables,FitTrack Watch,50.0,149.0,CUST-392,Customer 392,Corporate,Germany,EMEA,Berlin,1,149.0,20.0%,29.80,119.20,50.00,69.20,58.1%,2.32,Overnight,Delivered,2
30-05-2026,04-06-2026,BE-12248,Online,Medium,PROD-MOB-63,Mobile,Alpha Lite,150.0,349.0,CUST-728,Customer 728,Consumer,Germany,EMEA,Berlin,6,2094.0,5.0%,104.70,1989.30,900.00,1089.30,54.8%,12.54,Standard,Delivered,5
22-05-2025,26-05-2025,BE-12249,In-Store,Medium,PROD-AUD-25,Audio,NeoBuds Pro,45.0,120.0,CUST-313,Customer 313,Consumer,UK,EMEA,London,13,1560.0,5.0%,78.00,1482.00,585.00,897.00,60.5%,58.87,Overnight,Delivered,4
03-01-2026,07-01-2026,BE-12250,In-Store,Critical,PROD-COM-72,Computing,Apex Desktop,750.0,1599.0,CUST-614,Customer 614,Consumer,Germany,EMEA,Berlin,3,4797.0,15.0%,719.55,4077.45,2250.00,1827.45,44.8%,9.01,Overnight,Delivered,5
11-12-2025,14-12-2025,BE-12251,Distributor,Critical,PROD-AUD-32,Audio,Aero Headphones,80.0,199.0,CUST-243,Customer 243,Corporate,USA,NA,Los Angeles,1,199.0,15.0%,29.85,169.15,80.00,89.15,52.7%,2.75,Express,Delivered,3
26-11-2025,01-12-2025,BE-12252,Online,Medium,PROD-WEA-38,Wearables,Aura Smart Ring,70.0,199.0,CUST-443,Customer 443,Education,Canada,NA,Toronto,14,2786.0,0.0%,0.00,2786.00,980.00,1806.00,64.8%,44.74,Overnight,Delivered,5
10-03-2024,12-03-2024,BE-12253,Distributor,Medium,PROD-WEA-19,Wearables,Aura Smart Ring,70.0,199.0,CUST-544,Customer 544,Corporate,India,APAC,Mumbai,2,398.0,10.0%,39.80,358.20,140.00,218.20,60.9%,4.12,Express,Delivered,2
14-04-2025,16-04-2025,BE-12254,In-Store,Low,PROD-WEA-35,Wearables,Aura Smart Ring,70.0,199.0,CUST-777,Customer 777,Corporate,France,EMEA,Paris,9,1791.0,20.0%,358.20,1432.80,630.00,802.80,56.0%,41.00,Express,Delivered,5
27-03-2026,30-03-2026,BE-12255,Distributor,Medium,PROD-COM-49,Computing,Pro Monitor 27,120.0,279.0,CUST-310,Customer 310,Education,USA,NA,New York,6,1674.0,0.0%,0.00,1674.00,720.00,954.00,57.0%,16.83,Express,Delayed,4
12-01-2024,15-01-2024,BE-12256,In-Store,Medium,PROD-MOB-34,Mobile,Alpha Lite,150.0,349.0,CUST-330,Customer 330,Consumer,Mexico,LATAM,Mexico City,11,3839.0,0.0%,0.00,3839.00,1650.00,2189.00,57.0%,37.57,Standard,Delivered,5
26-06-2024,30-06-2024,BE-12257,Distributor,Medium,PROD-COM-13,Computing,Apex Desktop,750.0,1599.0,CUST-342,Customer 342,Corporate,USA,NA,New York,9,14391.0,0.0%,0.00,14391.00,6750.00,7641.00,53.1%,28.77,Standard,Delivered,5
22-11-2024,25-11-2024,BE-12258,In-Store,Low,PROD-WEA-29,Wearables,FitTrack Watch,50.0,149.0,CUST-327,Customer 327,Corporate,UK,EMEA,London,11,1639.0,5.0%,81.95,1557.05,550.00,1007.05,64.7%,43.16,Standard,Delivered,5
27-12-2025,01-01-2026,BE-12259,Distributor,Low,PROD-SMA-65,Smart Home,Beacon Camera,35.0,99.0,CUST-129,Customer 129,Consumer,Canada,NA,Toronto,11,1089.0,0.0%,0.00,1089.00,385.00,704.00,64.7%,39.46,Standard,Delayed,5
30-11-2025,01-12-2025,BE-12260,Online,Medium,PROD-COM-11,Computing,Pro Monitor 27,120.0,279.0,CUST-170,Customer 170,Consumer,Brazil,LATAM,Sao Paulo,10,2790.0,0.0%,0.00,2790.00,1200.00,1590.00,57.0%,25.91,Standard,Delivered,1
09-09-2025,13-09-2025,BE-12261,Online,Critical,PROD-COM-15,Computing,Titan Laptop,600.0,1299.0,CUST-184,Customer 184,Corporate,UK,EMEA,London,9,11691.0,15.0%,1753.65,9937.35,5400.00,4537.35,45.7%,35.99,Overnight,Delivered,5
15-04-2024,19-04-2024,BE-12262,Distributor,Medium,PROD-AUD-93,Audio,Aero Headphones,80.0,199.0,CUST-628,Customer 628,Corporate,UK,EMEA,London,14,2786.0,0.0%,0.00,2786.00,1120.00,1666.00,59.8%,49.74,Express,Delivered,3
22-05-2026,26-05-2026,BE-12263,In-Store,High,PROD-SMA-24,Smart Home,Beacon Camera,35.0,99.0,CUST-994,Customer 994,Corporate,USA,NA,New York,14,1386.0,5.0%,69.30,1316.70,490.00,826.70,62.8%,43.68,Express,Delayed,4
19-03-2026,22-03-2026,BE-12264,In-Store,Medium,PROD-AUD-47,Audio,Aero Headphones,80.0,199.0,CUST-918,Customer 918,Consumer,Brazil,LATAM,Sao Paulo,9,1791.0,0.0%,0.00,1791.00,720.00,1071.00,59.8%,24.45,Express,Delayed,4
02-08-2024,06-08-2024,BE-12265,Online,Low,PROD-AUD-38,Audio,NeoBuds Pro,45.0,120.0,CUST-120,Customer 120,Education,Mexico,LATAM,Mexico City,13,1560.0,5.0%,78.00,1482.00,585.00,897.00,60.5%,30.86,Express,Delivered,5
24-11-2024,26-11-2024,BE-12266,In-Store,Low,PROD-COM-44,Computing,Titan Laptop,600.0,1299.0,CUST-317,Customer 317,Education,Germany,EMEA,Berlin,13,16887.0,15.0%,2533.05,14353.95,7800.00,6553.95,45.7%,26.51,Overnight,Delivered,2
28-05-2026,02-06-2026,BE-12267,In-Store,Medium,PROD-COM-10,Computing,Apex Desktop,750.0,1599.0,CUST-420,Customer 420,Education,UK,EMEA,London,12,19188.0,0.0%,0.00,19188.00,9000.00,10188.00,53.1%,37.63,Standard,Delivered,4
06-05-2025,11-05-2025,BE-12268,Online,Critical,PROD-COM-30,Computing,Apex Desktop,750.0,1599.0,CUST-574,Customer 574,Education,Mexico,LATAM,Mexico City,6,9594.0,5.0%,479.70,9114.30,4500.00,4614.30,50.6%,28.42,Express,Delivered,4
06-09-2025,07-09-2025,BE-12269,Distributor,Low,PROD-WEA-27,Wearables,Aura Smart Ring,70.0,199.0,CUST-674,Customer 674,Consumer,Japan,APAC,Tokyo,3,597.0,0.0%,0.00,597.00,210.00,387.00,64.8%,11.16,Express,Delivered,5
14-09-2025,17-09-2025,BE-12270,Distributor,Medium,PROD-COM-63,Computing,Apex Desktop,750.0,1599.0,CUST-997,Customer 997,Corporate,Brazil,LATAM,Sao Paulo,12,19188.0,0.0%,0.00,19188.00,9000.00,10188.00,53.1%,57.84,Express,Delivered,5
30-03-2024,31-03-2024,BE-12271,Online,Low,PROD-SMA-17,Smart Home,Beacon Camera,35.0,99.0,CUST-944,Customer 944,Corporate,Japan,APAC,Tokyo,11,1089.0,5.0%,54.45,1034.55,385.00,649.55,62.8%,44.72,Express,Delivered,5
30-01-2024,03-02-2024,BE-12272,Distributor,Critical,PROD-COM-72,Computing,Apex Desktop,750.0,1599.0,CUST-973,Customer 973,Education,USA,NA,New York,9,14391.0,20.0%,2878.20,11512.80,6750.00,4762.80,41.4%,20.97,Overnight,Delivered,4
27-06-2025,28-06-2025,BE-12273,Online,Medium,PROD-WEA-62,Wearables,Aura Smart Ring,70.0,199.0,CUST-712,Customer 712,Consumer,France,EMEA,Paris,4,796.0,10.0%,79.60,716.40,280.00,436.40,60.9%,19.59,Standard,Delayed,5
02-07-2024,08-07-2024,BE-12274,Distributor,Medium,PROD-WEA-79,Wearables,Aura Smart Ring,70.0,199.0,CUST-496,Customer 496,Consumer,France,EMEA,Paris,12,2388.0,20.0%,477.60,1910.40,840.00,1070.40,56.0%,49.58,Overnight,Delivered,4
03-01-2026,04-01-2026,BE-12275,Distributor,High,PROD-AUD-94,Audio,NeoBuds Pro,45.0,120.0,CUST-673,Customer 673,Corporate,Japan,APAC,Tokyo,2,240.0,0.0%,0.00,240.00,90.00,150.00,62.5%,5.07,Express,Delayed,5
22-03-2025,24-03-2025,BE-12276,Online,Low,PROD-MOB-92,Mobile,Alpha Lite,150.0,349.0,CUST-868,Customer 868,Corporate,USA,NA,Los Angeles,5,1745.0,0.0%,0.00,1745.00,750.00,995.00,57.0%,22.60,Overnight,Delivered,4
25-05-2024,27-05-2024,BE-12277,Online,Low,PROD-MOB-46,Mobile,Quantum Phone X,400.0,899.0,CUST-896,Customer 896,Education,Brazil,LATAM,Sao Paulo,10,8990.0,0.0%,0.00,8990.00,4000.00,4990.00,55.5%,20.65,Standard,Returned,3
08-04-2024,11-04-2024,BE-12278,Distributor,Medium,PROD-WEA-35,Wearables,FitTrack Watch,50.0,149.0,CUST-442,Customer 442,Corporate,Japan,APAC,Tokyo,7,1043.0,0.0%,0.00,1043.00,350.00,693.00,66.4%,22.88,Express,Delivered,4
16-04-2025,20-04-2025,BE-12279,Distributor,Medium,PROD-WEA-51,Wearables,FitTrack Watch,50.0,149.0,CUST-494,Customer 494,Corporate,USA,NA,New York,7,1043.0,5.0%,52.15,990.85,350.00,640.85,64.7%,26.64,Express,Delayed,5
21-10-2024,25-10-2024,BE-12280,In-Store,High,PROD-MOB-97,Mobile,Alpha Lite,150.0,349.0,CUST-130,Customer 130,Corporate,Mexico,LATAM,Mexico City,12,4188.0,10.0%,418.80,3769.20,1800.00,1969.20,52.2%,33.10,Express,Delivered,5
22-04-2026,25-04-2026,BE-12281,Online,High,PROD-COM-84,Computing,Pro Monitor 27,120.0,279.0,CUST-872,Customer 872,Corporate,Japan,APAC,Tokyo,8,2232.0,0.0%,0.00,2232.00,960.00,1272.00,57.0%,16.05,Overnight,Delayed,2
31-12-2024,04-01-2025,BE-12282,Distributor,Low,PROD-AUD-42,Audio,Aero Headphones,80.0,199.0,CUST-148,Customer 148,Education,USA,NA,New York,4,796.0,0.0%,0.00,796.00,320.00,476.00,59.8%,13.04,Express,Delivered,4
28-01-2025,01-02-2025,BE-12283,Online,Medium,PROD-MOB-63,Mobile,Quantum Phone X,400.0,899.0,CUST-745,Customer 745,Education,UK,EMEA,London,3,2697.0,0.0%,0.00,2697.00,1200.00,1497.00,55.5%,13.64,Standard,Delivered,4
26-09-2025,01-10-2025,BE-12284,Distributor,Medium,PROD-AUD-56,Audio,Wave Soundbar,110.0,299.0,CUST-676,Customer 676,Consumer,Canada,NA,Toronto,3,897.0,0.0%,0.00,897.00,330.00,567.00,63.2%,7.33,Standard,Delivered,4
02-06-2026,05-06-2026,BE-12285,Distributor,Medium,PROD-AUD-47,Audio,Wave Soundbar,110.0,299.0,CUST-955,Customer 955,Corporate,Canada,NA,Toronto,7,2093.0,10.0%,209.30,1883.70,770.00,1113.70,59.1%,22.64,Express,Delivered,5
30-04-2024,03-05-2024,BE-12286,Online,Medium,PROD-MOB-28,Mobile,Alpha Lite,150.0,349.0,CUST-847,Customer 847,Consumer,India,APAC,Mumbai,10,3490.0,0.0%,0.00,3490.00,1500.00,1990.00,57.0%,30.55,Standard,Delayed,4
06-02-2026,10-02-2026,BE-12287,Online,Medium,PROD-MOB-53,Mobile,Alpha Lite,150.0,349.0,CUST-886,Customer 886,Education,Brazil,LATAM,Sao Paulo,5,1745.0,0.0%,0.00,1745.00,750.00,995.00,57.0%,14.16,Standard,Delivered,4
06-01-2026,13-01-2026,BE-12288,Online,Medium,PROD-MOB-23,Mobile,Quantum Phone X,400.0,899.0,CUST-787,Customer 787,Corporate,India,APAC,Mumbai,7,6293.0,0.0%,0.00,6293.00,2800.00,3493.00,55.5%,34.83,Standard,Returned,4
17-11-2025,23-11-2025,BE-12289,In-Store,Medium,PROD-AUD-80,Audio,Aero Headphones,80.0,199.0,CUST-535,Customer 535,Education,Japan,APAC,Tokyo,4,796.0,0.0%,0.00,796.00,320.00,476.00,59.8%,9.30,Express,Delayed,4
23-08-2025,26-08-2025,BE-12290,In-Store,High,PROD-SMA-24,Smart Home,Omni Speaker,25.0,69.0,CUST-607,Customer 607,Consumer,Mexico,LATAM,Mexico City,3,207.0,20.0%,41.40,165.60,75.00,90.60,54.7%,9.14,Overnight,Delivered,5
10-09-2024,12-09-2024,BE-12291,Distributor,Low,PROD-MOB-39,Mobile,Quantum Phone X,400.0,899.0,CUST-163,Customer 163,Corporate,Australia,APAC,Sydney,10,8990.0,0.0%,0.00,8990.00,4000.00,4990.00,55.5%,38.36,Overnight,Delivered,5
13-06-2025,16-06-2025,BE-12292,In-Store,Medium,PROD-AUD-44,Audio,Wave Soundbar,110.0,299.0,CUST-601,Customer 601,Corporate,India,APAC,Mumbai,12,3588.0,0.0%,0.00,3588.00,1320.00,2268.00,63.2%,31.20,Standard,Delivered,2
02-03-2024,06-03-2024,BE-12293,Distributor,High,PROD-COM-65,Computing,Apex Desktop,750.0,1599.0,CUST-272,Customer 272,Consumer,Brazil,LATAM,Sao Paulo,13,20787.0,20.0%,4157.40,16629.60,9750.00,6879.60,41.4%,37.02,Overnight,Delivered,4
03-10-2025,06-10-2025,BE-12294,Distributor,Medium,PROD-MOB-51,Mobile,Alpha Lite,150.0,349.0,CUST-346,Customer 346,Consumer,Mexico,LATAM,Mexico City,13,4537.0,0.0%,0.00,4537.00,1950.00,2587.00,57.0%,45.12,Express,Delivered,4
19-09-2024,21-09-2024,BE-12295,Distributor,High,PROD-SMA-20,Smart Home,Omni Speaker,25.0,69.0,CUST-160,Customer 160,Consumer,Brazil,LATAM,Sao Paulo,13,897.0,0.0%,0.00,897.00,325.00,572.00,63.8%,53.40,Express,Delivered,4
07-05-2026,10-05-2026,BE-12296,Distributor,Medium,PROD-COM-50,Computing,Pro Monitor 27,120.0,279.0,CUST-836,Customer 836,Corporate,Canada,NA,Toronto,11,3069.0,0.0%,0.00,3069.00,1320.00,1749.00,57.0%,28.56,Express,Delivered,3
21-03-2026,24-03-2026,BE-12297,In-Store,Medium,PROD-MOB-70,Mobile,Alpha Lite,150.0,349.0,CUST-715,Customer 715,Education,Brazil,LATAM,Sao Paulo,10,3490.0,5.0%,174.50,3315.50,1500.00,1815.50,54.8%,40.94,Express,Delivered,5
10-09-2025,13-09-2025,BE-12298,In-Store,High,PROD-AUD-39,Audio,Wave Soundbar,110.0,299.0,CUST-610,Customer 610,Corporate,Germany,EMEA,Berlin,9,2691.0,5.0%,134.55,2556.45,990.00,1566.45,61.3%,28.85,Standard,Delivered,5
10-03-2025,14-03-2025,BE-12299,Online,Low,PROD-AUD-39,Audio,Wave Soundbar,110.0,299.0,CUST-193,Customer 193,Consumer,USA,NA,New York,9,2691.0,15.0%,403.65,2287.35,990.00,1297.35,56.7%,20.02,Express,Delivered,4
17-06-2024,20-06-2024,BE-12300,In-Store,High,PROD-WEA-74,Wearables,FitTrack Watch,50.0,149.0,CUST-111,Customer 111,Corporate,Japan,APAC,Tokyo,7,1043.0,20.0%,208.60,834.40,350.00,484.40,58.1%,21.19,Overnight,Delivered,5
09-09-2025,15-09-2025,BE-12301,Online,High,PROD-SMA-84,Smart Home,Beacon Camera,35.0,99.0,CUST-435,Customer 435,Corporate,France,EMEA,Paris,2,198.0,15.0%,29.70,168.30,70.00,98.30,58.4%,9.40,Express,Delivered,4
03-06-2025,06-06-2025,BE-12302,Distributor,Low,PROD-WEA-37,Wearables,FitTrack Watch,50.0,149.0,CUST-655,Customer 655,Education,USA,NA,New York,12,1788.0,5.0%,89.40,1698.60,600.00,1098.60,64.7%,42.74,Standard,Delivered,2
05-01-2025,08-01-2025,BE-12303,Online,High,PROD-WEA-15,Wearables,FitTrack Watch,50.0,149.0,CUST-293,Customer 293,Education,France,EMEA,Paris,11,1639.0,0.0%,0.00,1639.00,550.00,1089.00,66.4%,36.41,Overnight,Delivered,5
14-02-2025,18-02-2025,BE-12304,In-Store,Medium,PROD-SMA-10,Smart Home,Omni Speaker,25.0,69.0,CUST-141,Customer 141,Education,France,EMEA,Paris,8,552.0,5.0%,27.60,524.40,200.00,324.40,61.9%,33.37,Express,Delivered,4
28-03-2025,31-03-2025,BE-12305,Online,Low,PROD-COM-10,Computing,Apex Desktop,750.0,1599.0,CUST-245,Customer 245,Consumer,Brazil,LATAM,Sao Paulo,14,22386.0,0.0%,0.00,22386.00,10500.00,11886.00,53.1%,65.74,Standard,Delivered,5
25-01-2024,01-02-2024,BE-12306,In-Store,Medium,PROD-SMA-84,Smart Home,Beacon Camera,35.0,99.0,CUST-622,Customer 622,Education,Australia,APAC,Sydney,3,297.0,10.0%,29.70,267.30,105.00,162.30,60.7%,6.94,Standard,Delivered,4
12-09-2025,17-09-2025,BE-12307,Online,Medium,PROD-MOB-64,Mobile,Quantum Phone X,400.0,899.0,CUST-854,Customer 854,Education,Australia,APAC,Sydney,7,6293.0,0.0%,0.00,6293.00,2800.00,3493.00,55.5%,19.85,Express,Delivered,1
02-02-2025,05-02-2025,BE-12308,Online,Medium,PROD-MOB-55,Mobile,Alpha Lite,150.0,349.0,CUST-434,Customer 434,Education,UK,EMEA,London,4,1396.0,5.0%,69.80,1326.20,600.00,726.20,54.8%,19.14,Overnight,Returned,5
20-08-2024,22-08-2024,BE-12309,Distributor,Low,PROD-COM-15,Computing,Pro Monitor 27,120.0,279.0,CUST-152,Customer 152,Consumer,Australia,APAC,Sydney,11,3069.0,0.0%,0.00,3069.00,1320.00,1749.00,57.0%,23.89,Express,Delivered,3
14-04-2024,16-04-2024,BE-12310,In-Store,Critical,PROD-COM-25,Computing,Apex Desktop,750.0,1599.0,CUST-363,Customer 363,Consumer,UK,EMEA,London,5,7995.0,0.0%,0.00,7995.00,3750.00,4245.00,53.1%,11.90,Express,Delivered,4
10-09-2024,15-09-2024,BE-12311,Online,High,PROD-COM-82,Computing,Apex Desktop,750.0,1599.0,CUST-339,Customer 339,Consumer,Brazil,LATAM,Sao Paulo,4,6396.0,10.0%,639.60,5756.40,3000.00,2756.40,47.9%,10.99,Overnight,Delivered,5
06-04-2024,10-04-2024,BE-12312,Distributor,Critical,PROD-MOB-77,Mobile,Alpha Lite,150.0,349.0,CUST-502,Customer 502,Consumer,USA,NA,Los Angeles,5,1745.0,0.0%,0.00,1745.00,750.00,995.00,57.0%,14.45,Express,Delayed,4
05-01-2026,07-01-2026,BE-12313,Online,Low,PROD-WEA-65,Wearables,FitTrack Watch,50.0,149.0,CUST-866,Customer 866,Corporate,France,EMEA,Paris,11,1639.0,0.0%,0.00,1639.00,550.00,1089.00,66.4%,41.78,Express,Delivered,5
12-02-2024,14-02-2024,BE-12314,Distributor,Low,PROD-COM-54,Computing,Pro Monitor 27,120.0,279.0,CUST-907,Customer 907,Education,Australia,APAC,Sydney,6,1674.0,0.0%,0.00,1674.00,720.00,954.00,57.0%,17.09,Express,Delayed,5
06-03-2025,10-03-2025,BE-12315,Online,Medium,PROD-AUD-37,Audio,Aero Headphones,80.0,199.0,CUST-252,Customer 252,Education,France,EMEA,Paris,14,2786.0,10.0%,278.60,2507.40,1120.00,1387.40,55.3%,65.43,Express,Delivered,1
01-08-2024,05-08-2024,BE-12316,Online,Critical,PROD-MOB-38,Mobile,Quantum Phone X,400.0,899.0,CUST-214,Customer 214,Corporate,France,EMEA,Paris,8,7192.0,0.0%,0.00,7192.00,3200.00,3992.00,55.5%,34.76,Express,Delivered,4
23-12-2024,26-12-2024,BE-12317,In-Store,Low,PROD-COM-26,Computing,Apex Desktop,750.0,1599.0,CUST-753,Customer 753,Corporate,USA,NA,Los Angeles,5,7995.0,15.0%,1199.25,6795.75,3750.00,3045.75,44.8%,17.13,Overnight,Delivered,5
30-01-2024,01-02-2024,BE-12318,Distributor,Low,PROD-COM-20,Computing,Apex Desktop,750.0,1599.0,CUST-166,Customer 166,Education,Australia,APAC,Sydney,13,20787.0,0.0%,0.00,20787.00,9750.00,11037.00,53.1%,48.07,Standard,Delivered,5
22-01-2024,24-01-2024,BE-12319,In-Store,Medium,PROD-SMA-31,Smart Home,Beacon Camera,35.0,99.0,CUST-756,Customer 756,Consumer,France,EMEA,Paris,14,1386.0,0.0%,0.00,1386.00,490.00,896.00,64.7%,33.13,Standard,Delivered,5
13-01-2025,15-01-2025,BE-12320,In-Store,Medium,PROD-AUD-68,Audio,Aero Headphones,80.0,199.0,CUST-972,Customer 972,Education,Canada,NA,Toronto,4,796.0,0.0%,0.00,796.00,320.00,476.00,59.8%,11.13,Standard,Delivered,5
20-11-2024,23-11-2024,BE-12321,Distributor,Medium,PROD-SMA-80,Smart Home,Beacon Camera,35.0,99.0,CUST-985,Customer 985,Consumer,Canada,NA,Toronto,3,297.0,5.0%,14.85,282.15,105.00,177.15,62.8%,10.13,Express,Delivered,3
07-11-2025,10-11-2025,BE-12322,In-Store,Medium,PROD-AUD-68,Audio,Aero Headphones,80.0,199.0,CUST-199,Customer 199,Education,India,APAC,Mumbai,9,1791.0,0.0%,0.00,1791.00,720.00,1071.00,59.8%,22.09,Express,Delivered,1
25-02-2025,01-03-2025,BE-12323,Online,Medium,PROD-AUD-36,Audio,NeoBuds Pro,45.0,120.0,CUST-682,Customer 682,Consumer,Canada,NA,Toronto,2,240.0,0.0%,0.00,240.00,90.00,150.00,62.5%,5.28,Standard,Delivered,4
28-06-2024,02-07-2024,BE-12324,In-Store,High,PROD-WEA-71,Wearables,FitTrack Watch,50.0,149.0,CUST-409,Customer 409,Corporate,Mexico,LATAM,Mexico City,2,298.0,0.0%,0.00,298.00,100.00,198.00,66.4%,9.32,Express,Delivered,2
30-12-2024,02-01-2025,BE-12325,Distributor,High,PROD-WEA-77,Wearables,FitTrack Watch,50.0,149.0,CUST-929,Customer 929,Consumer,USA,NA,New York,11,1639.0,0.0%,0.00,1639.00,550.00,1089.00,66.4%,54.43,Overnight,Delivered,5
01-02-2024,02-02-2024,BE-12326,Distributor,High,PROD-MOB-32,Mobile,Alpha Lite,150.0,349.0,CUST-944,Customer 944,Education,Australia,APAC,Sydney,14,4886.0,5.0%,244.30,4641.70,2100.00,2541.70,54.8%,30.55,Overnight,Delivered,4
04-06-2026,08-06-2026,BE-12327,In-Store,Medium,PROD-COM-61,Computing,Pro Monitor 27,120.0,279.0,CUST-670,Customer 670,Consumer,USA,NA,Los Angeles,10,2790.0,0.0%,0.00,2790.00,1200.00,1590.00,57.0%,29.12,Standard,Delivered,4
24-05-2025,28-05-2025,BE-12328,Distributor,Low,PROD-WEA-96,Wearables,Aura Smart Ring,70.0,199.0,CUST-279,Customer 279,Consumer,Brazil,LATAM,Sao Paulo,10,1990.0,15.0%,298.50,1691.50,700.00,991.50,58.6%,47.06,Express,Delivered,4
07-08-2025,13-08-2025,BE-12329,Distributor,Medium,PROD-WEA-33,Wearables,Aura Smart Ring,70.0,199.0,CUST-183,Customer 183,Consumer,UK,EMEA,London,3,597.0,0.0%,0.00,597.00,210.00,387.00,64.8%,12.79,Overnight,Delivered,5
06-04-2026,11-04-2026,BE-12330,Online,Medium,PROD-COM-22,Computing,Apex Desktop,750.0,1599.0,CUST-231,Customer 231,Consumer,Japan,APAC,Tokyo,3,4797.0,0.0%,0.00,4797.00,2250.00,2547.00,53.1%,7.76,Overnight,Delivered,4
24-05-2025,29-05-2025,BE-12331,Distributor,Low,PROD-WEA-65,Wearables,Aura Smart Ring,70.0,199.0,CUST-957,Customer 957,Corporate,Mexico,LATAM,Mexico City,3,597.0,0.0%,0.00,597.00,210.00,387.00,64.8%,13.41,Standard,Delayed,5
22-10-2025,25-10-2025,BE-12332,In-Store,Critical,PROD-MOB-41,Mobile,Quantum Phone X,400.0,899.0,CUST-296,Customer 296,Education,Brazil,LATAM,Sao Paulo,5,4495.0,15.0%,674.25,3820.75,2000.00,1820.75,47.7%,24.26,Standard,Delivered,1
25-01-2025,30-01-2025,BE-12333,Online,High,PROD-SMA-35,Smart Home,Beacon Camera,35.0,99.0,CUST-965,Customer 965,Corporate,Brazil,LATAM,Sao Paulo,4,396.0,15.0%,59.40,336.60,140.00,196.60,58.4%,12.19,Express,Delivered,4
28-08-2024,30-08-2024,BE-12334,Distributor,Critical,PROD-WEA-32,Wearables,Aura Smart Ring,70.0,199.0,CUST-279,Customer 279,Education,Germany,EMEA,Berlin,6,1194.0,0.0%,0.00,1194.00,420.00,774.00,64.8%,14.83,Overnight,Delivered,5
09-07-2024,12-07-2024,BE-12335,In-Store,Medium,PROD-WEA-45,Wearables,FitTrack Watch,50.0,149.0,CUST-715,Customer 715,Corporate,India,APAC,Mumbai,14,2086.0,0.0%,0.00,2086.00,700.00,1386.00,66.4%,29.69,Standard,Delivered,3
15-06-2024,18-06-2024,BE-12336,Distributor,High,PROD-AUD-24,Audio,NeoBuds Pro,45.0,120.0,CUST-984,Customer 984,Corporate,UK,EMEA,London,12,1440.0,0.0%,0.00,1440.00,540.00,900.00,62.5%,52.25,Standard,Delivered,5
31-01-2026,04-02-2026,BE-12337,In-Store,Medium,PROD-COM-70,Computing,Apex Desktop,750.0,1599.0,CUST-415,Customer 415,Corporate,Brazil,LATAM,Sao Paulo,8,12792.0,15.0%,1918.80,10873.20,6000.00,4873.20,44.8%,16.95,Standard,Delivered,4
05-08-2025,09-08-2025,BE-12338,In-Store,Medium,PROD-SMA-59,Smart Home,Beacon Camera,35.0,99.0,CUST-288,Customer 288,Consumer,UK,EMEA,London,9,891.0,10.0%,89.10,801.90,315.00,486.90,60.7%,18.38,Express,Delivered,5
28-06-2025,02-07-2025,BE-12339,Distributor,Medium,PROD-COM-13,Computing,Pro Monitor 27,120.0,279.0,CUST-186,Customer 186,Consumer,UK,EMEA,London,2,558.0,15.0%,83.70,474.30,240.00,234.30,49.4%,4.28,Standard,Delivered,3
27-12-2025,29-12-2025,BE-12340,Online,Medium,PROD-WEA-33,Wearables,Aura Smart Ring,70.0,199.0,CUST-954,Customer 954,Corporate,Brazil,LATAM,Sao Paulo,12,2388.0,20.0%,477.60,1910.40,840.00,1070.40,56.0%,36.46,Overnight,Delivered,5
16-12-2025,19-12-2025,BE-12341,Distributor,Medium,PROD-WEA-40,Wearables,FitTrack Watch,50.0,149.0,CUST-877,Customer 877,Education,Brazil,LATAM,Sao Paulo,9,1341.0,0.0%,0.00,1341.00,450.00,891.00,66.4%,19.69,Express,Delayed,5
21-07-2024,24-07-2024,BE-12342,Online,Medium,PROD-COM-57,Computing,Titan Laptop,600.0,1299.0,CUST-890,Customer 890,Consumer,Germany,EMEA,Berlin,6,7794.0,20.0%,1558.80,6235.20,3600.00,2635.20,42.3%,19.70,Overnight,Delivered,5
28-09-2024,30-09-2024,BE-12343,Online,Medium,PROD-WEA-41,Wearables,FitTrack Watch,50.0,149.0,CUST-585,Customer 585,Consumer,France,EMEA,Paris,8,1192.0,0.0%,0.00,1192.00,400.00,792.00,66.4%,21.82,Overnight,Delivered,5
03-01-2025,06-01-2025,BE-12344,Distributor,Low,PROD-AUD-53,Audio,NeoBuds Pro,45.0,120.0,CUST-825,Customer 825,Consumer,Mexico,LATAM,Mexico City,14,1680.0,10.0%,168.00,1512.00,630.00,882.00,58.3%,35.54,Standard,Delayed,4
08-04-2024,09-04-2024,BE-12345,Online,Medium,PROD-COM-79,Computing,Apex Desktop,750.0,1599.0,CUST-754,Customer 754,Corporate,Canada,NA,Toronto,2,3198.0,0.0%,0.00,3198.00,1500.00,1698.00,53.1%,9.99,Standard,Delivered,4
26-10-2024,28-10-2024,BE-12346,In-Store,Medium,PROD-COM-26,Computing,Titan Laptop,600.0,1299.0,CUST-717,Customer 717,Consumer,USA,NA,Los Angeles,14,18186.0,20.0%,3637.20,14548.80,8400.00,6148.80,42.3%,29.83,Standard,Delivered,4
04-03-2024,08-03-2024,BE-12347,In-Store,High,PROD-SMA-43,Smart Home,Omni Speaker,25.0,69.0,CUST-189,Customer 189,Consumer,USA,NA,New York,14,966.0,0.0%,0.00,966.00,350.00,616.00,63.8%,38.58,Overnight,Delivered,5
20-12-2025,24-12-2025,BE-12348,Distributor,High,PROD-MOB-31,Mobile,Quantum Phone X,400.0,899.0,CUST-556,Customer 556,Consumer,Brazil,LATAM,Sao Paulo,12,10788.0,0.0%,0.00,10788.00,4800.00,5988.00,55.5%,51.36,Express,Delivered,4
24-04-2026,26-04-2026,BE-12349,Online,High,PROD-WEA-57,Wearables,Aura Smart Ring,70.0,199.0,CUST-713,Customer 713,Consumer,Japan,APAC,Tokyo,10,1990.0,20.0%,398.00,1592.00,700.00,892.00,56.0%,32.14,Express,Delivered,4
12-07-2025,13-07-2025,BE-12350,In-Store,Low,PROD-AUD-51,Audio,Aero Headphones,80.0,199.0,CUST-201,Customer 201,Consumer,USA,NA,Los Angeles,12,2388.0,5.0%,119.40,2268.60,960.00,1308.60,57.7%,42.73,Express,Delivered,5
03-01-2025,08-01-2025,BE-12351,Online,Medium,PROD-WEA-39,Wearables,Aura Smart Ring,70.0,199.0,CUST-236,Customer 236,Consumer,USA,NA,Los Angeles,13,2587.0,0.0%,0.00,2587.00,910.00,1677.00,64.8%,29.62,Express,Delivered,5
24-02-2026,03-03-2026,BE-12352,In-Store,Medium,PROD-MOB-27,Mobile,Quantum Phone X,400.0,899.0,CUST-313,Customer 313,Corporate,India,APAC,Mumbai,3,2697.0,5.0%,134.85,2562.15,1200.00,1362.15,53.2%,6.01,Overnight,Delivered,5
27-12-2025,31-12-2025,BE-12353,Distributor,Low,PROD-MOB-60,Mobile,Quantum Phone X,400.0,899.0,CUST-817,Customer 817,Consumer,France,EMEA,Paris,1,899.0,5.0%,44.95,854.05,400.00,454.05,53.2%,3.73,Standard,Delivered,5
26-05-2025,31-05-2025,BE-12354,Distributor,Medium,PROD-SMA-78,Smart Home,Beacon Camera,35.0,99.0,CUST-251,Customer 251,Education,Brazil,LATAM,Sao Paulo,3,297.0,10.0%,29.70,267.30,105.00,162.30,60.7%,6.66,Overnight,Delivered,4
27-02-2026,03-03-2026,BE-12355,Distributor,Medium,PROD-COM-30,Computing,Titan Laptop,600.0,1299.0,CUST-301,Customer 301,Consumer,Canada,NA,Toronto,14,18186.0,10.0%,1818.60,16367.40,8400.00,7967.40,48.7%,69.69,Overnight,Delayed,4
19-06-2024,23-06-2024,BE-12356,Distributor,Low,PROD-SMA-82,Smart Home,Omni Speaker,25.0,69.0,CUST-680,Customer 680,Education,France,EMEA,Paris,5,345.0,5.0%,17.25,327.75,125.00,202.75,61.9%,19.63,Overnight,Delivered,4
26-03-2024,29-03-2024,BE-12357,In-Store,High,PROD-MOB-81,Mobile,Quantum Phone X,400.0,899.0,CUST-470,Customer 470,Education,USA,NA,Los Angeles,2,1798.0,0.0%,0.00,1798.00,800.00,998.00,55.5%,4.34,Standard,Delivered,5
22-04-2024,24-04-2024,BE-12358,Distributor,Medium,PROD-AUD-18,Audio,NeoBuds Pro,45.0,120.0,CUST-729,Customer 729,Education,Canada,NA,Toronto,4,480.0,0.0%,0.00,480.00,180.00,300.00,62.5%,13.68,Express,Delivered,1
16-07-2024,17-07-2024,BE-12359,In-Store,High,PROD-AUD-55,Audio,Aero Headphones,80.0,199.0,CUST-372,Customer 372,Education,Brazil,LATAM,Sao Paulo,13,2587.0,5.0%,129.35,2457.65,1040.00,1417.65,57.7%,53.82,Express,Delivered,4
01-02-2025,07-02-2025,BE-12360,Distributor,Medium,PROD-WEA-15,Wearables,FitTrack Watch,50.0,149.0,CUST-669,Customer 669,Consumer,Mexico,LATAM,Mexico City,6,894.0,0.0%,0.00,894.00,300.00,594.00,66.4%,17.99,Standard,Delivered,4
17-05-2025,21-05-2025,BE-12361,Online,Low,PROD-WEA-73,Wearables,FitTrack Watch,50.0,149.0,CUST-728,Customer 728,Corporate,Mexico,LATAM,Mexico City,6,894.0,0.0%,0.00,894.00,300.00,594.00,66.4%,13.11,Express,Delivered,4
14-04-2024,17-04-2024,BE-12362,In-Store,Low,PROD-WEA-46,Wearables,FitTrack Watch,50.0,149.0,CUST-390,Customer 390,Corporate,Australia,APAC,Sydney,7,1043.0,0.0%,0.00,1043.00,350.00,693.00,66.4%,30.82,Overnight,Delivered,4
30-03-2024,04-04-2024,BE-12363,Online,Medium,PROD-COM-52,Computing,Titan Laptop,600.0,1299.0,CUST-122,Customer 122,Corporate,Japan,APAC,Tokyo,4,5196.0,0.0%,0.00,5196.00,2400.00,2796.00,53.8%,19.07,Overnight,Delayed,5
31-07-2025,03-08-2025,BE-12364,Online,Medium,PROD-SMA-50,Smart Home,Beacon Camera,35.0,99.0,CUST-447,Customer 447,Corporate,Germany,EMEA,Berlin,12,1188.0,10.0%,118.80,1069.20,420.00,649.20,60.7%,40.75,Express,Delivered,4
27-05-2026,31-05-2026,BE-12365,Distributor,Low,PROD-AUD-97,Audio,Aero Headphones,80.0,199.0,CUST-154,Customer 154,Corporate,USA,NA,Los Angeles,10,1990.0,0.0%,0.00,1990.00,800.00,1190.00,59.8%,32.98,Overnight,Delivered,5
02-08-2025,06-08-2025,BE-12366,In-Store,Medium,PROD-AUD-60,Audio,Wave Soundbar,110.0,299.0,CUST-787,Customer 787,Education,USA,NA,New York,11,3289.0,0.0%,0.00,3289.00,1210.00,2079.00,63.2%,33.64,Express,Delivered,4
07-01-2024,11-01-2024,BE-12367,Online,Medium,PROD-SMA-21,Smart Home,Omni Speaker,25.0,69.0,CUST-364,Customer 364,Education,Mexico,LATAM,Mexico City,12,828.0,15.0%,124.20,703.80,300.00,403.80,57.4%,25.16,Overnight,Delivered,5
16-02-2025,19-02-2025,BE-12368,Distributor,Low,PROD-COM-67,Computing,Pro Monitor 27,120.0,279.0,CUST-103,Customer 103,Education,Japan,APAC,Tokyo,8,2232.0,10.0%,223.20,2008.80,960.00,1048.80,52.2%,38.35,Standard,Delivered,4
18-03-2026,24-03-2026,BE-12369,Distributor,Critical,PROD-WEA-91,Wearables,FitTrack Watch,50.0,149.0,CUST-649,Customer 649,Education,Brazil,LATAM,Sao Paulo,1,149.0,0.0%,0.00,149.00,50.00,99.00,66.4%,2.06,Express,Delivered,4
10-02-2024,16-02-2024,BE-12370,Online,Medium,PROD-AUD-84,Audio,NeoBuds Pro,45.0,120.0,CUST-692,Customer 692,Corporate,Mexico,LATAM,Mexico City,8,960.0,10.0%,96.00,864.00,360.00,504.00,58.3%,30.14,Overnight,Delivered,3
05-01-2025,07-01-2025,BE-12371,Online,Low,PROD-AUD-16,Audio,NeoBuds Pro,45.0,120.0,CUST-500,Customer 500,Corporate,Mexico,LATAM,Mexico City,12,1440.0,10.0%,144.00,1296.00,540.00,756.00,58.3%,51.98,Express,Delivered,4
25-08-2024,26-08-2024,BE-12372,In-Store,Medium,PROD-AUD-19,Audio,NeoBuds Pro,45.0,120.0,CUST-921,Customer 921,Corporate,Australia,APAC,Sydney,10,1200.0,0.0%,0.00,1200.00,450.00,750.00,62.5%,25.00,Standard,Delivered,3
16-11-2024,17-11-2024,BE-12373,In-Store,Critical,PROD-COM-82,Computing,Titan Laptop,600.0,1299.0,CUST-686,Customer 686,Corporate,USA,NA,New York,6,7794.0,0.0%,0.00,7794.00,3600.00,4194.00,53.8%,16.41,Standard,Delivered,1
02-05-2025,04-05-2025,BE-12374,Distributor,Critical,PROD-WEA-79,Wearables,Aura Smart Ring,70.0,199.0,CUST-595,Customer 595,Education,Germany,EMEA,Berlin,1,199.0,10.0%,19.90,179.10,70.00,109.10,60.9%,2.32,Standard,Delivered,4
06-04-2025,10-04-2025,BE-12375,Distributor,High,PROD-SMA-82,Smart Home,Omni Speaker,25.0,69.0,CUST-920,Customer 920,Corporate,Japan,APAC,Tokyo,8,552.0,15.0%,82.80,469.20,200.00,269.20,57.4%,33.27,Standard,Returned,3
30-01-2025,03-02-2025,BE-12376,Online,High,PROD-MOB-89,Mobile,Quantum Phone X,400.0,899.0,CUST-493,Customer 493,Consumer,UK,EMEA,London,6,5394.0,0.0%,0.00,5394.00,2400.00,2994.00,55.5%,22.06,Standard,Delivered,4
22-03-2026,24-03-2026,BE-12377,Online,Critical,PROD-MOB-52,Mobile,Alpha Lite,150.0,349.0,CUST-956,Customer 956,Education,Australia,APAC,Sydney,4,1396.0,0.0%,0.00,1396.00,600.00,796.00,57.0%,13.10,Express,Delivered,5
19-03-2026,21-03-2026,BE-12378,Distributor,Medium,PROD-SMA-63,Smart Home,Beacon Camera,35.0,99.0,CUST-805,Customer 805,Corporate,Brazil,LATAM,Sao Paulo,3,297.0,0.0%,0.00,297.00,105.00,192.00,64.7%,13.17,Overnight,Delivered,4
05-02-2025,09-02-2025,BE-12379,Online,Medium,PROD-COM-64,Computing,Titan Laptop,600.0,1299.0,CUST-992,Customer 992,Corporate,Mexico,LATAM,Mexico City,8,10392.0,15.0%,1558.80,8833.20,4800.00,4033.20,45.7%,17.97,Express,Delivered,2
11-10-2024,15-10-2024,BE-12380,Online,Medium,PROD-COM-77,Computing,Apex Desktop,750.0,1599.0,CUST-377,Customer 377,Education,Mexico,LATAM,Mexico City,11,17589.0,0.0%,0.00,17589.00,8250.00,9339.00,53.1%,42.98,Overnight,Delivered,5
02-01-2024,06-01-2024,BE-12381,In-Store,Medium,PROD-WEA-12,Wearables,FitTrack Watch,50.0,149.0,CUST-480,Customer 480,Education,Japan,APAC,Tokyo,10,1490.0,10.0%,149.00,1341.00,500.00,841.00,62.7%,35.77,Overnight,Delivered,4
24-01-2026,28-01-2026,BE-12382,Online,High,PROD-AUD-29,Audio,NeoBuds Pro,45.0,120.0,CUST-796,Customer 796,Education,USA,NA,New York,4,480.0,5.0%,24.00,456.00,180.00,276.00,60.5%,10.88,Standard,Delivered,5
23-03-2026,27-03-2026,BE-12383,Distributor,Low,PROD-SMA-22,Smart Home,Beacon Camera,35.0,99.0,CUST-846,Customer 846,Corporate,USA,NA,Los Angeles,11,1089.0,0.0%,0.00,1089.00,385.00,704.00,64.7%,47.92,Standard,Delivered,5
23-03-2024,25-03-2024,BE-12384,Online,Low,PROD-MOB-21,Mobile,Quantum Phone X,400.0,899.0,CUST-548,Customer 548,Consumer,Canada,NA,Toronto,14,12586.0,10.0%,1258.60,11327.40,5600.00,5727.40,50.6%,30.33,Standard,Delayed,3
29-07-2024,05-08-2024,BE-12385,Online,Medium,PROD-AUD-47,Audio,Aero Headphones,80.0,199.0,CUST-413,Customer 413,Consumer,Canada,NA,Toronto,10,1990.0,0.0%,0.00,1990.00,800.00,1190.00,59.8%,39.85,Standard,Returned,3
10-01-2026,11-01-2026,BE-12386,Distributor,Critical,PROD-MOB-25,Mobile,Quantum Phone X,400.0,899.0,CUST-757,Customer 757,Education,Canada,NA,Toronto,12,10788.0,0.0%,0.00,10788.00,4800.00,5988.00,55.5%,53.20,Overnight,Delivered,5
21-10-2024,24-10-2024,BE-12387,In-Store,Low,PROD-AUD-69,Audio,Wave Soundbar,110.0,299.0,CUST-854,Customer 854,Education,Brazil,LATAM,Sao Paulo,11,3289.0,5.0%,164.45,3124.55,1210.00,1914.55,61.3%,42.05,Overnight,Delivered,4
16-06-2024,21-06-2024,BE-12388,In-Store,Medium,PROD-SMA-33,Smart Home,Omni Speaker,25.0,69.0,CUST-214,Customer 214,Education,France,EMEA,Paris,8,552.0,5.0%,27.60,524.40,200.00,324.40,61.9%,19.94,Overnight,Delivered,2
18-04-2026,22-04-2026,BE-12389,In-Store,Medium,PROD-COM-74,Computing,Pro Monitor 27,120.0,279.0,CUST-707,Customer 707,Education,Brazil,LATAM,Sao Paulo,13,3627.0,0.0%,0.00,3627.00,1560.00,2067.00,57.0%,52.38,Express,Delivered,4
07-01-2025,09-01-2025,BE-12390,Distributor,Medium,PROD-AUD-56,Audio,Aero Headphones,80.0,199.0,CUST-859,Customer 859,Corporate,France,EMEA,Paris,12,2388.0,10.0%,238.80,2149.20,960.00,1189.20,55.3%,42.30,Standard,Delivered,5
17-06-2025,20-06-2025,BE-12391,Online,High,PROD-WEA-76,Wearables,FitTrack Watch,50.0,149.0,CUST-450,Customer 450,Corporate,India,APAC,Mumbai,6,894.0,0.0%,0.00,894.00,300.00,594.00,66.4%,27.35,Standard,Delivered,2
22-08-2024,25-08-2024,BE-12392,In-Store,Low,PROD-AUD-29,Audio,Wave Soundbar,110.0,299.0,CUST-955,Customer 955,Consumer,USA,NA,Los Angeles,5,1495.0,5.0%,74.75,1420.25,550.00,870.25,61.3%,19.15,Overnight,Delivered,3
06-03-2026,09-03-2026,BE-12393,Online,Medium,PROD-AUD-43,Audio,Wave Soundbar,110.0,299.0,CUST-614,Customer 614,Education,UK,EMEA,London,9,2691.0,10.0%,269.10,2421.90,990.00,1431.90,59.1%,34.49,Standard,Delivered,5
24-11-2024,27-11-2024,BE-12394,Online,Medium,PROD-WEA-76,Wearables,Aura Smart Ring,70.0,199.0,CUST-410,Customer 410,Consumer,Germany,EMEA,Berlin,5,995.0,15.0%,149.25,845.75,350.00,495.75,58.6%,14.29,Standard,Delivered,4
08-01-2025,12-01-2025,BE-12395,Distributor,Medium,PROD-WEA-71,Wearables,Aura Smart Ring,70.0,199.0,CUST-177,Customer 177,Corporate,France,EMEA,Paris,1,199.0,0.0%,0.00,199.00,70.00,129.00,64.8%,4.97,Standard,Delivered,5
01-10-2024,04-10-2024,BE-12396,In-Store,High,PROD-AUD-37,Audio,NeoBuds Pro,45.0,120.0,CUST-873,Customer 873,Consumer,Canada,NA,Toronto,10,1200.0,0.0%,0.00,1200.00,450.00,750.00,62.5%,31.10,Express,Delivered,4
06-11-2025,11-11-2025,BE-12397,In-Store,Medium,PROD-SMA-39,Smart Home,Beacon Camera,35.0,99.0,CUST-875,Customer 875,Corporate,Brazil,LATAM,Sao Paulo,3,297.0,10.0%,29.70,267.30,105.00,162.30,60.7%,8.16,Overnight,Delivered,5
10-12-2025,11-12-2025,BE-12398,Online,Low,PROD-COM-17,Computing,Titan Laptop,600.0,1299.0,CUST-970,Customer 970,Education,Germany,EMEA,Berlin,8,10392.0,15.0%,1558.80,8833.20,4800.00,4033.20,45.7%,20.69,Express,Delivered,5
01-02-2025,06-02-2025,BE-12399,In-Store,Low,PROD-WEA-68,Wearables,Aura Smart Ring,70.0,199.0,CUST-296,Customer 296,Corporate,Mexico,LATAM,Mexico City,5,995.0,0.0%,0.00,995.00,350.00,645.00,64.8%,14.01,Standard,Delivered,3
07-03-2026,09-03-2026,BE-12400,Distributor,Low,PROD-WEA-97,Wearables,Aura Smart Ring,70.0,199.0,CUST-194,Customer 194,Corporate,India,APAC,Mumbai,8,1592.0,5.0%,79.60,1512.40,560.00,952.40,63.0%,19.16,Standard,Delivered,4
31-07-2024,03-08-2024,BE-12401,Distributor,High,PROD-WEA-20,Wearables,FitTrack Watch,50.0,149.0,CUST-813,Customer 813,Education,Japan,APAC,Tokyo,12,1788.0,10.0%,178.80,1609.20,600.00,1009.20,62.7%,52.08,Express,Delivered,5
09-04-2024,13-04-2024,BE-12402,Online,Medium,PROD-SMA-23,Smart Home,Omni Speaker,25.0,69.0,CUST-523,Customer 523,Corporate,Brazil,LATAM,Sao Paulo,7,483.0,0.0%,0.00,483.00,175.00,308.00,63.8%,34.47,Express,Delivered,3
13-08-2025,15-08-2025,BE-12403,Distributor,Medium,PROD-AUD-44,Audio,NeoBuds Pro,45.0,120.0,CUST-326,Customer 326,Education,USA,NA,New York,7,840.0,0.0%,0.00,840.00,315.00,525.00,62.5%,19.95,Overnight,Delivered,5
01-10-2025,04-10-2025,BE-12404,Online,High,PROD-WEA-52,Wearables,Aura Smart Ring,70.0,199.0,CUST-905,Customer 905,Education,Brazil,LATAM,Sao Paulo,5,995.0,5.0%,49.75,945.25,350.00,595.25,63.0%,17.44,Overnight,Delivered,4
07-01-2026,11-01-2026,BE-12405,In-Store,Medium,PROD-WEA-76,Wearables,Aura Smart Ring,70.0,199.0,CUST-472,Customer 472,Corporate,Mexico,LATAM,Mexico City,10,1990.0,5.0%,99.50,1890.50,700.00,1190.50,63.0%,49.62,Overnight,Delivered,5
25-03-2026,29-03-2026,BE-12406,Distributor,Medium,PROD-COM-90,Computing,Titan Laptop,600.0,1299.0,CUST-622,Customer 622,Consumer,France,EMEA,Paris,2,2598.0,5.0%,129.90,2468.10,1200.00,1268.10,51.4%,5.93,Express,Delivered,5
08-07-2025,12-07-2025,BE-12407,In-Store,Medium,PROD-MOB-19,Mobile,Alpha Lite,150.0,349.0,CUST-388,Customer 388,Corporate,USA,NA,Los Angeles,6,2094.0,0.0%,0.00,2094.00,900.00,1194.00,57.0%,22.17,Overnight,Delivered,5
26-02-2025,02-03-2025,BE-12408,Online,Medium,PROD-MOB-80,Mobile,Alpha Lite,150.0,349.0,CUST-119,Customer 119,Consumer,Japan,APAC,Tokyo,14,4886.0,0.0%,0.00,4886.00,2100.00,2786.00,57.0%,64.30,Standard,Returned,4
08-02-2026,12-02-2026,BE-12409,Distributor,Critical,PROD-MOB-88,Mobile,Alpha Lite,150.0,349.0,CUST-622,Customer 622,Consumer,Mexico,LATAM,Mexico City,2,698.0,20.0%,139.60,558.40,300.00,258.40,46.3%,8.19,Overnight,Delivered,5
10-02-2024,14-02-2024,BE-12410,Distributor,High,PROD-MOB-11,Mobile,Quantum Phone X,400.0,899.0,CUST-340,Customer 340,Education,USA,NA,Los Angeles,13,11687.0,0.0%,0.00,11687.00,5200.00,6487.00,55.5%,62.12,Overnight,Delivered,3
27-11-2024,28-11-2024,BE-12411,Distributor,Low,PROD-AUD-11,Audio,Aero Headphones,80.0,199.0,CUST-597,Customer 597,Consumer,France,EMEA,Paris,12,2388.0,5.0%,119.40,2268.60,960.00,1308.60,57.7%,32.39,Express,Delivered,4
07-01-2026,08-01-2026,BE-12412,Distributor,Low,PROD-WEA-19,Wearables,Aura Smart Ring,70.0,199.0,CUST-140,Customer 140,Education,Germany,EMEA,Berlin,8,1592.0,10.0%,159.20,1432.80,560.00,872.80,60.9%,23.30,Express,Delivered,4
21-06-2025,26-06-2025,BE-12413,Online,Medium,PROD-MOB-19,Mobile,Alpha Lite,150.0,349.0,CUST-268,Customer 268,Consumer,Germany,EMEA,Berlin,14,4886.0,10.0%,488.60,4397.40,2100.00,2297.40,52.2%,69.00,Overnight,Delivered,4
26-09-2025,30-09-2025,BE-12414,Distributor,Medium,PROD-SMA-73,Smart Home,Omni Speaker,25.0,69.0,CUST-191,Customer 191,Consumer,Germany,EMEA,Berlin,9,621.0,15.0%,93.15,527.85,225.00,302.85,57.4%,35.66,Express,Delayed,4
05-05-2024,09-05-2024,BE-12415,Online,Medium,PROD-MOB-96,Mobile,Quantum Phone X,400.0,899.0,CUST-988,Customer 988,Education,UK,EMEA,London,1,899.0,0.0%,0.00,899.00,400.00,499.00,55.5%,4.03,Express,Delivered,4
20-12-2025,23-12-2025,BE-12416,In-Store,Low,PROD-AUD-23,Audio,NeoBuds Pro,45.0,120.0,CUST-957,Customer 957,Consumer,Mexico,LATAM,Mexico City,1,120.0,0.0%,0.00,120.00,45.00,75.00,62.5%,2.46,Standard,Delivered,4
05-12-2024,08-12-2024,BE-12417,In-Store,Low,PROD-SMA-53,Smart Home,Omni Speaker,25.0,69.0,CUST-245,Customer 245,Education,USA,NA,New York,7,483.0,10.0%,48.30,434.70,175.00,259.70,59.7%,29.22,Express,Delivered,5
06-10-2024,10-10-2024,BE-12418,Distributor,Low,PROD-SMA-27,Smart Home,Beacon Camera,35.0,99.0,CUST-596,Customer 596,Corporate,USA,NA,Los Angeles,11,1089.0,0.0%,0.00,1089.00,385.00,704.00,64.7%,25.69,Standard,Delivered,4
16-05-2025,20-05-2025,BE-12419,Online,Medium,PROD-COM-70,Computing,Pro Monitor 27,120.0,279.0,CUST-837,Customer 837,Corporate,France,EMEA,Paris,14,3906.0,10.0%,390.60,3515.40,1680.00,1835.40,52.2%,32.65,Express,Delivered,4
20-04-2025,23-04-2025,BE-12420,Online,Medium,PROD-SMA-72,Smart Home,Beacon Camera,35.0,99.0,CUST-521,Customer 521,Education,India,APAC,Mumbai,4,396.0,0.0%,0.00,396.00,140.00,256.00,64.7%,18.06,Express,Delivered,5
04-09-2024,09-09-2024,BE-12421,In-Store,Low,PROD-SMA-24,Smart Home,Omni Speaker,25.0,69.0,CUST-966,Customer 966,Education,Canada,NA,Toronto,13,897.0,0.0%,0.00,897.00,325.00,572.00,63.8%,46.51,Overnight,Delivered,4
28-06-2025,01-07-2025,BE-12422,Distributor,Low,PROD-MOB-98,Mobile,Alpha Lite,150.0,349.0,CUST-657,Customer 657,Corporate,Australia,APAC,Sydney,1,349.0,0.0%,0.00,349.00,150.00,199.00,57.0%,3.15,Express,Delivered,5
01-01-2025,02-01-2025,BE-12423,Distributor,Medium,PROD-SMA-66,Smart Home,Beacon Camera,35.0,99.0,CUST-461,Customer 461,Consumer,Germany,EMEA,Berlin,13,1287.0,0.0%,0.00,1287.00,455.00,832.00,64.7%,58.68,Overnight,Delivered,3
09-05-2024,13-05-2024,BE-12424,In-Store,Low,PROD-AUD-60,Audio,NeoBuds Pro,45.0,120.0,CUST-457,Customer 457,Consumer,Japan,APAC,Tokyo,13,1560.0,10.0%,156.00,1404.00,585.00,819.00,58.3%,40.47,Express,Delayed,4
20-04-2024,21-04-2024,BE-12425,Distributor,Medium,PROD-WEA-11,Wearables,Aura Smart Ring,70.0,199.0,CUST-465,Customer 465,Education,Germany,EMEA,Berlin,10,1990.0,0.0%,0.00,1990.00,700.00,1290.00,64.8%,34.69,Standard,Delivered,5
10-06-2025,16-06-2025,BE-12426,Distributor,Low,PROD-AUD-79,Audio,NeoBuds Pro,45.0,120.0,CUST-463,Customer 463,Education,France,EMEA,Paris,7,840.0,10.0%,84.00,756.00,315.00,441.00,58.3%,17.68,Overnight,Delivered,5
14-01-2026,18-01-2026,BE-12427,In-Store,Medium,PROD-MOB-42,Mobile,Alpha Lite,150.0,349.0,CUST-890,Customer 890,Education,USA,NA,Los Angeles,1,349.0,0.0%,0.00,349.00,150.00,199.00,57.0%,4.74,Standard,Delivered,5
12-11-2025,15-11-2025,BE-12428,Distributor,Low,PROD-SMA-15,Smart Home,Beacon Camera,35.0,99.0,CUST-266,Customer 266,Education,USA,NA,Los Angeles,12,1188.0,15.0%,178.20,1009.80,420.00,589.80,58.4%,30.66,Overnight,Delivered,4
01-05-2026,02-05-2026,BE-12429,In-Store,Critical,PROD-SMA-52,Smart Home,Omni Speaker,25.0,69.0,CUST-655,Customer 655,Consumer,France,EMEA,Paris,13,897.0,0.0%,0.00,897.00,325.00,572.00,63.8%,55.52,Standard,Returned,5
23-01-2026,30-01-2026,BE-12430,In-Store,Medium,PROD-MOB-24,Mobile,Quantum Phone X,400.0,899.0,CUST-378,Customer 378,Consumer,Mexico,LATAM,Mexico City,14,12586.0,0.0%,0.00,12586.00,5600.00,6986.00,55.5%,35.09,Standard,Delivered,4
28-09-2024,03-10-2024,BE-12431,In-Store,Medium,PROD-SMA-43,Smart Home,Beacon Camera,35.0,99.0,CUST-970,Customer 970,Education,Japan,APAC,Tokyo,8,792.0,10.0%,79.20,712.80,280.00,432.80,60.7%,21.65,Overnight,Delivered,5
06-07-2025,09-07-2025,BE-12432,Distributor,Low,PROD-WEA-75,Wearables,Aura Smart Ring,70.0,199.0,CUST-564,Customer 564,Consumer,France,EMEA,Paris,12,2388.0,0.0%,0.00,2388.00,840.00,1548.00,64.8%,31.99,Overnight,Delivered,1
30-11-2025,02-12-2025,BE-12433,Online,Medium,PROD-COM-68,Computing,Apex Desktop,750.0,1599.0,CUST-793,Customer 793,Consumer,Mexico,LATAM,Mexico City,3,4797.0,0.0%,0.00,4797.00,2250.00,2547.00,53.1%,9.55,Express,Returned,4
28-09-2025,01-10-2025,BE-12434,In-Store,Critical,PROD-COM-84,Computing,Apex Desktop,750.0,1599.0,CUST-652,Customer 652,Consumer,Brazil,LATAM,Sao Paulo,10,15990.0,15.0%,2398.50,13591.50,7500.00,6091.50,44.8%,42.93,Standard,Delivered,5
04-07-2024,05-07-2024,BE-12435,Online,Medium,PROD-AUD-53,Audio,NeoBuds Pro,45.0,120.0,CUST-858,Customer 858,Consumer,Brazil,LATAM,Sao Paulo,8,960.0,5.0%,48.00,912.00,360.00,552.00,60.5%,38.65,Overnight,Delivered,5
29-03-2026,02-04-2026,BE-12436,Online,Low,PROD-WEA-48,Wearables,Aura Smart Ring,70.0,199.0,CUST-492,Customer 492,Corporate,Brazil,LATAM,Sao Paulo,11,2189.0,0.0%,0.00,2189.00,770.00,1419.00,64.8%,22.85,Standard,Delivered,5
14-10-2025,16-10-2025,BE-12437,In-Store,Medium,PROD-MOB-62,Mobile,Alpha Lite,150.0,349.0,CUST-746,Customer 746,Consumer,Brazil,LATAM,Sao Paulo,12,4188.0,5.0%,209.40,3978.60,1800.00,2178.60,54.8%,24.77,Standard,Returned,5
05-08-2024,08-08-2024,BE-12438,In-Store,Critical,PROD-WEA-11,Wearables,FitTrack Watch,50.0,149.0,CUST-694,Customer 694,Corporate,Mexico,LATAM,Mexico City,4,596.0,0.0%,0.00,596.00,200.00,396.00,66.4%,13.03,Standard,Delivered,4
23-06-2025,26-06-2025,BE-12439,Online,Medium,PROD-WEA-53,Wearables,Aura Smart Ring,70.0,199.0,CUST-721,Customer 721,Education,UK,EMEA,London,1,199.0,0.0%,0.00,199.00,70.00,129.00,64.8%,3.29,Overnight,Delivered,4
11-01-2026,14-01-2026,BE-12440,In-Store,Medium,PROD-AUD-52,Audio,Aero Headphones,80.0,199.0,CUST-969,Customer 969,Corporate,USA,NA,Los Angeles,6,1194.0,0.0%,0.00,1194.00,480.00,714.00,59.8%,22.58,Standard,Delivered,4
17-03-2024,20-03-2024,BE-12441,In-Store,Medium,PROD-MOB-34,Mobile,Alpha Lite,150.0,349.0,CUST-927,Customer 927,Education,Australia,APAC,Sydney,11,3839.0,0.0%,0.00,3839.00,1650.00,2189.00,57.0%,42.29,Overnight,Delivered,3
26-07-2024,29-07-2024,BE-12442,Distributor,High,PROD-COM-67,Computing,Titan Laptop,600.0,1299.0,CUST-343,Customer 343,Consumer,Canada,NA,Toronto,12,15588.0,0.0%,0.00,15588.00,7200.00,8388.00,53.8%,43.11,Overnight,Delivered,1
20-06-2024,27-06-2024,BE-12443,Distributor,High,PROD-SMA-84,Smart Home,Omni Speaker,25.0,69.0,CUST-518,Customer 518,Consumer,Germany,EMEA,Berlin,4,276.0,20.0%,55.20,220.80,100.00,120.80,54.7%,15.01,Overnight,Delivered,5
03-03-2025,10-03-2025,BE-12444,Online,Medium,PROD-MOB-44,Mobile,Quantum Phone X,400.0,899.0,CUST-306,Customer 306,Education,India,APAC,Mumbai,13,11687.0,5.0%,584.35,11102.65,5200.00,5902.65,53.2%,40.18,Express,Delayed,4
14-10-2024,15-10-2024,BE-12445,In-Store,High,PROD-AUD-65,Audio,Aero Headphones,80.0,199.0,CUST-760,Customer 760,Corporate,UK,EMEA,London,9,1791.0,0.0%,0.00,1791.00,720.00,1071.00,59.8%,32.79,Overnight,Delivered,3
09-01-2024,13-01-2024,BE-12446,Online,High,PROD-COM-32,Computing,Apex Desktop,750.0,1599.0,CUST-648,Customer 648,Corporate,Australia,APAC,Sydney,11,17589.0,0.0%,0.00,17589.00,8250.00,9339.00,53.1%,45.58,Express,Delivered,4
01-05-2026,04-05-2026,BE-12447,In-Store,Low,PROD-AUD-17,Audio,NeoBuds Pro,45.0,120.0,CUST-747,Customer 747,Education,India,APAC,Mumbai,5,600.0,15.0%,90.00,510.00,225.00,285.00,55.9%,18.89,Overnight,Delivered,5
26-08-2025,28-08-2025,BE-12448,In-Store,Medium,PROD-SMA-67,Smart Home,Omni Speaker,25.0,69.0,CUST-559,Customer 559,Education,France,EMEA,Paris,5,345.0,0.0%,0.00,345.00,125.00,220.00,63.8%,23.51,Express,Returned,5
24-11-2025,28-11-2025,BE-12449,In-Store,Low,PROD-COM-29,Computing,Apex Desktop,750.0,1599.0,CUST-318,Customer 318,Consumer,USA,NA,Los Angeles,2,3198.0,0.0%,0.00,3198.00,1500.00,1698.00,53.1%,6.53,Express,Delivered,5
05-01-2024,08-01-2024,BE-12450,Distributor,High,PROD-WEA-19,Wearables,FitTrack Watch,50.0,149.0,CUST-435,Customer 435,Corporate,UK,EMEA,London,4,596.0,0.0%,0.00,596.00,200.00,396.00,66.4%,10.14,Express,Delivered,5
02-04-2024,09-04-2024,BE-12451,Distributor,Low,PROD-WEA-92,Wearables,Aura Smart Ring,70.0,199.0,CUST-985,Customer 985,Consumer,Mexico,LATAM,Mexico City,13,2587.0,20.0%,517.40,2069.60,910.00,1159.60,56.0%,63.64,Express,Returned,3
07-01-2024,09-01-2024,BE-12452,In-Store,Medium,PROD-SMA-20,Smart Home,Beacon Camera,35.0,99.0,CUST-780,Customer 780,Consumer,USA,NA,New York,9,891.0,0.0%,0.00,891.00,315.00,576.00,64.7%,36.45,Express,Delivered,4
14-02-2025,18-02-2025,BE-12453,In-Store,Medium,PROD-COM-30,Computing,Apex Desktop,750.0,1599.0,CUST-306,Customer 306,Education,Germany,EMEA,Berlin,13,20787.0,5.0%,1039.35,19747.65,9750.00,9997.65,50.6%,49.00,Standard,Delivered,3
01-06-2026,08-06-2026,BE-12454,In-Store,Medium,PROD-SMA-32,Smart Home,Beacon Camera,35.0,99.0,CUST-142,Customer 142,Corporate,Mexico,LATAM,Mexico City,10,990.0,10.0%,99.00,891.00,350.00,541.00,60.7%,43.01,Standard,Delivered,5
22-09-2025,26-09-2025,BE-12455,Online,Critical,PROD-AUD-68,Audio,Aero Headphones,80.0,199.0,CUST-283,Customer 283,Corporate,France,EMEA,Paris,12,2388.0,10.0%,238.80,2149.20,960.00,1189.20,55.3%,36.90,Express,Delivered,5
30-08-2025,02-09-2025,BE-12456,In-Store,High,PROD-COM-62,Computing,Apex Desktop,750.0,1599.0,CUST-976,Customer 976,Corporate,Australia,APAC,Sydney,3,4797.0,0.0%,0.00,4797.00,2250.00,2547.00,53.1%,6.87,Express,Delivered,3
21-09-2024,24-09-2024,BE-12457,Online,Low,PROD-AUD-64,Audio,Wave Soundbar,110.0,299.0,CUST-294,Customer 294,Corporate,Australia,APAC,Sydney,7,2093.0,0.0%,0.00,2093.00,770.00,1323.00,63.2%,28.96,Standard,Delivered,5
14-05-2026,17-05-2026,BE-12458,Online,High,PROD-SMA-29,Smart Home,Beacon Camera,35.0,99.0,CUST-209,Customer 209,Corporate,Brazil,LATAM,Sao Paulo,1,99.0,0.0%,0.00,99.00,35.00,64.00,64.7%,2.67,Express,Delivered,5
24-01-2025,28-01-2025,BE-12459,Distributor,High,PROD-COM-61,Computing,Titan Laptop,600.0,1299.0,CUST-346,Customer 346,Consumer,Australia,APAC,Sydney,10,12990.0,0.0%,0.00,12990.00,6000.00,6990.00,53.8%,36.42,Standard,Returned,5
09-09-2024,14-09-2024,BE-12460,In-Store,Medium,PROD-AUD-96,Audio,Wave Soundbar,110.0,299.0,CUST-543,Customer 543,Consumer,Brazil,LATAM,Sao Paulo,3,897.0,20.0%,179.40,717.60,330.00,387.60,54.0%,7.41,Express,Delivered,5
19-03-2024,22-03-2024,BE-12461,Online,Medium,PROD-WEA-34,Wearables,FitTrack Watch,50.0,149.0,CUST-312,Customer 312,Corporate,UK,EMEA,London,14,2086.0,0.0%,0.00,2086.00,700.00,1386.00,66.4%,50.22,Express,Delivered,4
26-01-2026,29-01-2026,BE-12462,Online,Medium,PROD-WEA-41,Wearables,Aura Smart Ring,70.0,199.0,CUST-782,Customer 782,Education,Brazil,LATAM,Sao Paulo,10,1990.0,15.0%,298.50,1691.50,700.00,991.50,58.6%,38.77,Standard,Delivered,5
09-08-2024,11-08-2024,BE-12463,In-Store,Medium,PROD-SMA-17,Smart Home,Beacon Camera,35.0,99.0,CUST-748,Customer 748,Consumer,Brazil,LATAM,Sao Paulo,2,198.0,5.0%,9.90,188.10,70.00,118.10,62.8%,8.70,Overnight,Delivered,5
05-10-2024,07-10-2024,BE-12464,Online,Medium,PROD-AUD-80,Audio,Wave Soundbar,110.0,299.0,CUST-988,Customer 988,Corporate,Brazil,LATAM,Sao Paulo,11,3289.0,15.0%,493.35,2795.65,1210.00,1585.65,56.7%,46.28,Express,Delivered,1
27-07-2024,30-07-2024,BE-12465,Online,Low,PROD-AUD-69,Audio,NeoBuds Pro,45.0,120.0,CUST-934,Customer 934,Corporate,Brazil,LATAM,Sao Paulo,8,960.0,20.0%,192.00,768.00,360.00,408.00,53.1%,16.25,Standard,Delivered,5
12-11-2025,15-11-2025,BE-12466,In-Store,Critical,PROD-SMA-57,Smart Home,Beacon Camera,35.0,99.0,CUST-362,Customer 362,Corporate,India,APAC,Mumbai,3,297.0,0.0%,0.00,297.00,105.00,192.00,64.7%,8.94,Standard,Delivered,4
10-04-2026,12-04-2026,BE-12467,In-Store,Medium,PROD-SMA-11,Smart Home,Omni Speaker,25.0,69.0,CUST-329,Customer 329,Consumer,Germany,EMEA,Berlin,5,345.0,15.0%,51.75,293.25,125.00,168.25,57.4%,21.41,Overnight,Delivered,1
22-06-2025,25-06-2025,BE-12468,In-Store,Medium,PROD-MOB-81,Mobile,Alpha Lite,150.0,349.0,CUST-309,Customer 309,Consumer,USA,NA,Los Angeles,14,4886.0,0.0%,0.00,4886.00,2100.00,2786.00,57.0%,28.08,Overnight,Delivered,5
22-09-2025,25-09-2025,BE-12469,In-Store,Low,PROD-AUD-24,Audio,Wave Soundbar,110.0,299.0,CUST-492,Customer 492,Corporate,UK,EMEA,London,3,897.0,5.0%,44.85,852.15,330.00,522.15,61.3%,11.56,Overnight,Delivered,4
20-11-2025,25-11-2025,BE-12470,In-Store,Medium,PROD-SMA-72,Smart Home,Omni Speaker,25.0,69.0,CUST-267,Customer 267,Corporate,Mexico,LATAM,Mexico City,2,138.0,0.0%,0.00,138.00,50.00,88.00,63.8%,6.57,Overnight,Delivered,4
26-09-2024,30-09-2024,BE-12471,Online,High,PROD-SMA-61,Smart Home,Beacon Camera,35.0,99.0,CUST-730,Customer 730,Corporate,France,EMEA,Paris,1,99.0,0.0%,0.00,99.00,35.00,64.00,64.7%,4.19,Standard,Delivered,5
17-04-2026,22-04-2026,BE-12472,Distributor,Low,PROD-MOB-77,Mobile,Alpha Lite,150.0,349.0,CUST-481,Customer 481,Education,Australia,APAC,Sydney,4,1396.0,5.0%,69.80,1326.20,600.00,726.20,54.8%,11.38,Standard,Delivered,4
06-01-2025,11-01-2025,BE-12473,In-Store,Medium,PROD-SMA-96,Smart Home,Omni Speaker,25.0,69.0,CUST-968,Customer 968,Corporate,Canada,NA,Toronto,12,828.0,5.0%,41.40,786.60,300.00,486.60,61.9%,44.37,Overnight,Delivered,5
16-11-2025,20-11-2025,BE-12474,Distributor,High,PROD-SMA-54,Smart Home,Beacon Camera,35.0,99.0,CUST-103,Customer 103,Consumer,India,APAC,Mumbai,4,396.0,15.0%,59.40,336.60,140.00,196.60,58.4%,19.35,Standard,Delivered,5
30-09-2024,07-10-2024,BE-12475,Distributor,Medium,PROD-MOB-32,Mobile,Quantum Phone X,400.0,899.0,CUST-778,Customer 778,Education,Canada,NA,Toronto,8,7192.0,10.0%,719.20,6472.80,3200.00,3272.80,50.6%,31.26,Overnight,Delivered,4
07-12-2025,09-12-2025,BE-12476,Distributor,Medium,PROD-AUD-81,Audio,Wave Soundbar,110.0,299.0,CUST-858,Customer 858,Education,France,EMEA,Paris,1,299.0,0.0%,0.00,299.00,110.00,189.00,63.2%,3.62,Express,Delivered,3
12-03-2024,18-03-2024,BE-12477,Distributor,High,PROD-SMA-36,Smart Home,Beacon Camera,35.0,99.0,CUST-151,Customer 151,Consumer,Japan,APAC,Tokyo,9,891.0,0.0%,0.00,891.00,315.00,576.00,64.7%,24.70,Express,Delivered,5
28-09-2024,03-10-2024,BE-12478,In-Store,Low,PROD-COM-96,Computing,Pro Monitor 27,120.0,279.0,CUST-481,Customer 481,Education,Japan,APAC,Tokyo,3,837.0,10.0%,83.70,753.30,360.00,393.30,52.2%,6.47,Express,Delivered,3
09-12-2025,14-12-2025,BE-12479,In-Store,High,PROD-COM-58,Computing,Apex Desktop,750.0,1599.0,CUST-786,Customer 786,Consumer,Canada,NA,Toronto,12,19188.0,5.0%,959.40,18228.60,9000.00,9228.60,50.6%,38.06,Express,Delivered,4
26-03-2024,30-03-2024,BE-12480,Distributor,Critical,PROD-MOB-16,Mobile,Quantum Phone X,400.0,899.0,CUST-903,Customer 903,Corporate,USA,NA,Los Angeles,14,12586.0,0.0%,0.00,12586.00,5600.00,6986.00,55.5%,57.56,Standard,Delivered,4
08-03-2026,09-03-2026,BE-12481,Distributor,Critical,PROD-COM-95,Computing,Titan Laptop,600.0,1299.0,CUST-634,Customer 634,Corporate,Japan,APAC,Tokyo,14,18186.0,0.0%,0.00,18186.00,8400.00,9786.00,53.8%,33.62,Overnight,Delivered,1
11-01-2024,15-01-2024,BE-12482,In-Store,Critical,PROD-COM-25,Computing,Pro Monitor 27,120.0,279.0,CUST-783,Customer 783,Corporate,USA,NA,New York,3,837.0,0.0%,0.00,837.00,360.00,477.00,57.0%,14.08,Standard,Delivered,4
04-06-2025,06-06-2025,BE-12483,Distributor,Medium,PROD-WEA-95,Wearables,Aura Smart Ring,70.0,199.0,CUST-638,Customer 638,Corporate,USA,NA,New York,3,597.0,5.0%,29.85,567.15,210.00,357.15,63.0%,12.14,Standard,Delayed,5
14-03-2026,18-03-2026,BE-12484,Online,Low,PROD-SMA-31,Smart Home,Omni Speaker,25.0,69.0,CUST-796,Customer 796,Education,Brazil,LATAM,Sao Paulo,2,138.0,5.0%,6.90,131.10,50.00,81.10,61.9%,7.15,Standard,Delivered,4
06-08-2024,11-08-2024,BE-12485,Online,Medium,PROD-AUD-61,Audio,Aero Headphones,80.0,199.0,CUST-723,Customer 723,Corporate,Australia,APAC,Sydney,6,1194.0,10.0%,119.40,1074.60,480.00,594.60,55.3%,16.15,Overnight,Delivered,4
27-07-2025,30-07-2025,BE-12486,In-Store,High,PROD-AUD-43,Audio,Aero Headphones,80.0,199.0,CUST-574,Customer 574,Education,France,EMEA,Paris,2,398.0,0.0%,0.00,398.00,160.00,238.00,59.8%,5.68,Standard,Delivered,3
18-08-2024,20-08-2024,BE-12487,Distributor,Medium,PROD-SMA-25,Smart Home,Omni Speaker,25.0,69.0,CUST-394,Customer 394,Consumer,Canada,NA,Toronto,1,69.0,10.0%,6.90,62.10,25.00,37.10,59.7%,2.84,Overnight,Delivered,5
06-02-2025,09-02-2025,BE-12488,Online,Low,PROD-SMA-48,Smart Home,Omni Speaker,25.0,69.0,CUST-860,Customer 860,Consumer,India,APAC,Mumbai,5,345.0,0.0%,0.00,345.00,125.00,220.00,63.8%,24.57,Overnight,Delivered,4
27-10-2025,30-10-2025,BE-12489,In-Store,High,PROD-AUD-50,Audio,Aero Headphones,80.0,199.0,CUST-327,Customer 327,Education,India,APAC,Mumbai,13,2587.0,15.0%,388.05,2198.95,1040.00,1158.95,52.7%,27.75,Overnight,Delivered,2
20-01-2026,23-01-2026,BE-12490,Online,Medium,PROD-COM-11,Computing,Pro Monitor 27,120.0,279.0,CUST-616,Customer 616,Education,Germany,EMEA,Berlin,11,3069.0,0.0%,0.00,3069.00,1320.00,1749.00,57.0%,34.82,Standard,Delivered,4
09-10-2025,12-10-2025,BE-12491,In-Store,Medium,PROD-SMA-73,Smart Home,Omni Speaker,25.0,69.0,CUST-528,Customer 528,Consumer,France,EMEA,Paris,3,207.0,0.0%,0.00,207.00,75.00,132.00,63.8%,13.38,Standard,Delivered,4
28-03-2024,31-03-2024,BE-12492,Online,Medium,PROD-WEA-67,Wearables,FitTrack Watch,50.0,149.0,CUST-400,Customer 400,Consumer,Brazil,LATAM,Sao Paulo,4,596.0,20.0%,119.20,476.80,200.00,276.80,58.1%,19.92,Standard,Delivered,5
22-08-2024,25-08-2024,BE-12493,Distributor,Critical,PROD-WEA-39,Wearables,FitTrack Watch,50.0,149.0,CUST-892,Customer 892,Education,France,EMEA,Paris,2,298.0,5.0%,14.90,283.10,100.00,183.10,64.7%,4.09,Express,Delivered,4
17-07-2024,19-07-2024,BE-12494,In-Store,Medium,PROD-AUD-19,Audio,NeoBuds Pro,45.0,120.0,CUST-238,Customer 238,Education,Japan,APAC,Tokyo,4,480.0,5.0%,24.00,456.00,180.00,276.00,60.5%,19.60,Standard,Delivered,3
26-06-2025,30-06-2025,BE-12495,In-Store,Low,PROD-WEA-10,Wearables,FitTrack Watch,50.0,149.0,CUST-388,Customer 388,Corporate,UK,EMEA,London,12,1788.0,5.0%,89.40,1698.60,600.00,1098.60,64.7%,35.61,Standard,Delivered,4
11-02-2025,15-02-2025,BE-12496,In-Store,Critical,PROD-WEA-18,Wearables,Aura Smart Ring,70.0,199.0,CUST-694,Customer 694,Corporate,India,APAC,Mumbai,12,2388.0,0.0%,0.00,2388.00,840.00,1548.00,64.8%,46.99,Standard,Delivered,5
07-10-2024,14-10-2024,BE-12497,In-Store,Critical,PROD-WEA-98,Wearables,FitTrack Watch,50.0,149.0,CUST-455,Customer 455,Consumer,Australia,APAC,Sydney,11,1639.0,0.0%,0.00,1639.00,550.00,1089.00,66.4%,42.49,Standard,Delivered,3
14-03-2025,18-03-2025,BE-12498,Online,Medium,PROD-MOB-68,Mobile,Alpha Lite,150.0,349.0,CUST-854,Customer 854,Corporate,Japan,APAC,Tokyo,8,2792.0,20.0%,558.40,2233.60,1200.00,1033.60,46.3%,32.40,Express,Delivered,5
06-04-2026,10-04-2026,BE-12499,Online,Medium,PROD-AUD-75,Audio,Aero Headphones,80.0,199.0,CUST-600,Customer 600,Consumer,France,EMEA,Paris,9,1791.0,10.0%,179.10,1611.90,720.00,891.90,55.3%,42.31,Standard,Delivered,3
28-05-2024,30-05-2024,BE-12500,In-Store,Low,PROD-SMA-90,Smart Home,Omni Speaker,25.0,69.0,CUST-821,Customer 821,Education,USA,NA,New York,9,621.0,5.0%,31.05,589.95,225.00,364.95,61.9%,29.69,Overnight,Delivered,5
28-11-2025,02-12-2025,BE-12501,In-Store,Low,PROD-SMA-90,Smart Home,Beacon Camera,35.0,99.0,CUST-562,Customer 562,Education,USA,NA,Los Angeles,6,594.0,0.0%,0.00,594.00,210.00,384.00,64.7%,21.44,Overnight,Delivered,4
15-06-2024,19-06-2024,BE-12502,Distributor,Medium,PROD-AUD-29,Audio,Wave Soundbar,110.0,299.0,CUST-435,Customer 435,Consumer,France,EMEA,Paris,4,1196.0,15.0%,179.40,1016.60,440.00,576.60,56.7%,10.09,Overnight,Delayed,5
04-02-2026,06-02-2026,BE-12503,Distributor,Medium,PROD-MOB-86,Mobile,Alpha Lite,150.0,349.0,CUST-653,Customer 653,Education,France,EMEA,Paris,12,4188.0,0.0%,0.00,4188.00,1800.00,2388.00,57.0%,29.09,Overnight,Delivered,5
29-07-2025,30-07-2025,BE-12504,In-Store,High,PROD-AUD-73,Audio,Wave Soundbar,110.0,299.0,CUST-801,Customer 801,Education,Germany,EMEA,Berlin,1,299.0,15.0%,44.85,254.15,110.00,144.15,56.7%,4.83,Overnight,Delivered,1
10-11-2025,13-11-2025,BE-12505,Online,Medium,PROD-AUD-83,Audio,Aero Headphones,80.0,199.0,CUST-671,Customer 671,Corporate,Mexico,LATAM,Mexico City,6,1194.0,0.0%,0.00,1194.00,480.00,714.00,59.8%,21.29,Express,Delivered,3
24-05-2024,27-05-2024,BE-12506,Distributor,Medium,PROD-COM-32,Computing,Pro Monitor 27,120.0,279.0,CUST-515,Customer 515,Consumer,Brazil,LATAM,Sao Paulo,12,3348.0,10.0%,334.80,3013.20,1440.00,1573.20,52.2%,50.38,Express,Delivered,5
01-10-2025,06-10-2025,BE-12507,In-Store,Medium,PROD-MOB-69,Mobile,Quantum Phone X,400.0,899.0,CUST-544,Customer 544,Consumer,USA,NA,Los Angeles,1,899.0,10.0%,89.90,809.10,400.00,409.10,50.6%,3.95,Standard,Delivered,5
02-11-2024,06-11-2024,BE-12508,Distributor,Critical,PROD-MOB-35,Mobile,Quantum Phone X,400.0,899.0,CUST-609,Customer 609,Consumer,France,EMEA,Paris,14,12586.0,15.0%,1887.90,10698.10,5600.00,5098.10,47.7%,68.73,Standard,Delivered,4
21-09-2025,23-09-2025,BE-12509,Online,Critical,PROD-AUD-60,Audio,Wave Soundbar,110.0,299.0,CUST-667,Customer 667,Education,UK,EMEA,London,5,1495.0,10.0%,149.50,1345.50,550.00,795.50,59.1%,19.78,Overnight,Delivered,5
10-08-2025,13-08-2025,BE-12510,In-Store,Medium,PROD-MOB-92,Mobile,Alpha Lite,150.0,349.0,CUST-194,Customer 194,Education,Japan,APAC,Tokyo,10,3490.0,0.0%,0.00,3490.00,1500.00,1990.00,57.0%,29.15,Standard,Delivered,3
16-05-2024,18-05-2024,BE-12511,In-Store,High,PROD-COM-53,Computing,Pro Monitor 27,120.0,279.0,CUST-152,Customer 152,Education,Mexico,LATAM,Mexico City,3,837.0,5.0%,41.85,795.15,360.00,435.15,54.7%,8.32,Express,Delayed,4
22-09-2025,26-09-2025,BE-12512,Distributor,Medium,PROD-WEA-79,Wearables,Aura Smart Ring,70.0,199.0,CUST-993,Customer 993,Corporate,Mexico,LATAM,Mexico City,11,2189.0,0.0%,0.00,2189.00,770.00,1419.00,64.8%,40.63,Standard,Delivered,4
08-12-2024,10-12-2024,BE-12513,In-Store,Medium,PROD-MOB-39,Mobile,Alpha Lite,150.0,349.0,CUST-745,Customer 745,Consumer,Australia,APAC,Sydney,2,698.0,10.0%,69.80,628.20,300.00,328.20,52.2%,7.10,Express,Delivered,3
12-10-2024,17-10-2024,BE-12514,Online,Medium,PROD-AUD-39,Audio,Aero Headphones,80.0,199.0,CUST-296,Customer 296,Education,USA,NA,New York,6,1194.0,0.0%,0.00,1194.00,480.00,714.00,59.8%,19.74,Standard,Delivered,2
13-10-2025,15-10-2025,BE-12515,Distributor,Medium,PROD-MOB-81,Mobile,Alpha Lite,150.0,349.0,CUST-227,Customer 227,Corporate,USA,NA,Los Angeles,12,4188.0,0.0%,0.00,4188.00,1800.00,2388.00,57.0%,47.86,Overnight,Delivered,2
03-09-2025,06-09-2025,BE-12516,Online,Low,PROD-COM-16,Computing,Titan Laptop,600.0,1299.0,CUST-544,Customer 544,Consumer,Japan,APAC,Tokyo,14,18186.0,0.0%,0.00,18186.00,8400.00,9786.00,53.8%,28.21,Overnight,Delivered,5
06-02-2026,09-02-2026,BE-12517,In-Store,High,PROD-SMA-71,Smart Home,Beacon Camera,35.0,99.0,CUST-955,Customer 955,Corporate,UK,EMEA,London,8,792.0,0.0%,0.00,792.00,280.00,512.00,64.7%,25.19,Overnight,Delayed,5
19-01-2025,22-01-2025,BE-12518,In-Store,Critical,PROD-COM-39,Computing,Titan Laptop,600.0,1299.0,CUST-115,Customer 115,Education,Canada,NA,Toronto,14,18186.0,10.0%,1818.60,16367.40,8400.00,7967.40,48.7%,55.96,Overnight,Delivered,4
04-04-2024,07-04-2024,BE-12519,In-Store,High,PROD-SMA-82,Smart Home,Omni Speaker,25.0,69.0,CUST-715,Customer 715,Consumer,USA,NA,Los Angeles,9,621.0,15.0%,93.15,527.85,225.00,302.85,57.4%,20.79,Overnight,Returned,5
28-06-2025,01-07-2025,BE-12520,Distributor,High,PROD-MOB-14,Mobile,Alpha Lite,150.0,349.0,CUST-958,Customer 958,Consumer,Japan,APAC,Tokyo,2,698.0,0.0%,0.00,698.00,300.00,398.00,57.0%,5.52,Express,Returned,2
06-12-2025,10-12-2025,BE-12521,Distributor,Medium,PROD-MOB-96,Mobile,Quantum Phone X,400.0,899.0,CUST-819,Customer 819,Corporate,USA,NA,New York,12,10788.0,5.0%,539.40,10248.60,4800.00,5448.60,53.2%,51.79,Standard,Delayed,5
21-02-2025,25-02-2025,BE-12522,Online,Low,PROD-AUD-21,Audio,Wave Soundbar,110.0,299.0,CUST-831,Customer 831,Corporate,Brazil,LATAM,Sao Paulo,5,1495.0,15.0%,224.25,1270.75,550.00,720.75,56.7%,22.67,Express,Delayed,5
18-03-2025,20-03-2025,BE-12523,In-Store,Medium,PROD-MOB-12,Mobile,Quantum Phone X,400.0,899.0,CUST-872,Customer 872,Consumer,Germany,EMEA,Berlin,10,8990.0,15.0%,1348.50,7641.50,4000.00,3641.50,47.7%,35.81,Overnight,Delivered,5
10-09-2025,13-09-2025,BE-12524,In-Store,Medium,PROD-AUD-81,Audio,Wave Soundbar,110.0,299.0,CUST-103,Customer 103,Education,Brazil,LATAM,Sao Paulo,4,1196.0,0.0%,0.00,1196.00,440.00,756.00,63.2%,18.93,Overnight,Delivered,1
20-09-2025,23-09-2025,BE-12525,Online,Low,PROD-WEA-98,Wearables,Aura Smart Ring,70.0,199.0,CUST-964,Customer 964,Consumer,France,EMEA,Paris,9,1791.0,5.0%,89.55,1701.45,630.00,1071.45,63.0%,26.80,Express,Delivered,5
12-01-2026,15-01-2026,BE-12526,In-Store,High,PROD-SMA-65,Smart Home,Omni Speaker,25.0,69.0,CUST-314,Customer 314,Education,Canada,NA,Toronto,1,69.0,15.0%,10.35,58.65,25.00,33.65,57.4%,2.24,Overnight,Delivered,5
04-10-2024,07-10-2024,BE-12527,In-Store,Medium,PROD-AUD-19,Audio,Wave Soundbar,110.0,299.0,CUST-815,Customer 815,Education,Brazil,LATAM,Sao Paulo,2,598.0,15.0%,89.70,508.30,220.00,288.30,56.7%,9.47,Express,Delivered,3
27-03-2025,30-03-2025,BE-12528,Online,Medium,PROD-AUD-73,Audio,NeoBuds Pro,45.0,120.0,CUST-175,Customer 175,Consumer,India,APAC,Mumbai,4,480.0,0.0%,0.00,480.00,180.00,300.00,62.5%,15.64,Standard,Delivered,3
09-12-2025,14-12-2025,BE-12529,Distributor,Medium,PROD-AUD-53,Audio,Wave Soundbar,110.0,299.0,CUST-138,Customer 138,Corporate,Brazil,LATAM,Sao Paulo,6,1794.0,0.0%,0.00,1794.00,660.00,1134.00,63.2%,23.09,Express,Delivered,5
17-05-2025,20-05-2025,BE-12530,In-Store,Critical,PROD-WEA-48,Wearables,FitTrack Watch,50.0,149.0,CUST-234,Customer 234,Corporate,UK,EMEA,London,5,745.0,0.0%,0.00,745.00,250.00,495.00,66.4%,11.01,Express,Delivered,5
16-11-2025,19-11-2025,BE-12531,Distributor,Medium,PROD-MOB-58,Mobile,Quantum Phone X,400.0,899.0,CUST-943,Customer 943,Consumer,UK,EMEA,London,6,5394.0,20.0%,1078.80,4315.20,2400.00,1915.20,44.4%,23.81,Standard,Delivered,5
08-04-2026,10-04-2026,BE-12532,Online,Medium,PROD-WEA-44,Wearables,FitTrack Watch,50.0,149.0,CUST-554,Customer 554,Corporate,France,EMEA,Paris,5,745.0,0.0%,0.00,745.00,250.00,495.00,66.4%,23.06,Standard,Delivered,5
21-01-2024,24-01-2024,BE-12533,Distributor,High,PROD-SMA-59,Smart Home,Omni Speaker,25.0,69.0,CUST-398,Customer 398,Corporate,Mexico,LATAM,Mexico City,10,690.0,10.0%,69.00,621.00,250.00,371.00,59.7%,44.46,Express,Delayed,4
09-07-2024,14-07-2024,BE-12534,Distributor,Low,PROD-SMA-27,Smart Home,Omni Speaker,25.0,69.0,CUST-878,Customer 878,Corporate,Mexico,LATAM,Mexico City,6,414.0,10.0%,41.40,372.60,150.00,222.60,59.7%,12.50,Overnight,Delayed,4
18-04-2026,21-04-2026,BE-12535,Distributor,High,PROD-MOB-12,Mobile,Quantum Phone X,400.0,899.0,CUST-298,Customer 298,Corporate,USA,NA,New York,12,10788.0,0.0%,0.00,10788.00,4800.00,5988.00,55.5%,34.98,Standard,Delivered,2
20-04-2024,26-04-2024,BE-12536,Online,Low,PROD-AUD-42,Audio,NeoBuds Pro,45.0,120.0,CUST-554,Customer 554,Education,USA,NA,New York,5,600.0,5.0%,30.00,570.00,225.00,345.00,60.5%,11.59,Express,Delivered,4
21-04-2026,27-04-2026,BE-12537,In-Store,Medium,PROD-WEA-48,Wearables,Aura Smart Ring,70.0,199.0,CUST-196,Customer 196,Corporate,Canada,NA,Toronto,5,995.0,10.0%,99.50,895.50,350.00,545.50,60.9%,19.37,Express,Delivered,5
20-06-2025,22-06-2025,BE-12538,In-Store,Critical,PROD-MOB-98,Mobile,Alpha Lite,150.0,349.0,CUST-248,Customer 248,Consumer,Brazil,LATAM,Sao Paulo,6,2094.0,10.0%,209.40,1884.60,900.00,984.60,52.2%,14.90,Standard,Delivered,3
09-01-2026,12-01-2026,BE-12539,Online,Low,PROD-MOB-49,Mobile,Quantum Phone X,400.0,899.0,CUST-653,Customer 653,Consumer,UK,EMEA,London,5,4495.0,5.0%,224.75,4270.25,2000.00,2270.25,53.2%,19.17,Express,Delivered,4
20-03-2025,21-03-2025,BE-12540,Distributor,Medium,PROD-AUD-83,Audio,Aero Headphones,80.0,199.0,CUST-973,Customer 973,Corporate,UK,EMEA,London,1,199.0,10.0%,19.90,179.10,80.00,99.10,55.3%,3.72,Standard,Delivered,4
03-09-2025,07-09-2025,BE-12541,Online,Medium,PROD-AUD-81,Audio,NeoBuds Pro,45.0,120.0,CUST-325,Customer 325,Corporate,Japan,APAC,Tokyo,9,1080.0,5.0%,54.00,1026.00,405.00,621.00,60.5%,20.78,Overnight,Delivered,5
31-03-2026,03-04-2026,BE-12542,In-Store,Low,PROD-COM-72,Computing,Pro Monitor 27,120.0,279.0,CUST-483,Customer 483,Consumer,UK,EMEA,London,6,1674.0,10.0%,167.40,1506.60,720.00,786.60,52.2%,28.85,Standard,Delivered,4
06-12-2025,08-12-2025,BE-12543,In-Store,Low,PROD-SMA-81,Smart Home,Beacon Camera,35.0,99.0,CUST-448,Customer 448,Corporate,Canada,NA,Toronto,4,396.0,10.0%,39.60,356.40,140.00,216.40,60.7%,14.42,Overnight,Returned,1
13-04-2025,16-04-2025,BE-12544,Online,Medium,PROD-MOB-65,Mobile,Quantum Phone X,400.0,899.0,CUST-895,Customer 895,Consumer,France,EMEA,Paris,5,4495.0,0.0%,0.00,4495.00,2000.00,2495.00,55.5%,12.43,Express,Delivered,5
20-09-2024,23-09-2024,BE-12545,Distributor,High,PROD-COM-31,Computing,Pro Monitor 27,120.0,279.0,CUST-701,Customer 701,Consumer,France,EMEA,Paris,9,2511.0,15.0%,376.65,2134.35,1080.00,1054.35,49.4%,38.05,Express,Delivered,4
11-10-2025,18-10-2025,BE-12546,Distributor,Low,PROD-COM-62,Computing,Pro Monitor 27,120.0,279.0,CUST-678,Customer 678,Consumer,Mexico,LATAM,Mexico City,11,3069.0,5.0%,153.45,2915.55,1320.00,1595.55,54.7%,36.54,Standard,Delivered,5
19-02-2025,20-02-2025,BE-12547,In-Store,Low,PROD-MOB-84,Mobile,Quantum Phone X,400.0,899.0,CUST-721,Customer 721,Consumer,Australia,APAC,Sydney,3,2697.0,10.0%,269.70,2427.30,1200.00,1227.30,50.6%,12.15,Standard,Delivered,4
03-01-2026,06-01-2026,BE-12548,Distributor,High,PROD-MOB-19,Mobile,Alpha Lite,150.0,349.0,CUST-579,Customer 579,Consumer,France,EMEA,Paris,3,1047.0,0.0%,0.00,1047.00,450.00,597.00,57.0%,13.46,Standard,Delivered,5
16-06-2025,21-06-2025,BE-12549,In-Store,Medium,PROD-WEA-37,Wearables,FitTrack Watch,50.0,149.0,CUST-368,Customer 368,Corporate,Germany,EMEA,Berlin,1,149.0,20.0%,29.80,119.20,50.00,69.20,58.1%,3.50,Standard,Delivered,5
07-11-2025,10-11-2025,BE-12550,Online,Medium,PROD-MOB-39,Mobile,Alpha Lite,150.0,349.0,CUST-285,Customer 285,Consumer,UK,EMEA,London,8,2792.0,0.0%,0.00,2792.00,1200.00,1592.00,57.0%,25.19,Express,Delivered,5
11-06-2024,14-06-2024,BE-12551,Distributor,High,PROD-COM-60,Computing,Titan Laptop,600.0,1299.0,CUST-542,Customer 542,Corporate,Japan,APAC,Tokyo,8,10392.0,0.0%,0.00,10392.00,4800.00,5592.00,53.8%,22.02,Standard,Delivered,4
02-04-2024,06-04-2024,BE-12552,Online,Low,PROD-COM-43,Computing,Pro Monitor 27,120.0,279.0,CUST-903,Customer 903,Consumer,Germany,EMEA,Berlin,12,3348.0,5.0%,167.40,3180.60,1440.00,1740.60,54.7%,45.87,Overnight,Delivered,4
20-03-2026,21-03-2026,BE-12553,Distributor,Medium,PROD-AUD-74,Audio,Aero Headphones,80.0,199.0,CUST-885,Customer 885,Consumer,UK,EMEA,London,10,1990.0,0.0%,0.00,1990.00,800.00,1190.00,59.8%,23.76,Standard,Delivered,4
19-04-2025,25-04-2025,BE-12554,Distributor,Critical,PROD-SMA-49,Smart Home,Beacon Camera,35.0,99.0,CUST-559,Customer 559,Education,Canada,NA,Toronto,3,297.0,0.0%,0.00,297.00,105.00,192.00,64.7%,7.00,Express,Delivered,4
18-02-2026,23-02-2026,BE-12555,In-Store,High,PROD-COM-27,Computing,Apex Desktop,750.0,1599.0,CUST-708,Customer 708,Consumer,India,APAC,Mumbai,6,9594.0,0.0%,0.00,9594.00,4500.00,5094.00,53.1%,25.18,Overnight,Delivered,3
18-08-2025,21-08-2025,BE-12556,Distributor,Low,PROD-MOB-31,Mobile,Alpha Lite,150.0,349.0,CUST-279,Customer 279,Consumer,Brazil,LATAM,Sao Paulo,9,3141.0,5.0%,157.05,2983.95,1350.00,1633.95,54.8%,38.93,Standard,Delivered,4
22-07-2025,23-07-2025,BE-12557,Online,High,PROD-COM-95,Computing,Apex Desktop,750.0,1599.0,CUST-441,Customer 441,Consumer,Mexico,LATAM,Mexico City,11,17589.0,0.0%,0.00,17589.00,8250.00,9339.00,53.1%,54.27,Standard,Delayed,3
27-12-2025,30-12-2025,BE-12558,Distributor,Low,PROD-MOB-37,Mobile,Alpha Lite,150.0,349.0,CUST-245,Customer 245,Education,Australia,APAC,Sydney,4,1396.0,5.0%,69.80,1326.20,600.00,726.20,54.8%,13.15,Express,Delayed,5
18-11-2025,23-11-2025,BE-12559,Online,Medium,PROD-COM-93,Computing,Apex Desktop,750.0,1599.0,CUST-900,Customer 900,Consumer,Canada,NA,Toronto,14,22386.0,0.0%,0.00,22386.00,10500.00,11886.00,53.1%,44.24,Standard,Delayed,4
23-08-2025,27-08-2025,BE-12560,Online,Medium,PROD-WEA-55,Wearables,Aura Smart Ring,70.0,199.0,CUST-772,Customer 772,Consumer,Japan,APAC,Tokyo,3,597.0,0.0%,0.00,597.00,210.00,387.00,64.8%,12.78,Express,Delivered,5
03-05-2025,05-05-2025,BE-12561,Distributor,Critical,PROD-SMA-43,Smart Home,Beacon Camera,35.0,99.0,CUST-540,Customer 540,Education,Germany,EMEA,Berlin,9,891.0,0.0%,0.00,891.00,315.00,576.00,64.7%,38.69,Standard,Delivered,5
15-04-2024,18-04-2024,BE-12562,In-Store,Low,PROD-SMA-93,Smart Home,Beacon Camera,35.0,99.0,CUST-794,Customer 794,Corporate,France,EMEA,Paris,1,99.0,0.0%,0.00,99.00,35.00,64.00,64.7%,2.76,Express,Delivered,4
02-12-2025,09-12-2025,BE-12563,In-Store,Medium,PROD-MOB-22,Mobile,Quantum Phone X,400.0,899.0,CUST-284,Customer 284,Corporate,UK,EMEA,London,5,4495.0,5.0%,224.75,4270.25,2000.00,2270.25,53.2%,23.08,Standard,Delivered,3
30-03-2024,02-04-2024,BE-12564,In-Store,Medium,PROD-SMA-67,Smart Home,Beacon Camera,35.0,99.0,CUST-812,Customer 812,Corporate,France,EMEA,Paris,12,1188.0,10.0%,118.80,1069.20,420.00,649.20,60.7%,34.41,Overnight,Delivered,4
23-02-2026,24-02-2026,BE-12565,In-Store,High,PROD-SMA-55,Smart Home,Beacon Camera,35.0,99.0,CUST-367,Customer 367,Consumer,UK,EMEA,London,6,594.0,5.0%,29.70,564.30,210.00,354.30,62.8%,27.75,Overnight,Delayed,4
20-08-2024,23-08-2024,BE-12566,Online,Medium,PROD-AUD-59,Audio,NeoBuds Pro,45.0,120.0,CUST-373,Customer 373,Corporate,India,APAC,Mumbai,11,1320.0,10.0%,132.00,1188.00,495.00,693.00,58.3%,40.61,Standard,Delivered,3
23-05-2026,30-05-2026,BE-12567,In-Store,Low,PROD-WEA-30,Wearables,FitTrack Watch,50.0,149.0,CUST-362,Customer 362,Corporate,France,EMEA,Paris,8,1192.0,0.0%,0.00,1192.00,400.00,792.00,66.4%,33.47,Overnight,Delivered,4
06-07-2025,10-07-2025,BE-12568,In-Store,Medium,PROD-COM-97,Computing,Pro Monitor 27,120.0,279.0,CUST-998,Customer 998,Education,Brazil,LATAM,Sao Paulo,4,1116.0,0.0%,0.00,1116.00,480.00,636.00,57.0%,12.90,Express,Delivered,5
20-10-2024,24-10-2024,BE-12569,In-Store,Medium,PROD-WEA-74,Wearables,FitTrack Watch,50.0,149.0,CUST-770,Customer 770,Corporate,France,EMEA,Paris,2,298.0,0.0%,0.00,298.00,100.00,198.00,66.4%,6.76,Overnight,Delayed,1
27-03-2026,30-03-2026,BE-12570,Online,Medium,PROD-MOB-98,Mobile,Quantum Phone X,400.0,899.0,CUST-644,Customer 644,Education,Japan,APAC,Tokyo,6,5394.0,20.0%,1078.80,4315.20,2400.00,1915.20,44.4%,16.94,Standard,Delivered,1
26-11-2025,30-11-2025,BE-12571,Distributor,Medium,PROD-WEA-67,Wearables,Aura Smart Ring,70.0,199.0,CUST-697,Customer 697,Education,France,EMEA,Paris,3,597.0,10.0%,59.70,537.30,210.00,327.30,60.9%,9.15,Overnight,Delivered,5
22-03-2025,27-03-2025,BE-12572,In-Store,Medium,PROD-MOB-54,Mobile,Alpha Lite,150.0,349.0,CUST-259,Customer 259,Consumer,Mexico,LATAM,Mexico City,14,4886.0,5.0%,244.30,4641.70,2100.00,2541.70,54.8%,32.44,Standard,Delivered,3
17-09-2025,19-09-2025,BE-12573,In-Store,Medium,PROD-WEA-86,Wearables,FitTrack Watch,50.0,149.0,CUST-131,Customer 131,Corporate,Canada,NA,Toronto,2,298.0,0.0%,0.00,298.00,100.00,198.00,66.4%,5.54,Express,Delivered,4
03-05-2025,06-05-2025,BE-12574,Online,Low,PROD-SMA-14,Smart Home,Beacon Camera,35.0,99.0,CUST-208,Customer 208,Consumer,Brazil,LATAM,Sao Paulo,12,1188.0,0.0%,0.00,1188.00,420.00,768.00,64.7%,50.53,Standard,Delivered,5
08-05-2025,10-05-2025,BE-12575,Online,High,PROD-COM-13,Computing,Pro Monitor 27,120.0,279.0,CUST-387,Customer 387,Education,Mexico,LATAM,Mexico City,13,3627.0,10.0%,362.70,3264.30,1560.00,1704.30,52.2%,32.99,Standard,Delivered,5
30-08-2025,02-09-2025,BE-12576,Online,Medium,PROD-WEA-35,Wearables,Aura Smart Ring,70.0,199.0,CUST-497,Customer 497,Consumer,Canada,NA,Toronto,11,2189.0,0.0%,0.00,2189.00,770.00,1419.00,64.8%,30.58,Express,Delivered,1
17-10-2024,23-10-2024,BE-12577,In-Store,Critical,PROD-MOB-81,Mobile,Quantum Phone X,400.0,899.0,CUST-117,Customer 117,Corporate,Brazil,LATAM,Sao Paulo,2,1798.0,0.0%,0.00,1798.00,800.00,998.00,55.5%,5.71,Express,Delivered,5
28-12-2025,30-12-2025,BE-12578,Online,Low,PROD-SMA-93,Smart Home,Beacon Camera,35.0,99.0,CUST-579,Customer 579,Education,USA,NA,New York,8,792.0,0.0%,0.00,792.00,280.00,512.00,64.7%,23.51,Standard,Delivered,5
27-04-2024,30-04-2024,BE-12579,Distributor,Critical,PROD-MOB-10,Mobile,Alpha Lite,150.0,349.0,CUST-878,Customer 878,Corporate,Mexico,LATAM,Mexico City,1,349.0,5.0%,17.45,331.55,150.00,181.55,54.8%,3.66,Standard,Delivered,5
09-03-2024,11-03-2024,BE-12580,In-Store,Medium,PROD-SMA-83,Smart Home,Beacon Camera,35.0,99.0,CUST-110,Customer 110,Education,Germany,EMEA,Berlin,7,693.0,0.0%,0.00,693.00,245.00,448.00,64.7%,26.15,Standard,Delivered,4
24-09-2025,28-09-2025,BE-12581,Distributor,Critical,PROD-AUD-63,Audio,Aero Headphones,80.0,199.0,CUST-988,Customer 988,Corporate,USA,NA,Los Angeles,6,1194.0,15.0%,179.10,1014.90,480.00,534.90,52.7%,13.14,Standard,Delivered,4
09-02-2024,16-02-2024,BE-12582,Online,Critical,PROD-MOB-30,Mobile,Quantum Phone X,400.0,899.0,CUST-814,Customer 814,Education,Mexico,LATAM,Mexico City,8,7192.0,5.0%,359.60,6832.40,3200.00,3632.40,53.2%,36.29,Standard,Delivered,5
03-10-2024,05-10-2024,BE-12583,In-Store,Medium,PROD-COM-67,Computing,Pro Monitor 27,120.0,279.0,CUST-315,Customer 315,Education,UK,EMEA,London,2,558.0,0.0%,0.00,558.00,240.00,318.00,57.0%,5.09,Express,Delivered,5
21-08-2025,24-08-2025,BE-12584,In-Store,Critical,PROD-SMA-54,Smart Home,Omni Speaker,25.0,69.0,CUST-894,Customer 894,Corporate,Canada,NA,Toronto,7,483.0,20.0%,96.60,386.40,175.00,211.40,54.7%,14.33,Standard,Delayed,4
03-09-2024,06-09-2024,BE-12585,In-Store,Medium,PROD-MOB-19,Mobile,Quantum Phone X,400.0,899.0,CUST-981,Customer 981,Corporate,France,EMEA,Paris,2,1798.0,15.0%,269.70,1528.30,800.00,728.30,47.7%,9.61,Express,Delivered,3
08-03-2025,09-03-2025,BE-12586,In-Store,Critical,PROD-SMA-94,Smart Home,Omni Speaker,25.0,69.0,CUST-908,Customer 908,Education,Japan,APAC,Tokyo,6,414.0,5.0%,20.70,393.30,150.00,243.30,61.9%,15.25,Standard,Delivered,5
27-12-2024,30-12-2024,BE-12587,In-Store,High,PROD-WEA-37,Wearables,FitTrack Watch,50.0,149.0,CUST-656,Customer 656,Education,USA,NA,New York,1,149.0,20.0%,29.80,119.20,50.00,69.20,58.1%,3.70,Standard,Delayed,4
08-01-2025,12-01-2025,BE-12588,In-Store,Medium,PROD-SMA-19,Smart Home,Beacon Camera,35.0,99.0,CUST-616,Customer 616,Consumer,Mexico,LATAM,Mexico City,4,396.0,5.0%,19.80,376.20,140.00,236.20,62.8%,17.55,Overnight,Delivered,4
03-04-2026,07-04-2026,BE-12589,In-Store,Medium,PROD-COM-92,Computing,Titan Laptop,600.0,1299.0,CUST-657,Customer 657,Corporate,Canada,NA,Toronto,2,2598.0,0.0%,0.00,2598.00,1200.00,1398.00,53.8%,9.15,Standard,Delivered,1
21-08-2024,24-08-2024,BE-12590,Distributor,Medium,PROD-WEA-13,Wearables,Aura Smart Ring,70.0,199.0,CUST-375,Customer 375,Corporate,Canada,NA,Toronto,7,1393.0,15.0%,208.95,1184.05,490.00,694.05,58.6%,14.60,Express,Returned,3
26-03-2026,30-03-2026,BE-12591,In-Store,Critical,PROD-COM-84,Computing,Pro Monitor 27,120.0,279.0,CUST-612,Customer 612,Corporate,Canada,NA,Toronto,10,2790.0,0.0%,0.00,2790.00,1200.00,1590.00,57.0%,25.99,Standard,Delivered,3
14-01-2025,20-01-2025,BE-12592,In-Store,Medium,PROD-AUD-27,Audio,Wave Soundbar,110.0,299.0,CUST-741,Customer 741,Corporate,Australia,APAC,Sydney,4,1196.0,15.0%,179.40,1016.60,440.00,576.60,56.7%,9.21,Standard,Delivered,5
17-02-2025,19-02-2025,BE-12593,Distributor,Low,PROD-WEA-11,Wearables,Aura Smart Ring,70.0,199.0,CUST-541,Customer 541,Education,India,APAC,Mumbai,7,1393.0,5.0%,69.65,1323.35,490.00,833.35,63.0%,17.98,Express,Returned,5
12-12-2025,14-12-2025,BE-12594,Online,Low,PROD-MOB-66,Mobile,Quantum Phone X,400.0,899.0,CUST-823,Customer 823,Consumer,Germany,EMEA,Berlin,9,8091.0,0.0%,0.00,8091.00,3600.00,4491.00,55.5%,37.80,Standard,Delivered,5
18-03-2025,22-03-2025,BE-12595,In-Store,Low,PROD-WEA-18,Wearables,FitTrack Watch,50.0,149.0,CUST-447,Customer 447,Education,Germany,EMEA,Berlin,11,1639.0,0.0%,0.00,1639.00,550.00,1089.00,66.4%,52.85,Overnight,Delivered,3
11-03-2024,15-03-2024,BE-12596,In-Store,Medium,PROD-WEA-11,Wearables,FitTrack Watch,50.0,149.0,CUST-769,Customer 769,Consumer,France,EMEA,Paris,1,149.0,10.0%,14.90,134.10,50.00,84.10,62.7%,2.41,Overnight,Delivered,5
23-02-2024,25-02-2024,BE-12597,In-Store,Low,PROD-AUD-43,Audio,Aero Headphones,80.0,199.0,CUST-217,Customer 217,Consumer,Germany,EMEA,Berlin,1,199.0,15.0%,29.85,169.15,80.00,89.15,52.7%,2.44,Standard,Delivered,4
13-10-2024,16-10-2024,BE-12598,Distributor,High,PROD-MOB-50,Mobile,Quantum Phone X,400.0,899.0,CUST-488,Customer 488,Education,UK,EMEA,London,12,10788.0,15.0%,1618.20,9169.80,4800.00,4369.80,47.7%,28.32,Overnight,Delivered,1
03-02-2026,06-02-2026,BE-12599,In-Store,Medium,PROD-WEA-83,Wearables,FitTrack Watch,50.0,149.0,CUST-235,Customer 235,Education,France,EMEA,Paris,4,596.0,5.0%,29.80,566.20,200.00,366.20,64.7%,11.45,Express,Returned,4
13-09-2024,15-09-2024,BE-12600,Distributor,Low,PROD-AUD-97,Audio,Aero Headphones,80.0,199.0,CUST-281,Customer 281,Corporate,USA,NA,New York,7,1393.0,10.0%,139.30,1253.70,560.00,693.70,55.3%,34.06,Standard,Returned,5
13-12-2025,18-12-2025,BE-12601,Distributor,Medium,PROD-COM-34,Computing,Apex Desktop,750.0,1599.0,CUST-581,Customer 581,Consumer,India,APAC,Mumbai,6,9594.0,0.0%,0.00,9594.00,4500.00,5094.00,53.1%,17.24,Standard,Delivered,3
13-02-2026,16-02-2026,BE-12602,In-Store,Medium,PROD-AUD-44,Audio,Aero Headphones,80.0,199.0,CUST-875,Customer 875,Education,Brazil,LATAM,Sao Paulo,14,2786.0,0.0%,0.00,2786.00,1120.00,1666.00,59.8%,59.60,Standard,Returned,4
30-07-2024,01-08-2024,BE-12603,Distributor,Low,PROD-WEA-55,Wearables,FitTrack Watch,50.0,149.0,CUST-183,Customer 183,Education,USA,NA,New York,9,1341.0,5.0%,67.05,1273.95,450.00,823.95,64.7%,43.61,Overnight,Delayed,2
09-11-2025,14-11-2025,BE-12604,In-Store,Medium,PROD-COM-73,Computing,Pro Monitor 27,120.0,279.0,CUST-592,Customer 592,Corporate,Germany,EMEA,Berlin,9,2511.0,5.0%,125.55,2385.45,1080.00,1305.45,54.7%,38.96,Overnight,Delivered,5
31-01-2024,02-02-2024,BE-12605,In-Store,Medium,PROD-WEA-35,Wearables,Aura Smart Ring,70.0,199.0,CUST-386,Customer 386,Corporate,France,EMEA,Paris,12,2388.0,5.0%,119.40,2268.60,840.00,1428.60,63.0%,51.01,Express,Delivered,4
06-04-2026,10-04-2026,BE-12606,Distributor,Medium,PROD-MOB-19,Mobile,Alpha Lite,150.0,349.0,CUST-733,Customer 733,Education,Brazil,LATAM,Sao Paulo,4,1396.0,5.0%,69.80,1326.20,600.00,726.20,54.8%,8.34,Express,Delivered,4
13-10-2025,17-10-2025,BE-12607,Online,Medium,PROD-WEA-29,Wearables,Aura Smart Ring,70.0,199.0,CUST-443,Customer 443,Education,Brazil,LATAM,Sao Paulo,8,1592.0,10.0%,159.20,1432.80,560.00,872.80,60.9%,33.31,Standard,Delivered,5
14-04-2024,15-04-2024,BE-12608,In-Store,High,PROD-WEA-42,Wearables,Aura Smart Ring,70.0,199.0,CUST-600,Customer 600,Education,Germany,EMEA,Berlin,6,1194.0,0.0%,0.00,1194.00,420.00,774.00,64.8%,20.96,Standard,Delayed,3
16-05-2024,21-05-2024,BE-12609,Distributor,High,PROD-SMA-93,Smart Home,Omni Speaker,25.0,69.0,CUST-604,Customer 604,Education,Germany,EMEA,Berlin,10,690.0,0.0%,0.00,690.00,250.00,440.00,63.8%,34.91,Express,Delivered,3
31-01-2025,03-02-2025,BE-12610,Online,Medium,PROD-SMA-57,Smart Home,Beacon Camera,35.0,99.0,CUST-401,Customer 401,Corporate,India,APAC,Mumbai,5,495.0,20.0%,99.00,396.00,175.00,221.00,55.8%,10.00,Express,Delivered,5
27-04-2025,30-04-2025,BE-12611,Online,Medium,PROD-SMA-39,Smart Home,Omni Speaker,25.0,69.0,CUST-383,Customer 383,Education,Japan,APAC,Tokyo,4,276.0,0.0%,0.00,276.00,100.00,176.00,63.8%,13.53,Overnight,Returned,4
09-01-2026,12-01-2026,BE-12612,Online,Medium,PROD-AUD-70,Audio,Aero Headphones,80.0,199.0,CUST-752,Customer 752,Corporate,Mexico,LATAM,Mexico City,2,398.0,0.0%,0.00,398.00,160.00,238.00,59.8%,5.70,Express,Delivered,5
17-02-2024,20-02-2024,BE-12613,Distributor,Medium,PROD-MOB-20,Mobile,Alpha Lite,150.0,349.0,CUST-705,Customer 705,Education,Japan,APAC,Tokyo,5,1745.0,5.0%,87.25,1657.75,750.00,907.75,54.8%,19.54,Standard,Delivered,5
30-08-2024,03-09-2024,BE-12614,Online,Medium,PROD-AUD-51,Audio,NeoBuds Pro,45.0,120.0,CUST-675,Customer 675,Consumer,Mexico,LATAM,Mexico City,13,1560.0,10.0%,156.00,1404.00,585.00,819.00,58.3%,61.93,Overnight,Delivered,5
10-02-2024,13-02-2024,BE-12615,Distributor,High,PROD-SMA-67,Smart Home,Beacon Camera,35.0,99.0,CUST-128,Customer 128,Education,USA,NA,New York,12,1188.0,10.0%,118.80,1069.20,420.00,649.20,60.7%,37.63,Standard,Delivered,1
25-01-2024,29-01-2024,BE-12616,In-Store,Critical,PROD-AUD-77,Audio,NeoBuds Pro,45.0,120.0,CUST-669,Customer 669,Education,USA,NA,New York,2,240.0,5.0%,12.00,228.00,90.00,138.00,60.5%,5.68,Overnight,Delivered,5
06-03-2024,11-03-2024,BE-12617,In-Store,Medium,PROD-COM-36,Computing,Pro Monitor 27,120.0,279.0,CUST-970,Customer 970,Consumer,Japan,APAC,Tokyo,12,3348.0,0.0%,0.00,3348.00,1440.00,1908.00,57.0%,57.67,Express,Delivered,4
11-01-2024,14-01-2024,BE-12618,In-Store,High,PROD-MOB-26,Mobile,Quantum Phone X,400.0,899.0,CUST-537,Customer 537,Education,Australia,APAC,Sydney,13,11687.0,5.0%,584.35,11102.65,5200.00,5902.65,53.2%,50.73,Overnight,Delivered,4
22-04-2026,24-04-2026,BE-12619,Online,Low,PROD-WEA-81,Wearables,Aura Smart Ring,70.0,199.0,CUST-538,Customer 538,Education,USA,NA,Los Angeles,9,1791.0,0.0%,0.00,1791.00,630.00,1161.00,64.8%,18.92,Express,Delivered,3
28-04-2024,01-05-2024,BE-12620,In-Store,Critical,PROD-AUD-75,Audio,NeoBuds Pro,45.0,120.0,CUST-203,Customer 203,Education,Canada,NA,Toronto,8,960.0,0.0%,0.00,960.00,360.00,600.00,62.5%,37.55,Overnight,Delivered,3
21-01-2025,23-01-2025,BE-12621,Distributor,High,PROD-MOB-54,Mobile,Quantum Phone X,400.0,899.0,CUST-169,Customer 169,Consumer,Canada,NA,Toronto,1,899.0,0.0%,0.00,899.00,400.00,499.00,55.5%,4.38,Standard,Delivered,3
10-06-2026,13-06-2026,BE-12622,Online,Medium,PROD-WEA-37,Wearables,Aura Smart Ring,70.0,199.0,CUST-206,Customer 206,Corporate,Japan,APAC,Tokyo,8,1592.0,0.0%,0.00,1592.00,560.00,1032.00,64.8%,17.48,Standard,Delivered,3
23-06-2024,25-06-2024,BE-12623,In-Store,High,PROD-AUD-50,Audio,Aero Headphones,80.0,199.0,CUST-898,Customer 898,Education,Brazil,LATAM,Sao Paulo,6,1194.0,10.0%,119.40,1074.60,480.00,594.60,55.3%,25.36,Express,Delivered,4
21-04-2025,24-04-2025,BE-12624,Distributor,Medium,PROD-MOB-52,Mobile,Quantum Phone X,400.0,899.0,CUST-581,Customer 581,Education,Australia,APAC,Sydney,8,7192.0,5.0%,359.60,6832.40,3200.00,3632.40,53.2%,32.08,Overnight,Delivered,5
07-12-2025,11-12-2025,BE-12625,In-Store,Medium,PROD-COM-74,Computing,Titan Laptop,600.0,1299.0,CUST-222,Customer 222,Education,USA,NA,New York,1,1299.0,5.0%,64.95,1234.05,600.00,634.05,51.4%,4.03,Overnight,Delivered,5
18-08-2024,20-08-2024,BE-12626,In-Store,Medium,PROD-MOB-62,Mobile,Alpha Lite,150.0,349.0,CUST-768,Customer 768,Education,UK,EMEA,London,6,2094.0,0.0%,0.00,2094.00,900.00,1194.00,57.0%,17.36,Express,Returned,3
12-04-2026,19-04-2026,BE-12627,Online,Medium,PROD-AUD-67,Audio,Wave Soundbar,110.0,299.0,CUST-235,Customer 235,Education,India,APAC,Mumbai,12,3588.0,5.0%,179.40,3408.60,1320.00,2088.60,61.3%,38.23,Overnight,Delivered,5
22-01-2024,25-01-2024,BE-12628,Online,Medium,PROD-WEA-34,Wearables,FitTrack Watch,50.0,149.0,CUST-584,Customer 584,Education,Canada,NA,Toronto,7,1043.0,0.0%,0.00,1043.00,350.00,693.00,66.4%,31.19,Express,Delivered,4
15-01-2025,17-01-2025,BE-12629,In-Store,Medium,PROD-COM-48,Computing,Titan Laptop,600.0,1299.0,CUST-171,Customer 171,Corporate,Mexico,LATAM,Mexico City,11,14289.0,0.0%,0.00,14289.00,6600.00,7689.00,53.8%,50.08,Standard,Delivered,2
10-06-2026,14-06-2026,BE-12630,Online,Medium,PROD-COM-18,Computing,Titan Laptop,600.0,1299.0,CUST-672,Customer 672,Consumer,India,APAC,Mumbai,1,1299.0,0.0%,0.00,1299.00,600.00,699.00,53.8%,4.40,Express,Delivered,5
31-08-2024,04-09-2024,BE-12631,Online,Medium,PROD-WEA-59,Wearables,FitTrack Watch,50.0,149.0,CUST-250,Customer 250,Corporate,Australia,APAC,Sydney,2,298.0,0.0%,0.00,298.00,100.00,198.00,66.4%,9.06,Standard,Delivered,4
24-04-2025,29-04-2025,BE-12632,Online,Medium,PROD-AUD-52,Audio,NeoBuds Pro,45.0,120.0,CUST-716,Customer 716,Education,UK,EMEA,London,8,960.0,5.0%,48.00,912.00,360.00,552.00,60.5%,39.67,Standard,Delayed,5
08-04-2024,11-04-2024,BE-12633,In-Store,Medium,PROD-WEA-62,Wearables,Aura Smart Ring,70.0,199.0,CUST-842,Customer 842,Education,Germany,EMEA,Berlin,6,1194.0,0.0%,0.00,1194.00,420.00,774.00,64.8%,26.53,Standard,Delayed,3
12-03-2025,14-03-2025,BE-12634,Distributor,Medium,PROD-WEA-56,Wearables,FitTrack Watch,50.0,149.0,CUST-205,Customer 205,Corporate,UK,EMEA,London,3,447.0,0.0%,0.00,447.00,150.00,297.00,66.4%,6.42,Express,Delivered,4
17-06-2026,19-06-2026,BE-12635,Online,Medium,PROD-COM-96,Computing,Apex Desktop,750.0,1599.0,CUST-556,Customer 556,Consumer,USA,NA,New York,12,19188.0,20.0%,3837.60,15350.40,9000.00,6350.40,41.4%,27.85,Overnight,Returned,5
16-06-2024,19-06-2024,BE-12636,Online,High,PROD-WEA-36,Wearables,FitTrack Watch,50.0,149.0,CUST-749,Customer 749,Consumer,USA,NA,Los Angeles,9,1341.0,5.0%,67.05,1273.95,450.00,823.95,64.7%,20.96,Standard,Delivered,5
05-12-2024,08-12-2024,BE-12637,Distributor,Medium,PROD-MOB-45,Mobile,Quantum Phone X,400.0,899.0,CUST-679,Customer 679,Corporate,USA,NA,Los Angeles,4,3596.0,5.0%,179.80,3416.20,1600.00,1816.20,53.2%,18.49,Standard,Delivered,4
22-01-2024,25-01-2024,BE-12638,Distributor,High,PROD-MOB-27,Mobile,Quantum Phone X,400.0,899.0,CUST-295,Customer 295,Corporate,Mexico,LATAM,Mexico City,11,9889.0,5.0%,494.45,9394.55,4400.00,4994.55,53.2%,33.77,Express,Returned,4
12-06-2024,14-06-2024,BE-12639,In-Store,Medium,PROD-MOB-96,Mobile,Quantum Phone X,400.0,899.0,CUST-962,Customer 962,Corporate,Canada,NA,Toronto,11,9889.0,10.0%,988.90,8900.10,4400.00,4500.10,50.6%,50.02,Overnight,Delayed,5
17-01-2024,19-01-2024,BE-12640,Online,Medium,PROD-MOB-45,Mobile,Alpha Lite,150.0,349.0,CUST-121,Customer 121,Corporate,Brazil,LATAM,Sao Paulo,4,1396.0,20.0%,279.20,1116.80,600.00,516.80,46.3%,9.73,Overnight,Delivered,5
13-11-2024,20-11-2024,BE-12641,In-Store,High,PROD-MOB-59,Mobile,Quantum Phone X,400.0,899.0,CUST-411,Customer 411,Consumer,India,APAC,Mumbai,1,899.0,0.0%,0.00,899.00,400.00,499.00,55.5%,4.74,Express,Delivered,2
12-04-2026,15-04-2026,BE-12642,In-Store,Medium,PROD-MOB-38,Mobile,Quantum Phone X,400.0,899.0,CUST-541,Customer 541,Consumer,France,EMEA,Paris,9,8091.0,0.0%,0.00,8091.00,3600.00,4491.00,55.5%,23.34,Express,Delivered,4
04-09-2024,07-09-2024,BE-12643,Distributor,Medium,PROD-SMA-54,Smart Home,Omni Speaker,25.0,69.0,CUST-861,Customer 861,Consumer,Mexico,LATAM,Mexico City,4,276.0,10.0%,27.60,248.40,100.00,148.40,59.7%,9.94,Standard,Delivered,3
04-02-2024,05-02-2024,BE-12644,In-Store,High,PROD-MOB-40,Mobile,Alpha Lite,150.0,349.0,CUST-903,Customer 903,Corporate,France,EMEA,Paris,10,3490.0,0.0%,0.00,3490.00,1500.00,1990.00,57.0%,40.99,Standard,Delivered,5
30-08-2025,01-09-2025,BE-12645,Online,High,PROD-COM-13,Computing,Titan Laptop,600.0,1299.0,CUST-295,Customer 295,Education,Australia,APAC,Sydney,8,10392.0,0.0%,0.00,10392.00,4800.00,5592.00,53.8%,36.70,Standard,Delivered,5
27-06-2024,30-06-2024,BE-12646,Distributor,Critical,PROD-MOB-54,Mobile,Quantum Phone X,400.0,899.0,CUST-492,Customer 492,Corporate,Mexico,LATAM,Mexico City,12,10788.0,5.0%,539.40,10248.60,4800.00,5448.60,53.2%,55.40,Standard,Delayed,2
15-09-2025,18-09-2025,BE-12647,Online,Medium,PROD-MOB-86,Mobile,Alpha Lite,150.0,349.0,CUST-935,Customer 935,Education,Japan,APAC,Tokyo,4,1396.0,0.0%,0.00,1396.00,600.00,796.00,57.0%,10.84,Standard,Delivered,5
15-08-2025,17-08-2025,BE-12648,Online,Critical,PROD-WEA-17,Wearables,FitTrack Watch,50.0,149.0,CUST-559,Customer 559,Education,Germany,EMEA,Berlin,3,447.0,0.0%,0.00,447.00,150.00,297.00,66.4%,13.02,Standard,Delivered,4
09-04-2024,13-04-2024,BE-12649,Online,High,PROD-WEA-76,Wearables,FitTrack Watch,50.0,149.0,CUST-174,Customer 174,Corporate,India,APAC,Mumbai,4,596.0,0.0%,0.00,596.00,200.00,396.00,66.4%,10.60,Overnight,Delivered,5
15-08-2025,16-08-2025,BE-12650,Online,Critical,PROD-SMA-30,Smart Home,Beacon Camera,35.0,99.0,CUST-484,Customer 484,Corporate,Brazil,LATAM,Sao Paulo,2,198.0,0.0%,0.00,198.00,70.00,128.00,64.7%,6.36,Standard,Delivered,4
07-06-2024,14-06-2024,BE-12651,Online,Medium,PROD-SMA-22,Smart Home,Beacon Camera,35.0,99.0,CUST-781,Customer 781,Education,Australia,APAC,Sydney,13,1287.0,0.0%,0.00,1287.00,455.00,832.00,64.7%,31.46,Overnight,Delivered,5
24-06-2024,29-06-2024,BE-12652,In-Store,Medium,PROD-AUD-20,Audio,NeoBuds Pro,45.0,120.0,CUST-717,Customer 717,Corporate,India,APAC,Mumbai,6,720.0,0.0%,0.00,720.00,270.00,450.00,62.5%,21.18,Overnight,Delivered,3
12-03-2025,18-03-2025,BE-12653,Online,Medium,PROD-COM-95,Computing,Titan Laptop,600.0,1299.0,CUST-249,Customer 249,Education,USA,NA,New York,10,12990.0,0.0%,0.00,12990.00,6000.00,6990.00,53.8%,39.43,Express,Delivered,4
03-02-2024,06-02-2024,BE-12654,Online,High,PROD-MOB-21,Mobile,Alpha Lite,150.0,349.0,CUST-974,Customer 974,Consumer,India,APAC,Mumbai,4,1396.0,10.0%,139.60,1256.40,600.00,656.40,52.2%,19.27,Overnight,Delivered,5
28-02-2024,02-03-2024,BE-12655,In-Store,Medium,PROD-MOB-57,Mobile,Alpha Lite,150.0,349.0,CUST-966,Customer 966,Education,Japan,APAC,Tokyo,4,1396.0,0.0%,0.00,1396.00,600.00,796.00,57.0%,8.05,Standard,Delivered,4
14-04-2025,18-04-2025,BE-12656,Online,Low,PROD-AUD-48,Audio,Wave Soundbar,110.0,299.0,CUST-549,Customer 549,Education,Brazil,LATAM,Sao Paulo,10,2990.0,0.0%,0.00,2990.00,1100.00,1890.00,63.2%,25.25,Standard,Delivered,3
10-03-2025,11-03-2025,BE-12657,Online,Medium,PROD-MOB-16,Mobile,Alpha Lite,150.0,349.0,CUST-348,Customer 348,Consumer,Mexico,LATAM,Mexico City,12,4188.0,20.0%,837.60,3350.40,1800.00,1550.40,46.3%,37.39,Overnight,Delivered,4
05-09-2025,09-09-2025,BE-12658,Distributor,Medium,PROD-SMA-57,Smart Home,Omni Speaker,25.0,69.0,CUST-819,Customer 819,Consumer,Canada,NA,Toronto,7,483.0,5.0%,24.15,458.85,175.00,283.85,61.9%,22.66,Standard,Delivered,4
03-06-2025,07-06-2025,BE-12659,In-Store,Medium,PROD-COM-21,Computing,Titan Laptop,600.0,1299.0,CUST-126,Customer 126,Education,Mexico,LATAM,Mexico City,8,10392.0,0.0%,0.00,10392.00,4800.00,5592.00,53.8%,30.08,Overnight,Delivered,5
17-05-2026,19-05-2026,BE-12660,Distributor,High,PROD-AUD-16,Audio,Wave Soundbar,110.0,299.0,CUST-113,Customer 113,Education,UK,EMEA,London,7,2093.0,0.0%,0.00,2093.00,770.00,1323.00,63.2%,16.48,Express,Delivered,4
06-04-2024,08-04-2024,BE-12661,In-Store,Medium,PROD-AUD-56,Audio,Aero Headphones,80.0,199.0,CUST-875,Customer 875,Education,UK,EMEA,London,14,2786.0,0.0%,0.00,2786.00,1120.00,1666.00,59.8%,29.60,Standard,Delayed,4
19-02-2026,21-02-2026,BE-12662,Distributor,Medium,PROD-WEA-87,Wearables,Aura Smart Ring,70.0,199.0,CUST-880,Customer 880,Education,UK,EMEA,London,8,1592.0,0.0%,0.00,1592.00,560.00,1032.00,64.8%,26.93,Overnight,Delivered,5
10-02-2026,11-02-2026,BE-12663,Distributor,Low,PROD-SMA-13,Smart Home,Beacon Camera,35.0,99.0,CUST-618,Customer 618,Corporate,France,EMEA,Paris,2,198.0,0.0%,0.00,198.00,70.00,128.00,64.7%,6.43,Express,Delivered,3
09-02-2025,13-02-2025,BE-12664,Distributor,Medium,PROD-SMA-88,Smart Home,Beacon Camera,35.0,99.0,CUST-306,Customer 306,Corporate,UK,EMEA,London,3,297.0,5.0%,14.85,282.15,105.00,177.15,62.8%,9.50,Standard,Delayed,4
23-10-2025,25-10-2025,BE-12665,Online,Medium,PROD-SMA-50,Smart Home,Omni Speaker,25.0,69.0,CUST-738,Customer 738,Education,USA,NA,New York,2,138.0,15.0%,20.70,117.30,50.00,67.30,57.4%,7.04,Express,Delivered,5
03-05-2026,08-05-2026,BE-12666,In-Store,Medium,PROD-COM-31,Computing,Titan Laptop,600.0,1299.0,CUST-597,Customer 597,Corporate,Mexico,LATAM,Mexico City,7,9093.0,5.0%,454.65,8638.35,4200.00,4438.35,51.4%,32.48,Overnight,Delivered,5
24-09-2024,26-09-2024,BE-12667,Online,Low,PROD-MOB-33,Mobile,Alpha Lite,150.0,349.0,CUST-695,Customer 695,Corporate,Mexico,LATAM,Mexico City,7,2443.0,5.0%,122.15,2320.85,1050.00,1270.85,54.8%,26.61,Express,Delivered,4
29-04-2025,03-05-2025,BE-12668,Distributor,High,PROD-COM-52,Computing,Pro Monitor 27,120.0,279.0,CUST-629,Customer 629,Education,Canada,NA,Toronto,4,1116.0,5.0%,55.80,1060.20,480.00,580.20,54.7%,14.14,Overnight,Delivered,3
30-12-2025,31-12-2025,BE-12669,In-Store,Low,PROD-SMA-65,Smart Home,Omni Speaker,25.0,69.0,CUST-703,Customer 703,Corporate,Germany,EMEA,Berlin,3,207.0,0.0%,0.00,207.00,75.00,132.00,63.8%,7.90,Express,Delivered,5
19-04-2024,24-04-2024,BE-12670,Distributor,Medium,PROD-WEA-68,Wearables,FitTrack Watch,50.0,149.0,CUST-405,Customer 405,Education,Mexico,LATAM,Mexico City,10,1490.0,0.0%,0.00,1490.00,500.00,990.00,66.4%,43.67,Express,Delivered,4
11-01-2025,14-01-2025,BE-12671,In-Store,Medium,PROD-WEA-74,Wearables,Aura Smart Ring,70.0,199.0,CUST-629,Customer 629,Education,Brazil,LATAM,Sao Paulo,3,597.0,0.0%,0.00,597.00,210.00,387.00,64.8%,12.62,Express,Delivered,5
03-04-2026,07-04-2026,BE-12672,Distributor,Medium,PROD-SMA-54,Smart Home,Omni Speaker,25.0,69.0,CUST-561,Customer 561,Corporate,Canada,NA,Toronto,9,621.0,10.0%,62.10,558.90,225.00,333.90,59.7%,28.78,Overnight,Delivered,5
07-01-2026,10-01-2026,BE-12673,Online,High,PROD-SMA-52,Smart Home,Beacon Camera,35.0,99.0,CUST-747,Customer 747,Consumer,India,APAC,Mumbai,4,396.0,0.0%,0.00,396.00,140.00,256.00,64.7%,10.96,Overnight,Returned,2
15-06-2025,22-06-2025,BE-12674,Online,Low,PROD-SMA-38,Smart Home,Beacon Camera,35.0,99.0,CUST-510,Customer 510,Corporate,Germany,EMEA,Berlin,12,1188.0,0.0%,0.00,1188.00,420.00,768.00,64.7%,34.48,Overnight,Delivered,4
26-06-2024,01-07-2024,BE-12675,In-Store,Medium,PROD-AUD-41,Audio,Aero Headphones,80.0,199.0,CUST-710,Customer 710,Education,India,APAC,Mumbai,14,2786.0,0.0%,0.00,2786.00,1120.00,1666.00,59.8%,42.34,Overnight,Returned,4
12-11-2024,17-11-2024,BE-12676,Online,Medium,PROD-MOB-70,Mobile,Quantum Phone X,400.0,899.0,CUST-655,Customer 655,Corporate,Mexico,LATAM,Mexico City,3,2697.0,5.0%,134.85,2562.15,1200.00,1362.15,53.2%,14.16,Overnight,Delivered,4
01-11-2024,03-11-2024,BE-12677,Online,Low,PROD-AUD-40,Audio,Wave Soundbar,110.0,299.0,CUST-468,Customer 468,Corporate,France,EMEA,Paris,4,1196.0,10.0%,119.60,1076.40,440.00,636.40,59.1%,9.10,Standard,Delivered,5
02-03-2024,09-03-2024,BE-12678,Online,Medium,PROD-SMA-43,Smart Home,Beacon Camera,35.0,99.0,CUST-239,Customer 239,Corporate,Australia,APAC,Sydney,14,1386.0,15.0%,207.90,1178.10,490.00,688.10,58.4%,43.00,Standard,Delivered,5
12-10-2025,16-10-2025,BE-12679,In-Store,Medium,PROD-AUD-59,Audio,Aero Headphones,80.0,199.0,CUST-821,Customer 821,Education,Brazil,LATAM,Sao Paulo,5,995.0,10.0%,99.50,895.50,400.00,495.50,55.3%,23.40,Standard,Delivered,4
09-01-2025,13-01-2025,BE-12680,In-Store,Medium,PROD-WEA-62,Wearables,Aura Smart Ring,70.0,199.0,CUST-868,Customer 868,Consumer,France,EMEA,Paris,13,2587.0,10.0%,258.70,2328.30,910.00,1418.30,60.9%,26.97,Overnight,Returned,4
01-01-2025,07-01-2025,BE-12681,In-Store,High,PROD-COM-14,Computing,Pro Monitor 27,120.0,279.0,CUST-602,Customer 602,Corporate,Mexico,LATAM,Mexico City,13,3627.0,15.0%,544.05,3082.95,1560.00,1522.95,49.4%,34.42,Express,Delivered,5
13-08-2025,15-08-2025,BE-12682,Distributor,High,PROD-AUD-46,Audio,Aero Headphones,80.0,199.0,CUST-809,Customer 809,Education,Brazil,LATAM,Sao Paulo,7,1393.0,0.0%,0.00,1393.00,560.00,833.00,59.8%,31.00,Express,Delivered,4
29-09-2025,02-10-2025,BE-12683,Distributor,Critical,PROD-COM-41,Computing,Titan Laptop,600.0,1299.0,CUST-906,Customer 906,Consumer,Australia,APAC,Sydney,12,15588.0,0.0%,0.00,15588.00,7200.00,8388.00,53.8%,45.89,Express,Delayed,4
16-12-2024,20-12-2024,BE-12684,Online,High,PROD-WEA-42,Wearables,Aura Smart Ring,70.0,199.0,CUST-134,Customer 134,Corporate,UK,EMEA,London,11,2189.0,0.0%,0.00,2189.00,770.00,1419.00,64.8%,53.14,Standard,Delayed,5
13-05-2025,15-05-2025,BE-12685,Online,Low,PROD-AUD-18,Audio,Aero Headphones,80.0,199.0,CUST-689,Customer 689,Consumer,Mexico,LATAM,Mexico City,12,2388.0,10.0%,238.80,2149.20,960.00,1189.20,55.3%,43.47,Overnight,Delivered,5
07-02-2026,08-02-2026,BE-12686,In-Store,Medium,PROD-WEA-97,Wearables,FitTrack Watch,50.0,149.0,CUST-695,Customer 695,Consumer,USA,NA,Los Angeles,6,894.0,10.0%,89.40,804.60,300.00,504.60,62.7%,27.16,Standard,Delivered,5
03-05-2025,06-05-2025,BE-12687,Online,High,PROD-SMA-95,Smart Home,Beacon Camera,35.0,99.0,CUST-274,Customer 274,Consumer,Canada,NA,Toronto,9,891.0,0.0%,0.00,891.00,315.00,576.00,64.7%,39.81,Standard,Delivered,5
02-07-2025,06-07-2025,BE-12688,Distributor,Low,PROD-MOB-28,Mobile,Alpha Lite,150.0,349.0,CUST-765,Customer 765,Consumer,India,APAC,Mumbai,9,3141.0,10.0%,314.10,2826.90,1350.00,1476.90,52.2%,26.99,Standard,Delivered,4
26-12-2025,29-12-2025,BE-12689,Distributor,Critical,PROD-WEA-48,Wearables,Aura Smart Ring,70.0,199.0,CUST-170,Customer 170,Corporate,France,EMEA,Paris,8,1592.0,0.0%,0.00,1592.00,560.00,1032.00,64.8%,29.64,Express,Delivered,4
12-04-2025,16-04-2025,BE-12690,In-Store,Medium,PROD-SMA-97,Smart Home,Beacon Camera,35.0,99.0,CUST-422,Customer 422,Consumer,Germany,EMEA,Berlin,6,594.0,0.0%,0.00,594.00,210.00,384.00,64.7%,12.36,Express,Delivered,5
22-03-2024,23-03-2024,BE-12691,In-Store,Medium,PROD-MOB-51,Mobile,Alpha Lite,150.0,349.0,CUST-581,Customer 581,Education,Canada,NA,Toronto,10,3490.0,0.0%,0.00,3490.00,1500.00,1990.00,57.0%,33.20,Overnight,Delivered,3
16-12-2024,19-12-2024,BE-12692,In-Store,Medium,PROD-SMA-94,Smart Home,Omni Speaker,25.0,69.0,CUST-964,Customer 964,Consumer,Australia,APAC,Sydney,10,690.0,20.0%,138.00,552.00,250.00,302.00,54.7%,23.59,Overnight,Delivered,4
15-05-2026,16-05-2026,BE-12693,Online,Critical,PROD-SMA-44,Smart Home,Beacon Camera,35.0,99.0,CUST-886,Customer 886,Consumer,UK,EMEA,London,8,792.0,5.0%,39.60,752.40,280.00,472.40,62.8%,25.00,Standard,Returned,5
12-04-2024,15-04-2024,BE-12694,Distributor,Medium,PROD-COM-83,Computing,Apex Desktop,750.0,1599.0,CUST-410,Customer 410,Education,Australia,APAC,Sydney,2,3198.0,5.0%,159.90,3038.10,1500.00,1538.10,50.6%,4.51,Standard,Delivered,5
10-03-2025,12-03-2025,BE-12695,In-Store,Medium,PROD-MOB-61,Mobile,Quantum Phone X,400.0,899.0,CUST-140,Customer 140,Education,USA,NA,New York,4,3596.0,0.0%,0.00,3596.00,1600.00,1996.00,55.5%,15.34,Express,Delayed,5
24-01-2025,29-01-2025,BE-12696,Online,Medium,PROD-SMA-21,Smart Home,Beacon Camera,35.0,99.0,CUST-783,Customer 783,Consumer,Mexico,LATAM,Mexico City,3,297.0,5.0%,14.85,282.15,105.00,177.15,62.8%,13.88,Express,Delivered,5
05-03-2026,08-03-2026,BE-12697,Distributor,High,PROD-MOB-54,Mobile,Alpha Lite,150.0,349.0,CUST-579,Customer 579,Education,Australia,APAC,Sydney,13,4537.0,5.0%,226.85,4310.15,1950.00,2360.15,54.8%,42.91,Standard,Delivered,3
12-02-2025,19-02-2025,BE-12698,In-Store,Low,PROD-AUD-38,Audio,NeoBuds Pro,45.0,120.0,CUST-564,Customer 564,Education,Australia,APAC,Sydney,8,960.0,20.0%,192.00,768.00,360.00,408.00,53.1%,38.78,Standard,Delivered,4
15-06-2026,17-06-2026,BE-12699,In-Store,Medium,PROD-COM-38,Computing,Pro Monitor 27,120.0,279.0,CUST-883,Customer 883,Corporate,UK,EMEA,London,9,2511.0,0.0%,0.00,2511.00,1080.00,1431.00,57.0%,30.04,Standard,Delayed,5
25-04-2025,29-04-2025,BE-12700,In-Store,Medium,PROD-WEA-24,Wearables,FitTrack Watch,50.0,149.0,CUST-713,Customer 713,Consumer,Mexico,LATAM,Mexico City,5,745.0,15.0%,111.75,633.25,250.00,383.25,60.5%,21.54,Standard,Delivered,5
01-05-2024,04-05-2024,BE-12701,Online,Medium,PROD-WEA-30,Wearables,Aura Smart Ring,70.0,199.0,CUST-959,Customer 959,Education,UK,EMEA,London,11,2189.0,5.0%,109.45,2079.55,770.00,1309.55,63.0%,52.34,Standard,Delivered,4
18-10-2024,23-10-2024,BE-12702,In-Store,Medium,PROD-MOB-49,Mobile,Quantum Phone X,400.0,899.0,CUST-891,Customer 891,Corporate,Brazil,LATAM,Sao Paulo,3,2697.0,15.0%,404.55,2292.45,1200.00,1092.45,47.7%,8.24,Standard,Delivered,4
15-02-2025,22-02-2025,BE-12703,Online,Low,PROD-COM-10,Computing,Pro Monitor 27,120.0,279.0,CUST-848,Customer 848,Corporate,France,EMEA,Paris,11,3069.0,0.0%,0.00,3069.00,1320.00,1749.00,57.0%,38.28,Express,Delivered,3
28-04-2024,05-05-2024,BE-12704,Online,Critical,PROD-AUD-56,Audio,Wave Soundbar,110.0,299.0,CUST-885,Customer 885,Consumer,Canada,NA,Toronto,5,1495.0,5.0%,74.75,1420.25,550.00,870.25,61.3%,20.77,Standard,Delivered,4
22-04-2026,25-04-2026,BE-12705,In-Store,Medium,PROD-WEA-80,Wearables,Aura Smart Ring,70.0,199.0,CUST-328,Customer 328,Corporate,Germany,EMEA,Berlin,3,597.0,10.0%,59.70,537.30,210.00,327.30,60.9%,12.69,Express,Delivered,5
08-10-2024,13-10-2024,BE-12706,Distributor,Medium,PROD-COM-51,Computing,Pro Monitor 27,120.0,279.0,CUST-615,Customer 615,Education,Japan,APAC,Tokyo,4,1116.0,5.0%,55.80,1060.20,480.00,580.20,54.7%,12.51,Overnight,Returned,4
05-07-2024,08-07-2024,BE-12707,In-Store,Medium,PROD-MOB-95,Mobile,Alpha Lite,150.0,349.0,CUST-347,Customer 347,Consumer,Australia,APAC,Sydney,2,698.0,0.0%,0.00,698.00,300.00,398.00,57.0%,8.29,Express,Delivered,4
30-06-2025,03-07-2025,BE-12708,In-Store,Medium,PROD-AUD-30,Audio,NeoBuds Pro,45.0,120.0,CUST-728,Customer 728,Corporate,Australia,APAC,Sydney,2,240.0,15.0%,36.00,204.00,90.00,114.00,55.9%,6.91,Standard,Returned,5
02-11-2024,06-11-2024,BE-12709,In-Store,Medium,PROD-AUD-45,Audio,Aero Headphones,80.0,199.0,CUST-761,Customer 761,Corporate,France,EMEA,Paris,5,995.0,0.0%,0.00,995.00,400.00,595.00,59.8%,16.91,Overnight,Delivered,1
13-11-2024,15-11-2024,BE-12710,Distributor,Medium,PROD-MOB-47,Mobile,Alpha Lite,150.0,349.0,CUST-420,Customer 420,Corporate,Japan,APAC,Tokyo,12,4188.0,10.0%,418.80,3769.20,1800.00,1969.20,52.2%,40.61,Standard,Delivered,5
06-05-2025,08-05-2025,BE-12711,Online,Low,PROD-MOB-84,Mobile,Quantum Phone X,400.0,899.0,CUST-970,Customer 970,Corporate,Japan,APAC,Tokyo,14,12586.0,10.0%,1258.60,11327.40,5600.00,5727.40,50.6%,30.31,Standard,Delivered,4
12-08-2024,16-08-2024,BE-12712,In-Store,Low,PROD-SMA-15,Smart Home,Omni Speaker,25.0,69.0,CUST-863,Customer 863,Consumer,Australia,APAC,Sydney,6,414.0,0.0%,0.00,414.00,150.00,264.00,63.8%,15.67,Standard,Delayed,5
29-02-2024,02-03-2024,BE-12713,Distributor,Low,PROD-SMA-84,Smart Home,Omni Speaker,25.0,69.0,CUST-295,Customer 295,Education,UK,EMEA,London,2,138.0,0.0%,0.00,138.00,50.00,88.00,63.8%,4.18,Standard,Delivered,4
11-11-2025,15-11-2025,BE-12714,Distributor,Critical,PROD-COM-17,Computing,Pro Monitor 27,120.0,279.0,CUST-997,Customer 997,Education,USA,NA,Los Angeles,11,3069.0,0.0%,0.00,3069.00,1320.00,1749.00,57.0%,30.31,Standard,Delivered,4
07-09-2024,09-09-2024,BE-12715,Distributor,High,PROD-SMA-10,Smart Home,Beacon Camera,35.0,99.0,CUST-614,Customer 614,Corporate,Australia,APAC,Sydney,8,792.0,20.0%,158.40,633.60,280.00,353.60,55.8%,20.63,Express,Delivered,5
17-06-2025,20-06-2025,BE-12716,Online,High,PROD-AUD-22,Audio,NeoBuds Pro,45.0,120.0,CUST-752,Customer 752,Corporate,USA,NA,Los Angeles,5,600.0,0.0%,0.00,600.00,225.00,375.00,62.5%,12.52,Standard,Delivered,4
26-03-2025,31-03-2025,BE-12717,In-Store,High,PROD-AUD-70,Audio,Wave Soundbar,110.0,299.0,CUST-602,Customer 602,Education,France,EMEA,Paris,4,1196.0,0.0%,0.00,1196.00,440.00,756.00,63.2%,13.56,Express,Delivered,1
01-03-2026,03-03-2026,BE-12718,Online,Medium,PROD-AUD-53,Audio,Wave Soundbar,110.0,299.0,CUST-580,Customer 580,Consumer,USA,NA,Los Angeles,5,1495.0,0.0%,0.00,1495.00,550.00,945.00,63.2%,22.02,Standard,Delivered,2
02-06-2024,06-06-2024,BE-12719,Distributor,Medium,PROD-COM-13,Computing,Pro Monitor 27,120.0,279.0,CUST-850,Customer 850,Corporate,Canada,NA,Toronto,10,2790.0,0.0%,0.00,2790.00,1200.00,1590.00,57.0%,42.05,Express,Delayed,2
23-08-2025,26-08-2025,BE-12720,In-Store,High,PROD-COM-51,Computing,Apex Desktop,750.0,1599.0,CUST-832,Customer 832,Education,India,APAC,Mumbai,6,9594.0,10.0%,959.40,8634.60,4500.00,4134.60,47.9%,27.06,Overnight,Delayed,5
02-07-2024,03-07-2024,BE-12721,Distributor,Low,PROD-AUD-30,Audio,Wave Soundbar,110.0,299.0,CUST-345,Customer 345,Corporate,USA,NA,Los Angeles,7,2093.0,0.0%,0.00,2093.00,770.00,1323.00,63.2%,28.67,Express,Delivered,5
11-12-2025,16-12-2025,BE-12722,In-Store,Medium,PROD-WEA-82,Wearables,FitTrack Watch,50.0,149.0,CUST-442,Customer 442,Education,Canada,NA,Toronto,14,2086.0,0.0%,0.00,2086.00,700.00,1386.00,66.4%,52.79,Overnight,Delivered,3
16-09-2025,20-09-2025,BE-12723,In-Store,High,PROD-WEA-22,Wearables,FitTrack Watch,50.0,149.0,CUST-134,Customer 134,Consumer,UK,EMEA,London,9,1341.0,0.0%,0.00,1341.00,450.00,891.00,66.4%,29.13,Overnight,Delivered,4
04-05-2024,06-05-2024,BE-12724,Online,High,PROD-MOB-33,Mobile,Quantum Phone X,400.0,899.0,CUST-550,Customer 550,Consumer,Mexico,LATAM,Mexico City,6,5394.0,0.0%,0.00,5394.00,2400.00,2994.00,55.5%,26.77,Standard,Delayed,3
11-04-2024,13-04-2024,BE-12725,Distributor,High,PROD-WEA-21,Wearables,Aura Smart Ring,70.0,199.0,CUST-233,Customer 233,Consumer,Mexico,LATAM,Mexico City,8,1592.0,0.0%,0.00,1592.00,560.00,1032.00,64.8%,22.59,Standard,Delivered,5
18-11-2025,21-11-2025,BE-12726,Distributor,Medium,PROD-WEA-72,Wearables,FitTrack Watch,50.0,149.0,CUST-929,Customer 929,Corporate,USA,NA,New York,11,1639.0,0.0%,0.00,1639.00,550.00,1089.00,66.4%,34.58,Overnight,Returned,5
02-02-2024,05-02-2024,BE-12727,In-Store,Critical,PROD-COM-73,Computing,Pro Monitor 27,120.0,279.0,CUST-175,Customer 175,Education,France,EMEA,Paris,5,1395.0,0.0%,0.00,1395.00,600.00,795.00,57.0%,22.54,Express,Delivered,4
19-03-2024,22-03-2024,BE-12728,Online,Medium,PROD-MOB-15,Mobile,Quantum Phone X,400.0,899.0,CUST-928,Customer 928,Corporate,UK,EMEA,London,3,2697.0,0.0%,0.00,2697.00,1200.00,1497.00,55.5%,9.62,Standard,Delivered,5
20-08-2024,22-08-2024,BE-12729,Online,High,PROD-SMA-13,Smart Home,Omni Speaker,25.0,69.0,CUST-292,Customer 292,Corporate,Japan,APAC,Tokyo,13,897.0,0.0%,0.00,897.00,325.00,572.00,63.8%,29.49,Standard,Delivered,4
02-11-2024,05-11-2024,BE-12730,Distributor,Low,PROD-MOB-53,Mobile,Quantum Phone X,400.0,899.0,CUST-292,Customer 292,Consumer,Canada,NA,Toronto,12,10788.0,15.0%,1618.20,9169.80,4800.00,4369.80,47.7%,56.91,Standard,Delivered,4
29-08-2024,05-09-2024,BE-12731,Online,Medium,PROD-AUD-65,Audio,Aero Headphones,80.0,199.0,CUST-207,Customer 207,Education,UK,EMEA,London,4,796.0,0.0%,0.00,796.00,320.00,476.00,59.8%,16.87,Standard,Delivered,1
25-04-2024,27-04-2024,BE-12732,In-Store,Medium,PROD-WEA-10,Wearables,Aura Smart Ring,70.0,199.0,CUST-363,Customer 363,Education,Germany,EMEA,Berlin,8,1592.0,10.0%,159.20,1432.80,560.00,872.80,60.9%,28.45,Overnight,Delivered,5
15-03-2026,16-03-2026,BE-12733,Online,High,PROD-AUD-66,Audio,NeoBuds Pro,45.0,120.0,CUST-414,Customer 414,Education,USA,NA,Los Angeles,2,240.0,10.0%,24.00,216.00,90.00,126.00,58.3%,4.10,Standard,Delivered,3
02-05-2025,06-05-2025,BE-12734,In-Store,Low,PROD-AUD-30,Audio,Wave Soundbar,110.0,299.0,CUST-576,Customer 576,Corporate,Brazil,LATAM,Sao Paulo,12,3588.0,10.0%,358.80,3229.20,1320.00,1909.20,59.1%,28.47,Standard,Delivered,5
10-10-2025,16-10-2025,BE-12735,In-Store,High,PROD-AUD-76,Audio,Aero Headphones,80.0,199.0,CUST-988,Customer 988,Consumer,Mexico,LATAM,Mexico City,2,398.0,0.0%,0.00,398.00,160.00,238.00,59.8%,8.79,Standard,Delivered,1
02-04-2025,06-04-2025,BE-12736,Distributor,Medium,PROD-COM-62,Computing,Apex Desktop,750.0,1599.0,CUST-945,Customer 945,Corporate,UK,EMEA,London,8,12792.0,10.0%,1279.20,11512.80,6000.00,5512.80,47.9%,18.81,Express,Delayed,4
02-11-2024,06-11-2024,BE-12737,Distributor,Low,PROD-MOB-67,Mobile,Alpha Lite,150.0,349.0,CUST-111,Customer 111,Corporate,Mexico,LATAM,Mexico City,2,698.0,5.0%,34.90,663.10,300.00,363.10,54.8%,6.32,Overnight,Delivered,4
09-05-2024,16-05-2024,BE-12738,Online,Medium,PROD-COM-84,Computing,Pro Monitor 27,120.0,279.0,CUST-605,Customer 605,Consumer,UK,EMEA,London,1,279.0,0.0%,0.00,279.00,120.00,159.00,57.0%,3.40,Standard,Delivered,5
03-07-2025,09-07-2025,BE-12739,Distributor,Low,PROD-WEA-71,Wearables,Aura Smart Ring,70.0,199.0,CUST-151,Customer 151,Consumer,UK,EMEA,London,2,398.0,0.0%,0.00,398.00,140.00,258.00,64.8%,8.80,Standard,Delivered,5
02-10-2024,05-10-2024,BE-12740,Online,High,PROD-WEA-48,Wearables,FitTrack Watch,50.0,149.0,CUST-310,Customer 310,Consumer,France,EMEA,Paris,8,1192.0,0.0%,0.00,1192.00,400.00,792.00,66.4%,24.25,Express,Delivered,5
11-07-2025,14-07-2025,BE-12741,Online,Medium,PROD-AUD-45,Audio,NeoBuds Pro,45.0,120.0,CUST-493,Customer 493,Education,Japan,APAC,Tokyo,14,1680.0,5.0%,84.00,1596.00,630.00,966.00,60.5%,48.91,Standard,Delivered,4
19-06-2024,20-06-2024,BE-12742,Distributor,Low,PROD-WEA-16,Wearables,FitTrack Watch,50.0,149.0,CUST-743,Customer 743,Corporate,USA,NA,New York,10,1490.0,0.0%,0.00,1490.00,500.00,990.00,66.4%,37.82,Express,Delivered,5
27-07-2024,01-08-2024,BE-12743,Distributor,Low,PROD-MOB-21,Mobile,Quantum Phone X,400.0,899.0,CUST-985,Customer 985,Corporate,Australia,APAC,Sydney,10,8990.0,0.0%,0.00,8990.00,4000.00,4990.00,55.5%,43.67,Standard,Delivered,5
11-11-2025,14-11-2025,BE-12744,Distributor,Medium,PROD-WEA-30,Wearables,Aura Smart Ring,70.0,199.0,CUST-682,Customer 682,Education,USA,NA,New York,10,1990.0,10.0%,199.00,1791.00,700.00,1091.00,60.9%,40.35,Standard,Delivered,5
03-12-2024,06-12-2024,BE-12745,In-Store,Medium,PROD-SMA-64,Smart Home,Omni Speaker,25.0,69.0,CUST-119,Customer 119,Education,Japan,APAC,Tokyo,8,552.0,0.0%,0.00,552.00,200.00,352.00,63.8%,20.15,Overnight,Returned,5
17-10-2024,20-10-2024,BE-12746,Distributor,Medium,PROD-SMA-72,Smart Home,Beacon Camera,35.0,99.0,CUST-638,Customer 638,Consumer,Germany,EMEA,Berlin,1,99.0,15.0%,14.85,84.15,35.00,49.15,58.4%,2.33,Express,Delivered,5
25-03-2026,31-03-2026,BE-12747,Distributor,High,PROD-MOB-76,Mobile,Quantum Phone X,400.0,899.0,CUST-746,Customer 746,Corporate,USA,NA,New York,4,3596.0,0.0%,0.00,3596.00,1600.00,1996.00,55.5%,19.35,Standard,Returned,4
05-05-2026,09-05-2026,BE-12748,Distributor,High,PROD-MOB-33,Mobile,Quantum Phone X,400.0,899.0,CUST-967,Customer 967,Corporate,India,APAC,Mumbai,6,5394.0,5.0%,269.70,5124.30,2400.00,2724.30,53.2%,21.84,Express,Delivered,4
23-08-2025,27-08-2025,BE-12749,Distributor,High,PROD-AUD-72,Audio,Aero Headphones,80.0,199.0,CUST-112,Customer 112,Education,USA,NA,New York,5,995.0,10.0%,99.50,895.50,400.00,495.50,55.3%,21.26,Standard,Delivered,2
04-05-2024,05-05-2024,BE-12750,Online,Medium,PROD-AUD-88,Audio,Aero Headphones,80.0,199.0,CUST-334,Customer 334,Corporate,Germany,EMEA,Berlin,13,2587.0,0.0%,0.00,2587.00,1040.00,1547.00,59.8%,32.78,Standard,Delivered,5
05-07-2024,08-07-2024,BE-12751,Distributor,Medium,PROD-WEA-54,Wearables,FitTrack Watch,50.0,149.0,CUST-460,Customer 460,Corporate,UK,EMEA,London,10,1490.0,5.0%,74.50,1415.50,500.00,915.50,64.7%,31.44,Standard,Delivered,5
04-03-2026,07-03-2026,BE-12752,Online,High,PROD-MOB-16,Mobile,Quantum Phone X,400.0,899.0,CUST-733,Customer 733,Education,Australia,APAC,Sydney,6,5394.0,10.0%,539.40,4854.60,2400.00,2454.60,50.6%,29.57,Overnight,Delivered,2
22-04-2024,26-04-2024,BE-12753,Online,Medium,PROD-MOB-54,Mobile,Quantum Phone X,400.0,899.0,CUST-520,Customer 520,Consumer,Brazil,LATAM,Sao Paulo,7,6293.0,0.0%,0.00,6293.00,2800.00,3493.00,55.5%,16.31,Overnight,Delivered,4
05-11-2024,09-11-2024,BE-12754,Distributor,High,PROD-SMA-76,Smart Home,Omni Speaker,25.0,69.0,CUST-834,Customer 834,Consumer,Brazil,LATAM,Sao Paulo,9,621.0,0.0%,0.00,621.00,225.00,396.00,63.8%,32.32,Overnight,Delivered,3
17-09-2024,19-09-2024,BE-12755,In-Store,Medium,PROD-SMA-36,Smart Home,Omni Speaker,25.0,69.0,CUST-954,Customer 954,Corporate,Japan,APAC,Tokyo,13,897.0,15.0%,134.55,762.45,325.00,437.45,57.4%,46.90,Standard,Delivered,5
18-07-2025,21-07-2025,BE-12756,Online,High,PROD-SMA-13,Smart Home,Beacon Camera,35.0,99.0,CUST-845,Customer 845,Education,Germany,EMEA,Berlin,2,198.0,0.0%,0.00,198.00,70.00,128.00,64.7%,7.05,Standard,Delivered,5
16-04-2024,18-04-2024,BE-12757,Distributor,Medium,PROD-MOB-89,Mobile,Alpha Lite,150.0,349.0,CUST-143,Customer 143,Education,Mexico,LATAM,Mexico City,6,2094.0,20.0%,418.80,1675.20,900.00,775.20,46.3%,29.01,Overnight,Delivered,5
04-06-2026,07-06-2026,BE-12758,In-Store,High,PROD-MOB-26,Mobile,Quantum Phone X,400.0,899.0,CUST-909,Customer 909,Education,Mexico,LATAM,Mexico City,13,11687.0,0.0%,0.00,11687.00,5200.00,6487.00,55.5%,45.15,Express,Delivered,3
01-01-2026,04-01-2026,BE-12759,In-Store,Low,PROD-SMA-50,Smart Home,Omni Speaker,25.0,69.0,CUST-898,Customer 898,Corporate,France,EMEA,Paris,8,552.0,5.0%,27.60,524.40,200.00,324.40,61.9%,25.16,Overnight,Delivered,5
13-03-2025,19-03-2025,BE-12760,Online,Low,PROD-WEA-21,Wearables,Aura Smart Ring,70.0,199.0,CUST-493,Customer 493,Corporate,Japan,APAC,Tokyo,14,2786.0,0.0%,0.00,2786.00,980.00,1806.00,64.8%,50.83,Standard,Delayed,5
28-07-2025,01-08-2025,BE-12761,Online,High,PROD-MOB-51,Mobile,Alpha Lite,150.0,349.0,CUST-556,Customer 556,Education,Australia,APAC,Sydney,8,2792.0,0.0%,0.00,2792.00,1200.00,1592.00,57.0%,32.32,Overnight,Delivered,3
23-11-2024,27-11-2024,BE-12762,In-Store,Medium,PROD-WEA-83,Wearables,Aura Smart Ring,70.0,199.0,CUST-531,Customer 531,Education,Mexico,LATAM,Mexico City,8,1592.0,0.0%,0.00,1592.00,560.00,1032.00,64.8%,20.34,Standard,Delivered,5
15-03-2024,19-03-2024,BE-12763,Distributor,High,PROD-SMA-96,Smart Home,Omni Speaker,25.0,69.0,CUST-273,Customer 273,Corporate,Japan,APAC,Tokyo,14,966.0,5.0%,48.30,917.70,350.00,567.70,61.9%,37.91,Overnight,Delivered,4
09-07-2024,12-07-2024,BE-12764,In-Store,Low,PROD-COM-48,Computing,Pro Monitor 27,120.0,279.0,CUST-238,Customer 238,Consumer,India,APAC,Mumbai,14,3906.0,0.0%,0.00,3906.00,1680.00,2226.00,57.0%,37.23,Standard,Delivered,5
08-07-2024,10-07-2024,BE-12765,In-Store,Low,PROD-SMA-44,Smart Home,Omni Speaker,25.0,69.0,CUST-296,Customer 296,Education,India,APAC,Mumbai,10,690.0,0.0%,0.00,690.00,250.00,440.00,63.8%,20.92,Overnight,Delivered,5
29-07-2025,01-08-2025,BE-12766,Distributor,Medium,PROD-WEA-76,Wearables,FitTrack Watch,50.0,149.0,CUST-491,Customer 491,Corporate,USA,NA,New York,6,894.0,10.0%,89.40,804.60,300.00,504.60,62.7%,21.86,Standard,Delivered,3
30-01-2024,04-02-2024,BE-12767,In-Store,Low,PROD-SMA-96,Smart Home,Omni Speaker,25.0,69.0,CUST-313,Customer 313,Consumer,Canada,NA,Toronto,1,69.0,0.0%,0.00,69.00,25.00,44.00,63.8%,3.88,Standard,Delivered,4
14-01-2024,17-01-2024,BE-12768,In-Store,High,PROD-SMA-13,Smart Home,Omni Speaker,25.0,69.0,CUST-599,Customer 599,Education,Brazil,LATAM,Sao Paulo,11,759.0,0.0%,0.00,759.00,275.00,484.00,63.8%,29.14,Standard,Delivered,4
19-03-2025,23-03-2025,BE-12769,Online,Medium,PROD-AUD-47,Audio,Aero Headphones,80.0,199.0,CUST-565,Customer 565,Education,Brazil,LATAM,Sao Paulo,8,1592.0,0.0%,0.00,1592.00,640.00,952.00,59.8%,33.32,Express,Delivered,3
19-08-2024,22-08-2024,BE-12770,Distributor,Low,PROD-MOB-86,Mobile,Alpha Lite,150.0,349.0,CUST-729,Customer 729,Consumer,Brazil,LATAM,Sao Paulo,7,2443.0,5.0%,122.15,2320.85,1050.00,1270.85,54.8%,16.76,Standard,Delivered,5
13-08-2024,15-08-2024,BE-12771,Online,Low,PROD-SMA-80,Smart Home,Beacon Camera,35.0,99.0,CUST-501,Customer 501,Education,Mexico,LATAM,Mexico City,13,1287.0,20.0%,257.40,1029.60,455.00,574.60,55.8%,41.13,Standard,Delivered,5
14-02-2024,16-02-2024,BE-12772,Distributor,High,PROD-COM-52,Computing,Apex Desktop,750.0,1599.0,CUST-187,Customer 187,Consumer,Australia,APAC,Sydney,9,14391.0,5.0%,719.55,13671.45,6750.00,6921.45,50.6%,31.63,Overnight,Returned,5
13-11-2025,15-11-2025,BE-12773,Online,Medium,PROD-AUD-80,Audio,Aero Headphones,80.0,199.0,CUST-651,Customer 651,Corporate,UK,EMEA,London,1,199.0,5.0%,9.95,189.05,80.00,109.05,57.7%,3.54,Overnight,Delivered,4
06-12-2024,10-12-2024,BE-12774,Distributor,Low,PROD-AUD-96,Audio,Wave Soundbar,110.0,299.0,CUST-945,Customer 945,Corporate,USA,NA,Los Angeles,13,3887.0,0.0%,0.00,3887.00,1430.00,2457.00,63.2%,49.58,Express,Delivered,4
22-10-2024,23-10-2024,BE-12775,Distributor,Medium,PROD-AUD-69,Audio,NeoBuds Pro,45.0,120.0,CUST-474,Customer 474,Corporate,USA,NA,New York,13,1560.0,20.0%,312.00,1248.00,585.00,663.00,53.1%,62.89,Express,Delivered,5
13-03-2024,16-03-2024,BE-12776,Distributor,Medium,PROD-MOB-72,Mobile,Alpha Lite,150.0,349.0,CUST-464,Customer 464,Corporate,USA,NA,New York,1,349.0,0.0%,0.00,349.00,150.00,199.00,57.0%,4.92,Express,Delivered,5
05-10-2024,07-10-2024,BE-12777,In-Store,Medium,PROD-MOB-78,Mobile,Alpha Lite,150.0,349.0,CUST-396,Customer 396,Consumer,Japan,APAC,Tokyo,1,349.0,5.0%,17.45,331.55,150.00,181.55,54.8%,4.78,Express,Delayed,2
16-10-2024,23-10-2024,BE-12778,Online,Medium,PROD-MOB-62,Mobile,Quantum Phone X,400.0,899.0,CUST-204,Customer 204,Corporate,Germany,EMEA,Berlin,3,2697.0,5.0%,134.85,2562.15,1200.00,1362.15,53.2%,14.83,Standard,Delivered,3
27-04-2024,30-04-2024,BE-12779,In-Store,Medium,PROD-AUD-36,Audio,NeoBuds Pro,45.0,120.0,CUST-623,Customer 623,Corporate,Canada,NA,Toronto,14,1680.0,0.0%,0.00,1680.00,630.00,1050.00,62.5%,49.60,Standard,Delivered,5
14-08-2024,17-08-2024,BE-12780,In-Store,Medium,PROD-COM-26,Computing,Apex Desktop,750.0,1599.0,CUST-850,Customer 850,Consumer,Australia,APAC,Sydney,1,1599.0,0.0%,0.00,1599.00,750.00,849.00,53.1%,2.12,Standard,Delivered,3
07-10-2024,10-10-2024,BE-12781,In-Store,Critical,PROD-COM-32,Computing,Pro Monitor 27,120.0,279.0,CUST-875,Customer 875,Education,Germany,EMEA,Berlin,7,1953.0,0.0%,0.00,1953.00,840.00,1113.00,57.0%,16.76,Overnight,Delivered,5
17-06-2026,20-06-2026,BE-12782,Distributor,Medium,PROD-MOB-52,Mobile,Quantum Phone X,400.0,899.0,CUST-269,Customer 269,Education,India,APAC,Mumbai,14,12586.0,0.0%,0.00,12586.00,5600.00,6986.00,55.5%,52.04,Express,Delivered,4
04-05-2025,07-05-2025,BE-12783,Distributor,Medium,PROD-SMA-69,Smart Home,Beacon Camera,35.0,99.0,CUST-897,Customer 897,Consumer,Australia,APAC,Sydney,13,1287.0,0.0%,0.00,1287.00,455.00,832.00,64.7%,30.60,Overnight,Delivered,5
06-01-2024,13-01-2024,BE-12784,Online,Medium,PROD-MOB-38,Mobile,Quantum Phone X,400.0,899.0,CUST-876,Customer 876,Education,Australia,APAC,Sydney,10,8990.0,0.0%,0.00,8990.00,4000.00,4990.00,55.5%,34.80,Express,Delayed,1
06-10-2025,09-10-2025,BE-12785,Online,Low,PROD-AUD-74,Audio,Aero Headphones,80.0,199.0,CUST-351,Customer 351,Corporate,Germany,EMEA,Berlin,14,2786.0,10.0%,278.60,2507.40,1120.00,1387.40,55.3%,50.25,Standard,Delivered,5
21-12-2024,23-12-2024,BE-12786,Online,Medium,PROD-AUD-33,Audio,Wave Soundbar,110.0,299.0,CUST-992,Customer 992,Consumer,UK,EMEA,London,7,2093.0,0.0%,0.00,2093.00,770.00,1323.00,63.2%,22.22,Overnight,Delivered,3
02-05-2025,06-05-2025,BE-12787,Distributor,High,PROD-AUD-19,Audio,Aero Headphones,80.0,199.0,CUST-590,Customer 590,Consumer,Brazil,LATAM,Sao Paulo,5,995.0,0.0%,0.00,995.00,400.00,595.00,59.8%,18.88,Standard,Delivered,4
22-08-2025,24-08-2025,BE-12788,Distributor,High,PROD-WEA-86,Wearables,FitTrack Watch,50.0,149.0,CUST-907,Customer 907,Consumer,Japan,APAC,Tokyo,8,1192.0,10.0%,119.20,1072.80,400.00,672.80,62.7%,22.57,Standard,Delivered,4
08-03-2026,10-03-2026,BE-12789,In-Store,Medium,PROD-COM-12,Computing,Apex Desktop,750.0,1599.0,CUST-261,Customer 261,Corporate,USA,NA,Los Angeles,7,11193.0,5.0%,559.65,10633.35,5250.00,5383.35,50.6%,14.04,Overnight,Delivered,4
26-02-2026,28-02-2026,BE-12790,In-Store,High,PROD-SMA-23,Smart Home,Omni Speaker,25.0,69.0,CUST-353,Customer 353,Education,Japan,APAC,Tokyo,10,690.0,0.0%,0.00,690.00,250.00,440.00,63.8%,30.97,Standard,Delivered,1
31-08-2024,04-09-2024,BE-12791,Distributor,Medium,PROD-COM-44,Computing,Titan Laptop,600.0,1299.0,CUST-490,Customer 490,Education,Germany,EMEA,Berlin,14,18186.0,0.0%,0.00,18186.00,8400.00,9786.00,53.8%,57.69,Express,Delayed,5
04-11-2025,08-11-2025,BE-12792,Distributor,Critical,PROD-WEA-62,Wearables,FitTrack Watch,50.0,149.0,CUST-431,Customer 431,Education,Brazil,LATAM,Sao Paulo,7,1043.0,5.0%,52.15,990.85,350.00,640.85,64.7%,18.64,Standard,Delivered,4
19-03-2025,22-03-2025,BE-12793,Distributor,Medium,PROD-AUD-28,Audio,NeoBuds Pro,45.0,120.0,CUST-373,Customer 373,Education,France,EMEA,Paris,2,240.0,0.0%,0.00,240.00,90.00,150.00,62.5%,7.75,Overnight,Delivered,4
19-10-2025,20-10-2025,BE-12794,In-Store,Low,PROD-COM-30,Computing,Pro Monitor 27,120.0,279.0,CUST-901,Customer 901,Consumer,India,APAC,Mumbai,9,2511.0,5.0%,125.55,2385.45,1080.00,1305.45,54.7%,35.89,Express,Delivered,4
30-07-2024,03-08-2024,BE-12795,Distributor,Critical,PROD-WEA-53,Wearables,Aura Smart Ring,70.0,199.0,CUST-121,Customer 121,Corporate,Brazil,LATAM,Sao Paulo,11,2189.0,5.0%,109.45,2079.55,770.00,1309.55,63.0%,48.51,Overnight,Delivered,4
14-01-2024,18-01-2024,BE-12796,Distributor,Medium,PROD-COM-78,Computing,Apex Desktop,750.0,1599.0,CUST-287,Customer 287,Consumer,Mexico,LATAM,Mexico City,5,7995.0,0.0%,0.00,7995.00,3750.00,4245.00,53.1%,16.92,Overnight,Delivered,3
07-04-2025,11-04-2025,BE-12797,Distributor,Low,PROD-WEA-11,Wearables,Aura Smart Ring,70.0,199.0,CUST-891,Customer 891,Corporate,France,EMEA,Paris,3,597.0,15.0%,89.55,507.45,210.00,297.45,58.6%,13.56,Express,Delivered,4
07-05-2026,13-05-2026,BE-12798,In-Store,Medium,PROD-MOB-35,Mobile,Quantum Phone X,400.0,899.0,CUST-483,Customer 483,Corporate,Mexico,LATAM,Mexico City,11,9889.0,0.0%,0.00,9889.00,4400.00,5489.00,55.5%,44.82,Overnight,Delivered,3
19-07-2025,26-07-2025,BE-12799,In-Store,Medium,PROD-AUD-73,Audio,Aero Headphones,80.0,199.0,CUST-475,Customer 475,Corporate,Germany,EMEA,Berlin,3,597.0,0.0%,0.00,597.00,240.00,357.00,59.8%,7.88,Express,Delayed,1
24-11-2025,26-11-2025,BE-12800,Distributor,High,PROD-SMA-50,Smart Home,Omni Speaker,25.0,69.0,CUST-506,Customer 506,Education,Japan,APAC,Tokyo,12,828.0,0.0%,0.00,828.00,300.00,528.00,63.8%,26.00,Standard,Delivered,3
06-07-2024,11-07-2024,BE-12801,In-Store,Medium,PROD-COM-44,Computing,Pro Monitor 27,120.0,279.0,CUST-153,Customer 153,Consumer,Mexico,LATAM,Mexico City,12,3348.0,10.0%,334.80,3013.20,1440.00,1573.20,52.2%,44.09,Overnight,Delivered,5
14-04-2024,17-04-2024,BE-12802,Distributor,Critical,PROD-AUD-57,Audio,NeoBuds Pro,45.0,120.0,CUST-251,Customer 251,Education,Australia,APAC,Sydney,5,600.0,0.0%,0.00,600.00,225.00,375.00,62.5%,14.54,Express,Delivered,4
17-04-2024,20-04-2024,BE-12803,In-Store,Low,PROD-COM-92,Computing,Titan Laptop,600.0,1299.0,CUST-296,Customer 296,Consumer,USA,NA,New York,6,7794.0,0.0%,0.00,7794.00,3600.00,4194.00,53.8%,27.49,Express,Delivered,4
16-10-2024,19-10-2024,BE-12804,Online,Medium,PROD-SMA-69,Smart Home,Beacon Camera,35.0,99.0,CUST-295,Customer 295,Education,Brazil,LATAM,Sao Paulo,5,495.0,15.0%,74.25,420.75,175.00,245.75,58.4%,20.71,Express,Delayed,5
24-04-2026,28-04-2026,BE-12805,Online,Medium,PROD-AUD-96,Audio,Aero Headphones,80.0,199.0,CUST-571,Customer 571,Education,Brazil,LATAM,Sao Paulo,10,1990.0,15.0%,298.50,1691.50,800.00,891.50,52.7%,39.45,Express,Delayed,4
16-10-2024,21-10-2024,BE-12806,Online,Low,PROD-COM-31,Computing,Titan Laptop,600.0,1299.0,CUST-722,Customer 722,Corporate,USA,NA,New York,7,9093.0,0.0%,0.00,9093.00,4200.00,4893.00,53.8%,15.20,Standard,Delivered,4
23-02-2026,25-02-2026,BE-12807,Online,High,PROD-AUD-75,Audio,Aero Headphones,80.0,199.0,CUST-497,Customer 497,Corporate,Brazil,LATAM,Sao Paulo,13,2587.0,0.0%,0.00,2587.00,1040.00,1547.00,59.8%,53.99,Standard,Delivered,4
20-02-2025,23-02-2025,BE-12808,Distributor,Medium,PROD-WEA-88,Wearables,Aura Smart Ring,70.0,199.0,CUST-334,Customer 334,Corporate,Australia,APAC,Sydney,14,2786.0,15.0%,417.90,2368.10,980.00,1388.10,58.6%,47.42,Express,Delivered,4
03-01-2024,06-01-2024,BE-12809,In-Store,High,PROD-SMA-22,Smart Home,Omni Speaker,25.0,69.0,CUST-790,Customer 790,Corporate,France,EMEA,Paris,12,828.0,15.0%,124.20,703.80,300.00,403.80,57.4%,28.37,Express,Delivered,4
27-05-2024,31-05-2024,BE-12810,In-Store,Medium,PROD-AUD-74,Audio,NeoBuds Pro,45.0,120.0,CUST-966,Customer 966,Consumer,UK,EMEA,London,13,1560.0,0.0%,0.00,1560.00,585.00,975.00,62.5%,52.08,Overnight,Delivered,5
27-03-2026,31-03-2026,BE-12811,Distributor,Critical,PROD-SMA-35,Smart Home,Omni Speaker,25.0,69.0,CUST-780,Customer 780,Education,USA,NA,New York,1,69.0,0.0%,0.00,69.00,25.00,44.00,63.8%,2.70,Standard,Delivered,5
14-03-2026,16-03-2026,BE-12812,Online,High,PROD-AUD-13,Audio,Aero Headphones,80.0,199.0,CUST-870,Customer 870,Corporate,India,APAC,Mumbai,5,995.0,0.0%,0.00,995.00,400.00,595.00,59.8%,19.60,Standard,Delivered,3
19-10-2025,20-10-2025,BE-12813,Distributor,High,PROD-WEA-39,Wearables,Aura Smart Ring,70.0,199.0,CUST-161,Customer 161,Corporate,France,EMEA,Paris,4,796.0,0.0%,0.00,796.00,280.00,516.00,64.8%,15.14,Express,Delivered,3
25-05-2025,28-05-2025,BE-12814,Online,Medium,PROD-WEA-22,Wearables,FitTrack Watch,50.0,149.0,CUST-238,Customer 238,Education,Germany,EMEA,Berlin,3,447.0,10.0%,44.70,402.30,150.00,252.30,62.7%,10.34,Overnight,Delivered,2
17-12-2024,21-12-2024,BE-12815,Online,Medium,PROD-AUD-95,Audio,Aero Headphones,80.0,199.0,CUST-375,Customer 375,Corporate,USA,NA,New York,8,1592.0,0.0%,0.00,1592.00,640.00,952.00,59.8%,30.18,Express,Delivered,1
01-10-2025,08-10-2025,BE-12816,Distributor,High,PROD-WEA-52,Wearables,Aura Smart Ring,70.0,199.0,CUST-319,Customer 319,Education,Mexico,LATAM,Mexico City,12,2388.0,0.0%,0.00,2388.00,840.00,1548.00,64.8%,39.03,Overnight,Delivered,5
21-08-2024,23-08-2024,BE-12817,Distributor,Medium,PROD-COM-81,Computing,Pro Monitor 27,120.0,279.0,CUST-797,Customer 797,Consumer,France,EMEA,Paris,10,2790.0,10.0%,279.00,2511.00,1200.00,1311.00,52.2%,41.02,Express,Delivered,3
11-06-2026,14-06-2026,BE-12818,Distributor,Medium,PROD-WEA-29,Wearables,Aura Smart Ring,70.0,199.0,CUST-111,Customer 111,Education,UK,EMEA,London,5,995.0,0.0%,0.00,995.00,350.00,645.00,64.8%,15.91,Express,Delivered,4
25-10-2024,27-10-2024,BE-12819,In-Store,Low,PROD-COM-58,Computing,Pro Monitor 27,120.0,279.0,CUST-402,Customer 402,Education,USA,NA,New York,9,2511.0,15.0%,376.65,2134.35,1080.00,1054.35,49.4%,29.70,Standard,Delivered,5
08-02-2024,12-02-2024,BE-12820,Online,Medium,PROD-COM-19,Computing,Apex Desktop,750.0,1599.0,CUST-920,Customer 920,Consumer,USA,NA,New York,14,22386.0,5.0%,1119.30,21266.70,10500.00,10766.70,50.6%,59.48,Express,Delivered,2
25-01-2025,26-01-2025,BE-12821,Online,High,PROD-COM-64,Computing,Apex Desktop,750.0,1599.0,CUST-898,Customer 898,Consumer,Canada,NA,Toronto,10,15990.0,15.0%,2398.50,13591.50,7500.00,6091.50,44.8%,38.14,Standard,Delivered,4
26-09-2024,01-10-2024,BE-12822,Online,Medium,PROD-COM-76,Computing,Pro Monitor 27,120.0,279.0,CUST-801,Customer 801,Education,Germany,EMEA,Berlin,2,558.0,0.0%,0.00,558.00,240.00,318.00,57.0%,9.28,Express,Delivered,2
15-03-2026,17-03-2026,BE-12823,In-Store,Low,PROD-COM-85,Computing,Titan Laptop,600.0,1299.0,CUST-841,Customer 841,Education,Mexico,LATAM,Mexico City,14,18186.0,5.0%,909.30,17276.70,8400.00,8876.70,51.4%,42.38,Overnight,Delivered,4
28-06-2025,04-07-2025,BE-12824,Online,Critical,PROD-MOB-30,Mobile,Alpha Lite,150.0,349.0,CUST-723,Customer 723,Corporate,UK,EMEA,London,13,4537.0,10.0%,453.70,4083.30,1950.00,2133.30,52.2%,27.37,Overnight,Delivered,3
21-09-2025,24-09-2025,BE-12825,Online,High,PROD-MOB-94,Mobile,Alpha Lite,150.0,349.0,CUST-666,Customer 666,Consumer,India,APAC,Mumbai,12,4188.0,20.0%,837.60,3350.40,1800.00,1550.40,46.3%,53.28,Overnight,Returned,4
11-09-2025,15-09-2025,BE-12826,In-Store,Medium,PROD-COM-32,Computing,Pro Monitor 27,120.0,279.0,CUST-253,Customer 253,Education,Australia,APAC,Sydney,10,2790.0,0.0%,0.00,2790.00,1200.00,1590.00,57.0%,29.90,Express,Delivered,3
15-08-2025,18-08-2025,BE-12827,In-Store,Low,PROD-AUD-65,Audio,Aero Headphones,80.0,199.0,CUST-784,Customer 784,Education,UK,EMEA,London,6,1194.0,0.0%,0.00,1194.00,480.00,714.00,59.8%,23.11,Overnight,Delivered,5
17-08-2024,20-08-2024,BE-12828,In-Store,Medium,PROD-SMA-37,Smart Home,Omni Speaker,25.0,69.0,CUST-433,Customer 433,Education,France,EMEA,Paris,5,345.0,0.0%,0.00,345.00,125.00,220.00,63.8%,16.37,Standard,Delivered,5
26-03-2024,28-03-2024,BE-12829,Distributor,High,PROD-WEA-13,Wearables,FitTrack Watch,50.0,149.0,CUST-938,Customer 938,Education,France,EMEA,Paris,5,745.0,10.0%,74.50,670.50,250.00,420.50,62.7%,14.31,Standard,Delivered,4
17-02-2025,20-02-2025,BE-12830,Distributor,Medium,PROD-AUD-89,Audio,Aero Headphones,80.0,199.0,CUST-676,Customer 676,Consumer,Japan,APAC,Tokyo,7,1393.0,5.0%,69.65,1323.35,560.00,763.35,57.7%,16.05,Overnight,Delivered,5
25-07-2025,29-07-2025,BE-12831,Distributor,High,PROD-COM-95,Computing,Apex Desktop,750.0,1599.0,CUST-605,Customer 605,Consumer,UK,EMEA,London,4,6396.0,0.0%,0.00,6396.00,3000.00,3396.00,53.1%,12.28,Express,Delivered,5
03-09-2024,07-09-2024,BE-12832,Online,Medium,PROD-MOB-37,Mobile,Quantum Phone X,400.0,899.0,CUST-490,Customer 490,Education,UK,EMEA,London,9,8091.0,0.0%,0.00,8091.00,3600.00,4491.00,55.5%,30.00,Standard,Delayed,1
22-04-2025,25-04-2025,BE-12833,Online,Medium,PROD-AUD-54,Audio,Wave Soundbar,110.0,299.0,CUST-800,Customer 800,Education,Germany,EMEA,Berlin,13,3887.0,15.0%,583.05,3303.95,1430.00,1873.95,56.7%,36.30,Standard,Delivered,2
24-03-2025,30-03-2025,BE-12834,In-Store,Medium,PROD-SMA-47,Smart Home,Omni Speaker,25.0,69.0,CUST-172,Customer 172,Consumer,India,APAC,Mumbai,5,345.0,15.0%,51.75,293.25,125.00,168.25,57.4%,20.17,Overnight,Delivered,4
31-12-2024,05-01-2025,BE-12835,Distributor,Medium,PROD-COM-70,Computing,Pro Monitor 27,120.0,279.0,CUST-537,Customer 537,Education,Australia,APAC,Sydney,4,1116.0,5.0%,55.80,1060.20,480.00,580.20,54.7%,13.21,Standard,Delivered,4
23-04-2025,25-04-2025,BE-12836,In-Store,Medium,PROD-AUD-94,Audio,Aero Headphones,80.0,199.0,CUST-544,Customer 544,Consumer,India,APAC,Mumbai,1,199.0,10.0%,19.90,179.10,80.00,99.10,55.3%,2.15,Overnight,Delivered,3
28-12-2024,31-12-2024,BE-12837,Online,Medium,PROD-MOB-30,Mobile,Quantum Phone X,400.0,899.0,CUST-823,Customer 823,Consumer,Germany,EMEA,Berlin,1,899.0,5.0%,44.95,854.05,400.00,454.05,53.2%,3.17,Express,Delivered,3
21-04-2024,24-04-2024,BE-12838,Online,High,PROD-SMA-17,Smart Home,Beacon Camera,35.0,99.0,CUST-391,Customer 391,Education,Mexico,LATAM,Mexico City,3,297.0,5.0%,14.85,282.15,105.00,177.15,62.8%,14.58,Express,Delivered,3
10-09-2025,11-09-2025,BE-12839,Online,Medium,PROD-AUD-12,Audio,Wave Soundbar,110.0,299.0,CUST-700,Customer 700,Corporate,USA,NA,Los Angeles,5,1495.0,0.0%,0.00,1495.00,550.00,945.00,63.2%,18.12,Overnight,Delivered,3
25-01-2024,28-01-2024,BE-12840,Distributor,Medium,PROD-SMA-54,Smart Home,Beacon Camera,35.0,99.0,CUST-754,Customer 754,Corporate,India,APAC,Mumbai,14,1386.0,5.0%,69.30,1316.70,490.00,826.70,62.8%,45.51,Standard,Delivered,2
24-06-2025,26-06-2025,BE-12841,Online,Low,PROD-COM-84,Computing,Apex Desktop,750.0,1599.0,CUST-595,Customer 595,Corporate,UK,EMEA,London,14,22386.0,0.0%,0.00,22386.00,10500.00,11886.00,53.1%,36.87,Overnight,Delivered,5
02-07-2024,04-07-2024,BE-12842,In-Store,Medium,PROD-WEA-32,Wearables,Aura Smart Ring,70.0,199.0,CUST-960,Customer 960,Corporate,Brazil,LATAM,Sao Paulo,13,2587.0,5.0%,129.35,2457.65,910.00,1547.65,63.0%,35.51,Express,Delayed,5
14-05-2026,17-05-2026,BE-12843,In-Store,Low,PROD-MOB-32,Mobile,Quantum Phone X,400.0,899.0,CUST-311,Customer 311,Consumer,Germany,EMEA,Berlin,12,10788.0,5.0%,539.40,10248.60,4800.00,5448.60,53.2%,52.65,Overnight,Delivered,5
18-11-2025,23-11-2025,BE-12844,In-Store,High,PROD-COM-93,Computing,Pro Monitor 27,120.0,279.0,CUST-940,Customer 940,Corporate,UK,EMEA,London,11,3069.0,0.0%,0.00,3069.00,1320.00,1749.00,57.0%,33.75,Overnight,Delivered,5
26-12-2025,28-12-2025,BE-12845,Online,Medium,PROD-MOB-91,Mobile,Alpha Lite,150.0,349.0,CUST-651,Customer 651,Corporate,UK,EMEA,London,8,2792.0,0.0%,0.00,2792.00,1200.00,1592.00,57.0%,36.21,Express,Delivered,3
20-09-2024,21-09-2024,BE-12846,Online,Medium,PROD-MOB-96,Mobile,Quantum Phone X,400.0,899.0,CUST-230,Customer 230,Corporate,Germany,EMEA,Berlin,13,11687.0,0.0%,0.00,11687.00,5200.00,6487.00,55.5%,38.15,Standard,Delivered,5
09-11-2025,15-11-2025,BE-12847,Online,High,PROD-SMA-56,Smart Home,Omni Speaker,25.0,69.0,CUST-375,Customer 375,Corporate,Canada,NA,Toronto,14,966.0,0.0%,0.00,966.00,350.00,616.00,63.8%,38.06,Standard,Delayed,5
16-05-2026,19-05-2026,BE-12848,In-Store,Low,PROD-MOB-60,Mobile,Alpha Lite,150.0,349.0,CUST-369,Customer 369,Consumer,India,APAC,Mumbai,4,1396.0,0.0%,0.00,1396.00,600.00,796.00,57.0%,15.90,Overnight,Delivered,5
17-02-2026,21-02-2026,BE-12849,Distributor,Medium,PROD-SMA-71,Smart Home,Beacon Camera,35.0,99.0,CUST-399,Customer 399,Education,USA,NA,Los Angeles,14,1386.0,0.0%,0.00,1386.00,490.00,896.00,64.7%,36.38,Overnight,Delivered,3
06-01-2025,10-01-2025,BE-12850,In-Store,Low,PROD-WEA-92,Wearables,Aura Smart Ring,70.0,199.0,CUST-184,Customer 184,Consumer,USA,NA,Los Angeles,7,1393.0,0.0%,0.00,1393.00,490.00,903.00,64.8%,21.94,Express,Delivered,5
18-05-2026,25-05-2026,BE-12851,In-Store,Medium,PROD-AUD-39,Audio,NeoBuds Pro,45.0,120.0,CUST-547,Customer 547,Consumer,Germany,EMEA,Berlin,5,600.0,0.0%,0.00,600.00,225.00,375.00,62.5%,15.96,Standard,Returned,5
28-07-2025,01-08-2025,BE-12852,Online,Medium,PROD-MOB-19,Mobile,Quantum Phone X,400.0,899.0,CUST-697,Customer 697,Education,Germany,EMEA,Berlin,10,8990.0,5.0%,449.50,8540.50,4000.00,4540.50,53.2%,34.17,Overnight,Delivered,3
21-10-2025,23-10-2025,BE-12853,Online,Medium,PROD-MOB-20,Mobile,Alpha Lite,150.0,349.0,CUST-355,Customer 355,Corporate,Mexico,LATAM,Mexico City,9,3141.0,0.0%,0.00,3141.00,1350.00,1791.00,57.0%,33.80,Overnight,Delivered,4
10-03-2024,12-03-2024,BE-12854,Online,Medium,PROD-WEA-68,Wearables,Aura Smart Ring,70.0,199.0,CUST-205,Customer 205,Education,Mexico,LATAM,Mexico City,14,2786.0,0.0%,0.00,2786.00,980.00,1806.00,64.8%,46.70,Standard,Delayed,5
13-04-2026,17-04-2026,BE-12855,In-Store,Low,PROD-WEA-19,Wearables,Aura Smart Ring,70.0,199.0,CUST-677,Customer 677,Consumer,Brazil,LATAM,Sao Paulo,5,995.0,15.0%,149.25,845.75,350.00,495.75,58.6%,13.17,Overnight,Delivered,4
12-03-2025,17-03-2025,BE-12856,Online,Medium,PROD-MOB-45,Mobile,Alpha Lite,150.0,349.0,CUST-870,Customer 870,Consumer,Japan,APAC,Tokyo,1,349.0,10.0%,34.90,314.10,150.00,164.10,52.2%,4.56,Overnight,Delivered,4
26-10-2024,30-10-2024,BE-12857,In-Store,Medium,PROD-COM-37,Computing,Titan Laptop,600.0,1299.0,CUST-319,Customer 319,Corporate,Brazil,LATAM,Sao Paulo,12,15588.0,20.0%,3117.60,12470.40,7200.00,5270.40,42.3%,43.16,Standard,Delivered,4
06-06-2025,08-06-2025,BE-12858,In-Store,Medium,PROD-WEA-11,Wearables,FitTrack Watch,50.0,149.0,CUST-620,Customer 620,Consumer,Canada,NA,Toronto,13,1937.0,15.0%,290.55,1646.45,650.00,996.45,60.5%,61.21,Standard,Delivered,5
27-05-2025,30-05-2025,BE-12859,In-Store,Medium,PROD-AUD-56,Audio,Aero Headphones,80.0,199.0,CUST-994,Customer 994,Consumer,Japan,APAC,Tokyo,5,995.0,0.0%,0.00,995.00,400.00,595.00,59.8%,14.80,Overnight,Delivered,1
22-10-2025,26-10-2025,BE-12860,Distributor,Medium,PROD-WEA-16,Wearables,Aura Smart Ring,70.0,199.0,CUST-567,Customer 567,Consumer,Brazil,LATAM,Sao Paulo,13,2587.0,0.0%,0.00,2587.00,910.00,1677.00,64.8%,33.33,Standard,Delivered,4
08-08-2024,12-08-2024,BE-12861,Online,High,PROD-WEA-74,Wearables,FitTrack Watch,50.0,149.0,CUST-203,Customer 203,Corporate,Japan,APAC,Tokyo,1,149.0,0.0%,0.00,149.00,50.00,99.00,66.4%,2.68,Standard,Delivered,5
09-03-2026,14-03-2026,BE-12862,Distributor,Medium,PROD-AUD-46,Audio,Wave Soundbar,110.0,299.0,CUST-872,Customer 872,Consumer,Japan,APAC,Tokyo,8,2392.0,5.0%,119.60,2272.40,880.00,1392.40,61.3%,37.25,Standard,Delivered,4
06-04-2025,10-04-2025,BE-12863,Online,High,PROD-AUD-22,Audio,NeoBuds Pro,45.0,120.0,CUST-791,Customer 791,Consumer,Japan,APAC,Tokyo,8,960.0,0.0%,0.00,960.00,360.00,600.00,62.5%,23.21,Overnight,Delivered,4
21-03-2025,25-03-2025,BE-12864,In-Store,High,PROD-AUD-51,Audio,Aero Headphones,80.0,199.0,CUST-439,Customer 439,Consumer,USA,NA,Los Angeles,8,1592.0,0.0%,0.00,1592.00,640.00,952.00,59.8%,29.19,Standard,Delivered,3
17-01-2025,20-01-2025,BE-12865,Distributor,Medium,PROD-WEA-67,Wearables,Aura Smart Ring,70.0,199.0,CUST-533,Customer 533,Consumer,Mexico,LATAM,Mexico City,10,1990.0,10.0%,199.00,1791.00,700.00,1091.00,60.9%,31.01,Standard,Delivered,4
25-12-2024,01-01-2025,BE-12866,In-Store,Low,PROD-MOB-89,Mobile,Quantum Phone X,400.0,899.0,CUST-978,Customer 978,Education,USA,NA,New York,12,10788.0,0.0%,0.00,10788.00,4800.00,5988.00,55.5%,38.10,Standard,Delivered,5
21-12-2025,27-12-2025,BE-12867,Online,Medium,PROD-WEA-87,Wearables,Aura Smart Ring,70.0,199.0,CUST-797,Customer 797,Consumer,Mexico,LATAM,Mexico City,2,398.0,10.0%,39.80,358.20,140.00,218.20,60.9%,4.82,Standard,Returned,2
18-09-2025,22-09-2025,BE-12868,Distributor,Critical,PROD-COM-30,Computing,Apex Desktop,750.0,1599.0,CUST-201,Customer 201,Consumer,USA,NA,New York,10,15990.0,0.0%,0.00,15990.00,7500.00,8490.00,53.1%,21.46,Overnight,Delivered,5
13-08-2025,18-08-2025,BE-12869,Online,High,PROD-COM-40,Computing,Apex Desktop,750.0,1599.0,CUST-303,Customer 303,Education,Brazil,LATAM,Sao Paulo,9,14391.0,0.0%,0.00,14391.00,6750.00,7641.00,53.1%,39.93,Overnight,Delivered,5
22-12-2024,23-12-2024,BE-12870,In-Store,Medium,PROD-WEA-72,Wearables,Aura Smart Ring,70.0,199.0,CUST-504,Customer 504,Corporate,Canada,NA,Toronto,3,597.0,20.0%,119.40,477.60,210.00,267.60,56.0%,10.10,Overnight,Delivered,4
21-06-2025,24-06-2025,BE-12871,In-Store,Medium,PROD-AUD-87,Audio,Wave Soundbar,110.0,299.0,CUST-986,Customer 986,Education,UK,EMEA,London,7,2093.0,0.0%,0.00,2093.00,770.00,1323.00,63.2%,15.13,Standard,Delivered,1
01-09-2025,04-09-2025,BE-12872,Online,Low,PROD-SMA-31,Smart Home,Omni Speaker,25.0,69.0,CUST-986,Customer 986,Consumer,Japan,APAC,Tokyo,2,138.0,0.0%,0.00,138.00,50.00,88.00,63.8%,7.99,Overnight,Delayed,3
28-05-2026,31-05-2026,BE-12873,In-Store,Medium,PROD-COM-48,Computing,Titan Laptop,600.0,1299.0,CUST-667,Customer 667,Corporate,France,EMEA,Paris,13,16887.0,0.0%,0.00,16887.00,7800.00,9087.00,53.8%,38.88,Overnight,Returned,4
13-04-2024,17-04-2024,BE-12874,Online,Medium,PROD-SMA-37,Smart Home,Beacon Camera,35.0,99.0,CUST-384,Customer 384,Consumer,Mexico,LATAM,Mexico City,10,990.0,10.0%,99.00,891.00,350.00,541.00,60.7%,24.37,Standard,Delivered,4
05-07-2024,09-07-2024,BE-12875,Distributor,Medium,PROD-MOB-36,Mobile,Alpha Lite,150.0,349.0,CUST-259,Customer 259,Education,India,APAC,Mumbai,14,4886.0,10.0%,488.60,4397.40,2100.00,2297.40,52.2%,41.22,Overnight,Delivered,1
26-02-2025,28-02-2025,BE-12876,In-Store,High,PROD-SMA-11,Smart Home,Beacon Camera,35.0,99.0,CUST-796,Customer 796,Corporate,Australia,APAC,Sydney,2,198.0,10.0%,19.80,178.20,70.00,108.20,60.7%,4.37,Express,Delivered,3
19-07-2025,22-07-2025,BE-12877,Online,Medium,PROD-COM-40,Computing,Pro Monitor 27,120.0,279.0,CUST-204,Customer 204,Consumer,India,APAC,Mumbai,6,1674.0,0.0%,0.00,1674.00,720.00,954.00,57.0%,18.19,Standard,Delivered,4
04-03-2024,07-03-2024,BE-12878,In-Store,Medium,PROD-COM-74,Computing,Titan Laptop,600.0,1299.0,CUST-492,Customer 492,Education,Brazil,LATAM,Sao Paulo,11,14289.0,0.0%,0.00,14289.00,6600.00,7689.00,53.8%,35.46,Standard,Delivered,4
18-01-2026,21-01-2026,BE-12879,Online,Low,PROD-COM-35,Computing,Titan Laptop,600.0,1299.0,CUST-617,Customer 617,Consumer,USA,NA,Los Angeles,7,9093.0,0.0%,0.00,9093.00,4200.00,4893.00,53.8%,15.06,Express,Delivered,5
14-04-2025,21-04-2025,BE-12880,In-Store,High,PROD-MOB-38,Mobile,Alpha Lite,150.0,349.0,CUST-956,Customer 956,Corporate,Mexico,LATAM,Mexico City,4,1396.0,0.0%,0.00,1396.00,600.00,796.00,57.0%,19.13,Overnight,Delivered,3
28-08-2025,02-09-2025,BE-12881,Distributor,Medium,PROD-AUD-46,Audio,NeoBuds Pro,45.0,120.0,CUST-276,Customer 276,Corporate,Mexico,LATAM,Mexico City,14,1680.0,15.0%,252.00,1428.00,630.00,798.00,55.9%,55.84,Standard,Delivered,5
08-03-2026,11-03-2026,BE-12882,In-Store,Critical,PROD-SMA-36,Smart Home,Omni Speaker,25.0,69.0,CUST-355,Customer 355,Corporate,Brazil,LATAM,Sao Paulo,4,276.0,0.0%,0.00,276.00,100.00,176.00,63.8%,8.40,Express,Delivered,4
17-07-2024,20-07-2024,BE-12883,Distributor,Medium,PROD-WEA-52,Wearables,Aura Smart Ring,70.0,199.0,CUST-599,Customer 599,Education,India,APAC,Mumbai,12,2388.0,0.0%,0.00,2388.00,840.00,1548.00,64.8%,44.07,Overnight,Delivered,4
02-01-2026,07-01-2026,BE-12884,Distributor,Medium,PROD-SMA-30,Smart Home,Omni Speaker,25.0,69.0,CUST-924,Customer 924,Education,Australia,APAC,Sydney,8,552.0,15.0%,82.80,469.20,200.00,269.20,57.4%,24.66,Standard,Delayed,5
02-01-2025,06-01-2025,BE-12885,In-Store,Low,PROD-MOB-95,Mobile,Quantum Phone X,400.0,899.0,CUST-812,Customer 812,Consumer,Australia,APAC,Sydney,5,4495.0,5.0%,224.75,4270.25,2000.00,2270.25,53.2%,24.51,Express,Delivered,4
10-04-2025,13-04-2025,BE-12886,Distributor,Medium,PROD-AUD-31,Audio,Aero Headphones,80.0,199.0,CUST-402,Customer 402,Corporate,Brazil,LATAM,Sao Paulo,1,199.0,5.0%,9.95,189.05,80.00,109.05,57.7%,2.31,Overnight,Delivered,3
12-06-2024,16-06-2024,BE-12887,Distributor,Medium,PROD-MOB-23,Mobile,Quantum Phone X,400.0,899.0,CUST-296,Customer 296,Consumer,Japan,APAC,Tokyo,3,2697.0,10.0%,269.70,2427.30,1200.00,1227.30,50.6%,11.09,Express,Delivered,4
14-09-2024,16-09-2024,BE-12888,In-Store,Medium,PROD-SMA-91,Smart Home,Beacon Camera,35.0,99.0,CUST-463,Customer 463,Corporate,Germany,EMEA,Berlin,7,693.0,15.0%,103.95,589.05,245.00,344.05,58.4%,18.43,Overnight,Delivered,3
26-03-2026,01-04-2026,BE-12889,Online,High,PROD-AUD-79,Audio,Aero Headphones,80.0,199.0,CUST-820,Customer 820,Corporate,Germany,EMEA,Berlin,14,2786.0,0.0%,0.00,2786.00,1120.00,1666.00,59.8%,28.09,Standard,Delivered,5
03-12-2025,06-12-2025,BE-12890,Distributor,Medium,PROD-COM-47,Computing,Pro Monitor 27,120.0,279.0,CUST-124,Customer 124,Education,Germany,EMEA,Berlin,1,279.0,15.0%,41.85,237.15,120.00,117.15,49.4%,3.33,Overnight,Delivered,1
03-08-2024,05-08-2024,BE-12891,Distributor,Medium,PROD-WEA-97,Wearables,Aura Smart Ring,70.0,199.0,CUST-758,Customer 758,Corporate,Brazil,LATAM,Sao Paulo,8,1592.0,0.0%,0.00,1592.00,560.00,1032.00,64.8%,18.45,Express,Delivered,2
11-09-2024,13-09-2024,BE-12892,In-Store,Low,PROD-AUD-19,Audio,Wave Soundbar,110.0,299.0,CUST-771,Customer 771,Consumer,Brazil,LATAM,Sao Paulo,1,299.0,0.0%,0.00,299.00,110.00,189.00,63.2%,2.02,Standard,Delivered,4
03-03-2025,08-03-2025,BE-12893,Online,High,PROD-MOB-21,Mobile,Alpha Lite,150.0,349.0,CUST-654,Customer 654,Consumer,Mexico,LATAM,Mexico City,14,4886.0,10.0%,488.60,4397.40,2100.00,2297.40,52.2%,28.51,Express,Delivered,1
06-06-2024,08-06-2024,BE-12894,Online,High,PROD-SMA-93,Smart Home,Omni Speaker,25.0,69.0,CUST-303,Customer 303,Corporate,Brazil,LATAM,Sao Paulo,8,552.0,0.0%,0.00,552.00,200.00,352.00,63.8%,20.49,Standard,Delivered,4
11-07-2024,15-07-2024,BE-12895,In-Store,Critical,PROD-SMA-92,Smart Home,Beacon Camera,35.0,99.0,CUST-806,Customer 806,Consumer,India,APAC,Mumbai,7,693.0,15.0%,103.95,589.05,245.00,344.05,58.4%,30.66,Overnight,Delivered,3
14-02-2026,15-02-2026,BE-12896,In-Store,Medium,PROD-SMA-57,Smart Home,Omni Speaker,25.0,69.0,CUST-142,Customer 142,Corporate,Brazil,LATAM,Sao Paulo,12,828.0,5.0%,41.40,786.60,300.00,486.60,61.9%,32.80,Standard,Delayed,3
14-03-2024,16-03-2024,BE-12897,Distributor,Medium,PROD-MOB-16,Mobile,Quantum Phone X,400.0,899.0,CUST-591,Customer 591,Education,USA,NA,New York,1,899.0,5.0%,44.95,854.05,400.00,454.05,53.2%,3.29,Standard,Delivered,4
24-09-2025,27-09-2025,BE-12898,Online,High,PROD-WEA-55,Wearables,FitTrack Watch,50.0,149.0,CUST-578,Customer 578,Corporate,Mexico,LATAM,Mexico City,4,596.0,5.0%,29.80,566.20,200.00,366.20,64.7%,17.55,Express,Delivered,4
01-01-2025,07-01-2025,BE-12899,Distributor,High,PROD-WEA-93,Wearables,Aura Smart Ring,70.0,199.0,CUST-816,Customer 816,Education,Canada,NA,Toronto,2,398.0,0.0%,0.00,398.00,140.00,258.00,64.8%,4.33,Express,Returned,5
13-12-2025,16-12-2025,BE-12900,Distributor,Medium,PROD-AUD-85,Audio,NeoBuds Pro,45.0,120.0,CUST-435,Customer 435,Consumer,Germany,EMEA,Berlin,10,1200.0,5.0%,60.00,1140.00,450.00,690.00,60.5%,42.53,Express,Delivered,2
29-01-2025,01-02-2025,BE-12901,In-Store,Critical,PROD-AUD-72,Audio,Wave Soundbar,110.0,299.0,CUST-815,Customer 815,Education,Australia,APAC,Sydney,13,3887.0,10.0%,388.70,3498.30,1430.00,2068.30,59.1%,51.14,Overnight,Delivered,4
19-07-2024,22-07-2024,BE-12902,Online,Medium,PROD-COM-95,Computing,Pro Monitor 27,120.0,279.0,CUST-164,Customer 164,Corporate,Brazil,LATAM,Sao Paulo,11,3069.0,15.0%,460.35,2608.65,1320.00,1288.65,49.4%,32.16,Overnight,Delivered,4
22-01-2024,23-01-2024,BE-12903,Distributor,Medium,PROD-WEA-46,Wearables,FitTrack Watch,50.0,149.0,CUST-616,Customer 616,Education,Canada,NA,Toronto,9,1341.0,0.0%,0.00,1341.00,450.00,891.00,66.4%,44.05,Overnight,Delivered,4
22-01-2026,26-01-2026,BE-12904,Distributor,Medium,PROD-WEA-40,Wearables,FitTrack Watch,50.0,149.0,CUST-833,Customer 833,Corporate,Mexico,LATAM,Mexico City,13,1937.0,0.0%,0.00,1937.00,650.00,1287.00,66.4%,35.68,Standard,Delivered,5
18-10-2024,19-10-2024,BE-12905,In-Store,High,PROD-AUD-71,Audio,Wave Soundbar,110.0,299.0,CUST-881,Customer 881,Corporate,Canada,NA,Toronto,3,897.0,0.0%,0.00,897.00,330.00,567.00,63.2%,6.21,Standard,Delivered,4
13-03-2026,14-03-2026,BE-12906,In-Store,High,PROD-SMA-47,Smart Home,Omni Speaker,25.0,69.0,CUST-450,Customer 450,Consumer,India,APAC,Mumbai,9,621.0,0.0%,0.00,621.00,225.00,396.00,63.8%,37.53,Overnight,Delivered,5
04-01-2025,07-01-2025,BE-12907,Distributor,Critical,PROD-SMA-96,Smart Home,Omni Speaker,25.0,69.0,CUST-670,Customer 670,Corporate,India,APAC,Mumbai,4,276.0,0.0%,0.00,276.00,100.00,176.00,63.8%,19.85,Standard,Delivered,4
30-01-2025,04-02-2025,BE-12908,Distributor,Medium,PROD-SMA-28,Smart Home,Omni Speaker,25.0,69.0,CUST-849,Customer 849,Corporate,Japan,APAC,Tokyo,13,897.0,20.0%,179.40,717.60,325.00,392.60,54.7%,48.36,Overnight,Delivered,5
24-06-2024,30-06-2024,BE-12909,Distributor,High,PROD-MOB-65,Mobile,Quantum Phone X,400.0,899.0,CUST-588,Customer 588,Consumer,Canada,NA,Toronto,2,1798.0,15.0%,269.70,1528.30,800.00,728.30,47.7%,5.78,Overnight,Delivered,4
06-07-2024,07-07-2024,BE-12910,Online,Critical,PROD-MOB-43,Mobile,Alpha Lite,150.0,349.0,CUST-707,Customer 707,Corporate,UK,EMEA,London,2,698.0,20.0%,139.60,558.40,300.00,258.40,46.3%,5.95,Standard,Delayed,4
02-02-2024,08-02-2024,BE-12911,In-Store,Medium,PROD-SMA-26,Smart Home,Omni Speaker,25.0,69.0,CUST-655,Customer 655,Consumer,Australia,APAC,Sydney,6,414.0,10.0%,41.40,372.60,150.00,222.60,59.7%,22.53,Express,Delayed,4
10-09-2025,17-09-2025,BE-12912,Online,Low,PROD-WEA-72,Wearables,Aura Smart Ring,70.0,199.0,CUST-747,Customer 747,Corporate,India,APAC,Mumbai,1,199.0,0.0%,0.00,199.00,70.00,129.00,64.8%,3.33,Overnight,Delivered,5
16-05-2025,19-05-2025,BE-12913,In-Store,Medium,PROD-AUD-66,Audio,Wave Soundbar,110.0,299.0,CUST-352,Customer 352,Education,Canada,NA,Toronto,3,897.0,5.0%,44.85,852.15,330.00,522.15,61.3%,7.98,Overnight,Delivered,5
06-04-2025,08-04-2025,BE-12914,Distributor,High,PROD-COM-76,Computing,Pro Monitor 27,120.0,279.0,CUST-995,Customer 995,Consumer,France,EMEA,Paris,4,1116.0,0.0%,0.00,1116.00,480.00,636.00,57.0%,17.53,Express,Delivered,2
10-09-2024,14-09-2024,BE-12915,Online,Medium,PROD-COM-47,Computing,Pro Monitor 27,120.0,279.0,CUST-266,Customer 266,Education,Brazil,LATAM,Sao Paulo,6,1674.0,0.0%,0.00,1674.00,720.00,954.00,57.0%,20.42,Standard,Delivered,5
23-11-2024,25-11-2024,BE-12916,Distributor,Critical,PROD-SMA-48,Smart Home,Omni Speaker,25.0,69.0,CUST-849,Customer 849,Corporate,Brazil,LATAM,Sao Paulo,11,759.0,15.0%,113.85,645.15,275.00,370.15,57.4%,46.31,Express,Delivered,4
22-11-2024,26-11-2024,BE-12917,Online,High,PROD-WEA-43,Wearables,FitTrack Watch,50.0,149.0,CUST-661,Customer 661,Corporate,Brazil,LATAM,Sao Paulo,5,745.0,0.0%,0.00,745.00,250.00,495.00,66.4%,16.04,Overnight,Delivered,5
17-11-2025,20-11-2025,BE-12918,In-Store,Medium,PROD-MOB-85,Mobile,Alpha Lite,150.0,349.0,CUST-491,Customer 491,Education,Mexico,LATAM,Mexico City,2,698.0,0.0%,0.00,698.00,300.00,398.00,57.0%,7.57,Express,Delivered,4
13-06-2025,18-06-2025,BE-12919,Distributor,Medium,PROD-WEA-38,Wearables,Aura Smart Ring,70.0,199.0,CUST-443,Customer 443,Corporate,USA,NA,New York,13,2587.0,0.0%,0.00,2587.00,910.00,1677.00,64.8%,55.86,Express,Delayed,1
03-04-2025,07-04-2025,BE-12920,Online,Low,PROD-AUD-30,Audio,NeoBuds Pro,45.0,120.0,CUST-760,Customer 760,Consumer,Japan,APAC,Tokyo,10,1200.0,0.0%,0.00,1200.00,450.00,750.00,62.5%,28.95,Express,Delivered,1
17-10-2024,19-10-2024,BE-12921,In-Store,Medium,PROD-WEA-32,Wearables,FitTrack Watch,50.0,149.0,CUST-655,Customer 655,Consumer,Canada,NA,Toronto,8,1192.0,15.0%,178.80,1013.20,400.00,613.20,60.5%,28.45,Overnight,Delivered,4
07-07-2024,09-07-2024,BE-12922,Online,Medium,PROD-SMA-96,Smart Home,Beacon Camera,35.0,99.0,CUST-458,Customer 458,Education,Australia,APAC,Sydney,2,198.0,10.0%,19.80,178.20,70.00,108.20,60.7%,8.91,Standard,Returned,2
01-06-2025,04-06-2025,BE-12923,In-Store,Medium,PROD-SMA-88,Smart Home,Beacon Camera,35.0,99.0,CUST-450,Customer 450,Education,Brazil,LATAM,Sao Paulo,13,1287.0,0.0%,0.00,1287.00,455.00,832.00,64.7%,55.68,Express,Delivered,1
12-05-2025,14-05-2025,BE-12924,Online,Low,PROD-WEA-35,Wearables,Aura Smart Ring,70.0,199.0,CUST-709,Customer 709,Education,India,APAC,Mumbai,9,1791.0,15.0%,268.65,1522.35,630.00,892.35,58.6%,38.41,Overnight,Delivered,5
12-08-2024,17-08-2024,BE-12925,Online,Medium,PROD-WEA-71,Wearables,FitTrack Watch,50.0,149.0,CUST-760,Customer 760,Education,UK,EMEA,London,9,1341.0,10.0%,134.10,1206.90,450.00,756.90,62.7%,23.85,Overnight,Delivered,4
05-01-2026,07-01-2026,BE-12926,Distributor,Medium,PROD-WEA-60,Wearables,Aura Smart Ring,70.0,199.0,CUST-235,Customer 235,Education,Mexico,LATAM,Mexico City,13,2587.0,0.0%,0.00,2587.00,910.00,1677.00,64.8%,26.82,Express,Delivered,5
27-08-2024,30-08-2024,BE-12927,Distributor,High,PROD-MOB-28,Mobile,Quantum Phone X,400.0,899.0,CUST-608,Customer 608,Consumer,India,APAC,Mumbai,4,3596.0,5.0%,179.80,3416.20,1600.00,1816.20,53.2%,15.08,Standard,Delivered,4
06-02-2026,08-02-2026,BE-12928,Online,Medium,PROD-WEA-41,Wearables,FitTrack Watch,50.0,149.0,CUST-514,Customer 514,Corporate,Mexico,LATAM,Mexico City,5,745.0,20.0%,149.00,596.00,250.00,346.00,58.1%,22.37,Overnight,Delivered,2
04-04-2024,06-04-2024,BE-12929,Online,Medium,PROD-COM-32,Computing,Apex Desktop,750.0,1599.0,CUST-179,Customer 179,Consumer,France,EMEA,Paris,2,3198.0,10.0%,319.80,2878.20,1500.00,1378.20,47.9%,4.79,Standard,Delivered,5
19-01-2025,26-01-2025,BE-12930,Distributor,Low,PROD-SMA-91,Smart Home,Beacon Camera,35.0,99.0,CUST-535,Customer 535,Education,Brazil,LATAM,Sao Paulo,13,1287.0,15.0%,193.05,1093.95,455.00,638.95,58.4%,47.28,Standard,Delivered,4
23-01-2026,25-01-2026,BE-12931,In-Store,Low,PROD-SMA-31,Smart Home,Omni Speaker,25.0,69.0,CUST-282,Customer 282,Corporate,India,APAC,Mumbai,13,897.0,0.0%,0.00,897.00,325.00,572.00,63.8%,27.23,Express,Delivered,4
02-02-2025,03-02-2025,BE-12932,Distributor,Critical,PROD-WEA-91,Wearables,Aura Smart Ring,70.0,199.0,CUST-540,Customer 540,Corporate,Canada,NA,Toronto,3,597.0,0.0%,0.00,597.00,210.00,387.00,64.8%,14.54,Express,Delivered,5
13-03-2024,14-03-2024,BE-12933,In-Store,Medium,PROD-COM-31,Computing,Pro Monitor 27,120.0,279.0,CUST-485,Customer 485,Corporate,Germany,EMEA,Berlin,3,837.0,15.0%,125.55,711.45,360.00,351.45,49.4%,6.44,Standard,Delivered,3
18-04-2025,21-04-2025,BE-12934,Distributor,Medium,PROD-MOB-54,Mobile,Alpha Lite,150.0,349.0,CUST-441,Customer 441,Education,Canada,NA,Toronto,4,1396.0,5.0%,69.80,1326.20,600.00,726.20,54.8%,9.37,Standard,Delayed,4
22-03-2024,27-03-2024,BE-12935,In-Store,High,PROD-WEA-56,Wearables,Aura Smart Ring,70.0,199.0,CUST-743,Customer 743,Corporate,USA,NA,New York,5,995.0,5.0%,49.75,945.25,350.00,595.25,63.0%,20.94,Overnight,Delivered,5
22-05-2026,24-05-2026,BE-12936,Distributor,Medium,PROD-AUD-68,Audio,Aero Headphones,80.0,199.0,CUST-144,Customer 144,Education,UK,EMEA,London,9,1791.0,10.0%,179.10,1611.90,720.00,891.90,55.3%,27.90,Overnight,Delivered,5
17-01-2026,18-01-2026,BE-12937,In-Store,Low,PROD-WEA-13,Wearables,FitTrack Watch,50.0,149.0,CUST-251,Customer 251,Consumer,Canada,NA,Toronto,13,1937.0,0.0%,0.00,1937.00,650.00,1287.00,66.4%,60.61,Standard,Delivered,3
07-01-2026,10-01-2026,BE-12938,In-Store,Medium,PROD-COM-10,Computing,Titan Laptop,600.0,1299.0,CUST-451,Customer 451,Education,India,APAC,Mumbai,3,3897.0,5.0%,194.85,3702.15,1800.00,1902.15,51.4%,12.75,Express,Delivered,4
19-02-2026,24-02-2026,BE-12939,Online,Low,PROD-AUD-27,Audio,Aero Headphones,80.0,199.0,CUST-424,Customer 424,Consumer,Brazil,LATAM,Sao Paulo,4,796.0,0.0%,0.00,796.00,320.00,476.00,59.8%,11.16,Express,Delivered,5
25-11-2025,28-11-2025,BE-12940,In-Store,Medium,PROD-SMA-82,Smart Home,Beacon Camera,35.0,99.0,CUST-940,Customer 940,Corporate,France,EMEA,Paris,11,1089.0,0.0%,0.00,1089.00,385.00,704.00,64.7%,43.90,Overnight,Delivered,4
15-06-2025,18-06-2025,BE-12941,Distributor,Medium,PROD-COM-73,Computing,Titan Laptop,600.0,1299.0,CUST-867,Customer 867,Education,Mexico,LATAM,Mexico City,11,14289.0,0.0%,0.00,14289.00,6600.00,7689.00,53.8%,52.53,Express,Delivered,3
22-02-2024,26-02-2024,BE-12942,Online,Medium,PROD-COM-20,Computing,Titan Laptop,600.0,1299.0,CUST-108,Customer 108,Corporate,India,APAC,Mumbai,8,10392.0,5.0%,519.60,9872.40,4800.00,5072.40,51.4%,33.48,Standard,Delivered,4
25-06-2024,30-06-2024,BE-12943,In-Store,High,PROD-WEA-24,Wearables,FitTrack Watch,50.0,149.0,CUST-231,Customer 231,Education,India,APAC,Mumbai,8,1192.0,10.0%,119.20,1072.80,400.00,672.80,62.7%,25.94,Express,Delivered,5
07-10-2025,13-10-2025,BE-12944,Online,Medium,PROD-COM-40,Computing,Titan Laptop,600.0,1299.0,CUST-539,Customer 539,Education,Germany,EMEA,Berlin,5,6495.0,0.0%,0.00,6495.00,3000.00,3495.00,53.8%,10.74,Overnight,Delivered,4
23-12-2024,30-12-2024,BE-12945,Online,Medium,PROD-AUD-39,Audio,Aero Headphones,80.0,199.0,CUST-262,Customer 262,Corporate,Mexico,LATAM,Mexico City,9,1791.0,15.0%,268.65,1522.35,720.00,802.35,52.7%,25.81,Express,Delivered,3
15-06-2024,16-06-2024,BE-12946,Distributor,Low,PROD-SMA-82,Smart Home,Omni Speaker,25.0,69.0,CUST-862,Customer 862,Education,Brazil,LATAM,Sao Paulo,14,966.0,10.0%,96.60,869.40,350.00,519.40,59.7%,46.06,Express,Delivered,5
20-01-2024,26-01-2024,BE-12947,Online,Critical,PROD-COM-91,Computing,Apex Desktop,750.0,1599.0,CUST-374,Customer 374,Corporate,Mexico,LATAM,Mexico City,11,17589.0,5.0%,879.45,16709.55,8250.00,8459.55,50.6%,41.77,Overnight,Delivered,4
07-01-2024,11-01-2024,BE-12948,Distributor,Medium,PROD-MOB-48,Mobile,Quantum Phone X,400.0,899.0,CUST-225,Customer 225,Consumer,Australia,APAC,Sydney,6,5394.0,15.0%,809.10,4584.90,2400.00,2184.90,47.7%,17.83,Overnight,Delivered,4
20-10-2025,23-10-2025,BE-12949,Distributor,Medium,PROD-WEA-81,Wearables,FitTrack Watch,50.0,149.0,CUST-743,Customer 743,Consumer,Mexico,LATAM,Mexico City,4,596.0,0.0%,0.00,596.00,200.00,396.00,66.4%,10.12,Express,Delivered,1
02-05-2024,06-05-2024,BE-12950,In-Store,Medium,PROD-WEA-60,Wearables,Aura Smart Ring,70.0,199.0,CUST-156,Customer 156,Consumer,UK,EMEA,London,2,398.0,0.0%,0.00,398.00,140.00,258.00,64.8%,9.60,Overnight,Delivered,4
30-10-2024,03-11-2024,BE-12951,In-Store,Medium,PROD-MOB-30,Mobile,Alpha Lite,150.0,349.0,CUST-922,Customer 922,Corporate,USA,NA,New York,3,1047.0,0.0%,0.00,1047.00,450.00,597.00,57.0%,12.55,Standard,Delivered,3
22-08-2025,24-08-2025,BE-12952,Distributor,Medium,PROD-SMA-98,Smart Home,Beacon Camera,35.0,99.0,CUST-473,Customer 473,Education,Australia,APAC,Sydney,3,297.0,15.0%,44.55,252.45,105.00,147.45,58.4%,10.41,Overnight,Delivered,5
05-02-2025,07-02-2025,BE-12953,Online,High,PROD-SMA-54,Smart Home,Beacon Camera,35.0,99.0,CUST-881,Customer 881,Education,Japan,APAC,Tokyo,2,198.0,0.0%,0.00,198.00,70.00,128.00,64.7%,4.63,Overnight,Delivered,3
16-08-2024,19-08-2024,BE-12954,In-Store,Low,PROD-COM-33,Computing,Pro Monitor 27,120.0,279.0,CUST-947,Customer 947,Corporate,USA,NA,Los Angeles,12,3348.0,10.0%,334.80,3013.20,1440.00,1573.20,52.2%,37.89,Standard,Delivered,5
01-04-2025,04-04-2025,BE-12955,In-Store,High,PROD-MOB-15,Mobile,Quantum Phone X,400.0,899.0,CUST-987,Customer 987,Education,UK,EMEA,London,3,2697.0,0.0%,0.00,2697.00,1200.00,1497.00,55.5%,9.04,Express,Delivered,5
30-08-2024,01-09-2024,BE-12956,In-Store,Critical,PROD-MOB-95,Mobile,Alpha Lite,150.0,349.0,CUST-717,Customer 717,Education,India,APAC,Mumbai,8,2792.0,0.0%,0.00,2792.00,1200.00,1592.00,57.0%,31.01,Standard,Delayed,4
04-12-2024,08-12-2024,BE-12957,Online,Medium,PROD-MOB-48,Mobile,Alpha Lite,150.0,349.0,CUST-675,Customer 675,Education,Canada,NA,Toronto,6,2094.0,5.0%,104.70,1989.30,900.00,1089.30,54.8%,23.62,Standard,Delivered,3
14-01-2024,17-01-2024,BE-12958,Online,Medium,PROD-COM-45,Computing,Titan Laptop,600.0,1299.0,CUST-680,Customer 680,Corporate,Canada,NA,Toronto,5,6495.0,0.0%,0.00,6495.00,3000.00,3495.00,53.8%,14.89,Standard,Delivered,4
01-04-2026,02-04-2026,BE-12959,Online,High,PROD-WEA-23,Wearables,FitTrack Watch,50.0,149.0,CUST-459,Customer 459,Education,UK,EMEA,London,12,1788.0,20.0%,357.60,1430.40,600.00,830.40,58.1%,55.83,Standard,Delivered,5
09-06-2025,11-06-2025,BE-12960,Online,Medium,PROD-WEA-71,Wearables,FitTrack Watch,50.0,149.0,CUST-631,Customer 631,Corporate,Brazil,LATAM,Sao Paulo,2,298.0,0.0%,0.00,298.00,100.00,198.00,66.4%,9.37,Standard,Delivered,4
09-04-2024,13-04-2024,BE-12961,In-Store,Medium,PROD-COM-48,Computing,Pro Monitor 27,120.0,279.0,CUST-899,Customer 899,Corporate,Brazil,LATAM,Sao Paulo,11,3069.0,5.0%,153.45,2915.55,1320.00,1595.55,54.7%,26.30,Standard,Delivered,5
24-11-2024,28-11-2024,BE-12962,Online,Critical,PROD-SMA-24,Smart Home,Omni Speaker,25.0,69.0,CUST-433,Customer 433,Corporate,UK,EMEA,London,9,621.0,0.0%,0.00,621.00,225.00,396.00,63.8%,29.93,Standard,Delivered,5
16-05-2024,17-05-2024,BE-12963,Distributor,High,PROD-WEA-49,Wearables,FitTrack Watch,50.0,149.0,CUST-993,Customer 993,Corporate,France,EMEA,Paris,5,745.0,10.0%,74.50,670.50,250.00,420.50,62.7%,24.05,Standard,Delivered,5
08-10-2024,10-10-2024,BE-12964,Online,Medium,PROD-WEA-15,Wearables,Aura Smart Ring,70.0,199.0,CUST-730,Customer 730,Corporate,UK,EMEA,London,9,1791.0,10.0%,179.10,1611.90,630.00,981.90,60.9%,42.25,Overnight,Delayed,2
27-03-2026,28-03-2026,BE-12965,In-Store,Medium,PROD-WEA-72,Wearables,FitTrack Watch,50.0,149.0,CUST-571,Customer 571,Corporate,Canada,NA,Toronto,1,149.0,5.0%,7.45,141.55,50.00,91.55,64.7%,3.42,Overnight,Delivered,5
18-05-2025,22-05-2025,BE-12966,Online,Medium,PROD-WEA-92,Wearables,Aura Smart Ring,70.0,199.0,CUST-299,Customer 299,Consumer,Germany,EMEA,Berlin,14,2786.0,10.0%,278.60,2507.40,980.00,1527.40,60.9%,38.62,Overnight,Delivered,4
18-01-2026,22-01-2026,BE-12967,In-Store,Medium,PROD-MOB-30,Mobile,Quantum Phone X,400.0,899.0,CUST-403,Customer 403,Education,Brazil,LATAM,Sao Paulo,11,9889.0,0.0%,0.00,9889.00,4400.00,5489.00,55.5%,29.65,Overnight,Delivered,4
17-11-2025,20-11-2025,BE-12968,In-Store,Medium,PROD-MOB-29,Mobile,Alpha Lite,150.0,349.0,CUST-705,Customer 705,Education,Germany,EMEA,Berlin,13,4537.0,0.0%,0.00,4537.00,1950.00,2587.00,57.0%,32.97,Overnight,Delivered,4
11-01-2025,17-01-2025,BE-12969,Distributor,Low,PROD-MOB-98,Mobile,Alpha Lite,150.0,349.0,CUST-887,Customer 887,Education,Germany,EMEA,Berlin,3,1047.0,0.0%,0.00,1047.00,450.00,597.00,57.0%,11.38,Express,Delivered,5
28-11-2024,02-12-2024,BE-12970,In-Store,Medium,PROD-MOB-47,Mobile,Alpha Lite,150.0,349.0,CUST-994,Customer 994,Corporate,USA,NA,New York,11,3839.0,0.0%,0.00,3839.00,1650.00,2189.00,57.0%,27.96,Express,Delivered,4
26-02-2025,01-03-2025,BE-12971,In-Store,High,PROD-MOB-24,Mobile,Alpha Lite,150.0,349.0,CUST-991,Customer 991,Corporate,Brazil,LATAM,Sao Paulo,5,1745.0,0.0%,0.00,1745.00,750.00,995.00,57.0%,20.54,Overnight,Delivered,5
10-04-2026,14-04-2026,BE-12972,Distributor,Low,PROD-COM-41,Computing,Pro Monitor 27,120.0,279.0,CUST-833,Customer 833,Corporate,France,EMEA,Paris,1,279.0,0.0%,0.00,279.00,120.00,159.00,57.0%,3.95,Express,Delivered,4
11-09-2024,17-09-2024,BE-12973,In-Store,Medium,PROD-MOB-78,Mobile,Alpha Lite,150.0,349.0,CUST-296,Customer 296,Consumer,Japan,APAC,Tokyo,5,1745.0,0.0%,0.00,1745.00,750.00,995.00,57.0%,14.46,Standard,Delivered,4
30-12-2025,02-01-2026,BE-12974,Distributor,Medium,PROD-COM-29,Computing,Apex Desktop,750.0,1599.0,CUST-510,Customer 510,Corporate,Brazil,LATAM,Sao Paulo,10,15990.0,0.0%,0.00,15990.00,7500.00,8490.00,53.1%,40.41,Overnight,Delivered,2
30-04-2024,07-05-2024,BE-12975,In-Store,Medium,PROD-SMA-25,Smart Home,Beacon Camera,35.0,99.0,CUST-748,Customer 748,Corporate,USA,NA,Los Angeles,12,1188.0,0.0%,0.00,1188.00,420.00,768.00,64.7%,53.22,Express,Delivered,4
26-10-2024,02-11-2024,BE-12976,Online,Medium,PROD-COM-50,Computing,Apex Desktop,750.0,1599.0,CUST-975,Customer 975,Education,India,APAC,Mumbai,6,9594.0,5.0%,479.70,9114.30,4500.00,4614.30,50.6%,29.31,Express,Delivered,5
14-06-2025,18-06-2025,BE-12977,Online,Medium,PROD-AUD-14,Audio,NeoBuds Pro,45.0,120.0,CUST-237,Customer 237,Consumer,Canada,NA,Toronto,6,720.0,0.0%,0.00,720.00,270.00,450.00,62.5%,24.40,Standard,Delivered,4
26-05-2026,27-05-2026,BE-12978,Online,Medium,PROD-COM-94,Computing,Pro Monitor 27,120.0,279.0,CUST-831,Customer 831,Consumer,India,APAC,Mumbai,1,279.0,5.0%,13.95,265.05,120.00,145.05,54.7%,4.23,Overnight,Delivered,4
16-02-2025,18-02-2025,BE-12979,Distributor,Medium,PROD-WEA-67,Wearables,Aura Smart Ring,70.0,199.0,CUST-627,Customer 627,Consumer,USA,NA,New York,1,199.0,5.0%,9.95,189.05,70.00,119.05,63.0%,4.98,Standard,Delivered,5
29-12-2025,30-12-2025,BE-12980,Online,High,PROD-SMA-21,Smart Home,Beacon Camera,35.0,99.0,CUST-670,Customer 670,Corporate,Mexico,LATAM,Mexico City,14,1386.0,0.0%,0.00,1386.00,490.00,896.00,64.7%,64.00,Standard,Returned,5
28-07-2025,31-07-2025,BE-12981,In-Store,Medium,PROD-MOB-91,Mobile,Alpha Lite,150.0,349.0,CUST-837,Customer 837,Education,USA,NA,Los Angeles,14,4886.0,0.0%,0.00,4886.00,2100.00,2786.00,57.0%,31.27,Standard,Delayed,5
21-03-2024,24-03-2024,BE-12982,Distributor,High,PROD-MOB-45,Mobile,Alpha Lite,150.0,349.0,CUST-379,Customer 379,Education,France,EMEA,Paris,12,4188.0,10.0%,418.80,3769.20,1800.00,1969.20,52.2%,51.45,Overnight,Delivered,4
17-06-2026,19-06-2026,BE-12983,Online,Medium,PROD-COM-18,Computing,Pro Monitor 27,120.0,279.0,CUST-971,Customer 971,Education,Brazil,LATAM,Sao Paulo,13,3627.0,5.0%,181.35,3445.65,1560.00,1885.65,54.7%,31.57,Standard,Delivered,4
20-01-2025,24-01-2025,BE-12984,Distributor,Low,PROD-SMA-96,Smart Home,Beacon Camera,35.0,99.0,CUST-878,Customer 878,Corporate,India,APAC,Mumbai,2,198.0,0.0%,0.00,198.00,70.00,128.00,64.7%,9.61,Overnight,Delayed,3
03-02-2025,07-02-2025,BE-12985,Distributor,Medium,PROD-WEA-72,Wearables,Aura Smart Ring,70.0,199.0,CUST-694,Customer 694,Education,Japan,APAC,Tokyo,11,2189.0,0.0%,0.00,2189.00,770.00,1419.00,64.8%,35.09,Overnight,Returned,3
28-02-2025,01-03-2025,BE-12986,In-Store,Medium,PROD-MOB-29,Mobile,Alpha Lite,150.0,349.0,CUST-559,Customer 559,Education,Canada,NA,Toronto,10,3490.0,5.0%,174.50,3315.50,1500.00,1815.50,54.8%,45.50,Standard,Returned,5
18-02-2025,20-02-2025,BE-12987,Distributor,High,PROD-SMA-50,Smart Home,Beacon Camera,35.0,99.0,CUST-210,Customer 210,Corporate,Japan,APAC,Tokyo,14,1386.0,5.0%,69.30,1316.70,490.00,826.70,62.8%,41.27,Overnight,Delivered,5
20-03-2026,23-03-2026,BE-12988,Online,Medium,PROD-WEA-38,Wearables,FitTrack Watch,50.0,149.0,CUST-148,Customer 148,Education,India,APAC,Mumbai,9,1341.0,0.0%,0.00,1341.00,450.00,891.00,66.4%,31.43,Standard,Delivered,3
21-04-2026,23-04-2026,BE-12989,In-Store,Medium,PROD-SMA-30,Smart Home,Omni Speaker,25.0,69.0,CUST-361,Customer 361,Consumer,UK,EMEA,London,9,621.0,0.0%,0.00,621.00,225.00,396.00,63.8%,43.34,Overnight,Delivered,5
12-05-2024,16-05-2024,BE-12990,In-Store,Medium,PROD-AUD-83,Audio,Wave Soundbar,110.0,299.0,CUST-540,Customer 540,Consumer,USA,NA,Los Angeles,1,299.0,10.0%,29.90,269.10,110.00,159.10,59.1%,3.91,Standard,Returned,5
28-04-2024,01-05-2024,BE-12991,In-Store,Medium,PROD-WEA-64,Wearables,Aura Smart Ring,70.0,199.0,CUST-983,Customer 983,Consumer,Canada,NA,Toronto,7,1393.0,10.0%,139.30,1253.70,490.00,763.70,60.9%,23.10,Standard,Delivered,5
10-12-2024,16-12-2024,BE-12992,Online,Medium,PROD-COM-33,Computing,Titan Laptop,600.0,1299.0,CUST-926,Customer 926,Corporate,Germany,EMEA,Berlin,6,7794.0,0.0%,0.00,7794.00,3600.00,4194.00,53.8%,25.82,Overnight,Delivered,5
27-02-2025,02-03-2025,BE-12993,Online,Critical,PROD-MOB-24,Mobile,Alpha Lite,150.0,349.0,CUST-506,Customer 506,Consumer,USA,NA,Los Angeles,11,3839.0,20.0%,767.80,3071.20,1650.00,1421.20,46.3%,31.11,Overnight,Delivered,5
07-03-2026,09-03-2026,BE-12994,In-Store,Medium,PROD-COM-60,Computing,Titan Laptop,600.0,1299.0,CUST-615,Customer 615,Corporate,UK,EMEA,London,9,11691.0,0.0%,0.00,11691.00,5400.00,6291.00,53.8%,36.99,Standard,Delivered,4
12-03-2026,18-03-2026,BE-12995,Online,Medium,PROD-WEA-94,Wearables,Aura Smart Ring,70.0,199.0,CUST-989,Customer 989,Corporate,UK,EMEA,London,9,1791.0,5.0%,89.55,1701.45,630.00,1071.45,63.0%,40.04,Standard,Delivered,3
08-10-2025,12-10-2025,BE-12996,Distributor,Medium,PROD-AUD-58,Audio,NeoBuds Pro,45.0,120.0,CUST-700,Customer 700,Corporate,Mexico,LATAM,Mexico City,2,240.0,0.0%,0.00,240.00,90.00,150.00,62.5%,7.86,Express,Delivered,4
22-06-2024,24-06-2024,BE-12997,Online,Medium,PROD-MOB-82,Mobile,Alpha Lite,150.0,349.0,CUST-472,Customer 472,Education,Japan,APAC,Tokyo,4,1396.0,20.0%,279.20,1116.80,600.00,516.80,46.3%,12.42,Standard,Delivered,5
18-12-2024,21-12-2024,BE-12998,In-Store,Critical,PROD-WEA-70,Wearables,FitTrack Watch,50.0,149.0,CUST-848,Customer 848,Education,USA,NA,Los Angeles,9,1341.0,0.0%,0.00,1341.00,450.00,891.00,66.4%,40.40,Express,Delivered,4
03-10-2025,10-10-2025,BE-12999,Online,High,PROD-AUD-41,Audio,Aero Headphones,80.0,199.0,CUST-391,Customer 391,Consumer,Canada,NA,Toronto,12,2388.0,0.0%,0.00,2388.00,960.00,1428.00,59.8%,57.36,Express,Delivered,4
19-02-2026,21-02-2026,BE-13000,Distributor,High,PROD-MOB-22,Mobile,Alpha Lite,150.0,349.0,CUST-644,Customer 644,Consumer,UK,EMEA,London,1,349.0,0.0%,0.00,349.00,150.00,199.00,57.0%,2.63,Standard,Delivered,4
